2025-11-30 18:24:29.723 [main] INFO  c.u.b.UdipsaiBackendApplication - Starting UdipsaiBackendApplication v0.0.1-SNAPSHOT using Java 17.0.17 with PID 15660 (C:\Users\Usuario\Downloads\vinculacion\sistema-web-turnos-udipsai\sistema-web-turnos-udipsai\backend\udipsai-backend\target\udipsai-backend-0.0.1-SNAPSHOT.jar started by Usuario in C:\Users\Usuario\Downloads\vinculacion\sistema-web-turnos-udipsai\sistema-web-turnos-udipsai\backend\udipsai-backend)
2025-11-30 18:24:29.767 [main] DEBUG c.u.b.UdipsaiBackendApplication - Running with Spring Boot v3.3.1, Spring v6.1.10
2025-11-30 18:24:29.771 [main] INFO  c.u.b.UdipsaiBackendApplication - No active profile set, falling back to 1 default profile: "default"
2025-11-30 18:24:38.066 [main] INFO  o.s.d.r.c.RepositoryConfigurationDelegate - Bootstrapping Spring Data JPA repositories in DEFAULT mode.
2025-11-30 18:24:38.672 [main] INFO  o.s.d.r.c.RepositoryConfigurationDelegate - Finished Spring Data repository scanning in 548 ms. Found 13 JPA repository interfaces.
2025-11-30 18:24:43.146 [main] INFO  o.s.b.w.e.tomcat.TomcatWebServer - Tomcat initialized with port 8080 (http)
2025-11-30 18:24:43.192 [main] INFO  o.a.catalina.core.StandardService - Starting service [Tomcat]
2025-11-30 18:24:43.193 [main] INFO  o.a.catalina.core.StandardEngine - Starting Servlet engine: [Apache Tomcat/10.1.25]
2025-11-30 18:24:43.384 [main] INFO  o.a.c.c.C.[Tomcat].[localhost].[/] - Initializing Spring embedded WebApplicationContext
2025-11-30 18:24:43.390 [main] INFO  o.s.b.w.s.c.ServletWebServerApplicationContext - Root WebApplicationContext: initialization completed in 13208 ms
2025-11-30 18:24:44.934 [main] INFO  com.zaxxer.hikari.HikariDataSource - HikariPool-1 - Starting...
2025-11-30 18:24:47.898 [main] INFO  o.h.jpa.internal.util.LogHelper - HHH000204: Processing PersistenceUnitInfo [name: default]
2025-11-30 18:24:48.257 [main] INFO  org.hibernate.Version - HHH000412: Hibernate ORM core version 6.5.2.Final
2025-11-30 18:24:48.466 [main] INFO  o.h.c.i.RegionFactoryInitiator - HHH000026: Second-level cache disabled
2025-11-30 18:24:49.927 [main] INFO  o.s.o.j.p.SpringPersistenceUnitInfo - No LoadTimeWeaver setup: ignoring JPA class transformer
2025-11-30 18:24:50.083 [main] INFO  com.zaxxer.hikari.HikariDataSource - HikariPool-1 - Starting...
2025-11-30 18:24:51.268 [main] WARN  o.h.e.j.e.i.JdbcEnvironmentInitiator - HHH000342: Could not obtain connection to query metadata
java.lang.NullPointerException: Cannot invoke "org.hibernate.engine.jdbc.spi.SqlExceptionHelper.convert(java.sql.SQLException, String)" because the return value of "org.hibernate.resource.transaction.backend.jdbc.internal.JdbcIsolationDelegate.sqlExceptionHelper()" is null
	at org.hibernate.resource.transaction.backend.jdbc.internal.JdbcIsolationDelegate.delegateWork(JdbcIsolationDelegate.java:116)
	at org.hibernate.engine.jdbc.env.internal.JdbcEnvironmentInitiator.getJdbcEnvironmentUsingJdbcMetadata(JdbcEnvironmentInitiator.java:290)
	at org.hibernate.engine.jdbc.env.internal.JdbcEnvironmentInitiator.initiateService(JdbcEnvironmentInitiator.java:123)
	at org.hibernate.engine.jdbc.env.internal.JdbcEnvironmentInitiator.initiateService(JdbcEnvironmentInitiator.java:77)
	at org.hibernate.boot.registry.internal.StandardServiceRegistryImpl.initiateService(StandardServiceRegistryImpl.java:130)
	at org.hibernate.service.internal.AbstractServiceRegistryImpl.createService(AbstractServiceRegistryImpl.java:263)
	at org.hibernate.service.internal.AbstractServiceRegistryImpl.initializeService(AbstractServiceRegistryImpl.java:238)
	at org.hibernate.service.internal.AbstractServiceRegistryImpl.getService(AbstractServiceRegistryImpl.java:215)
	at org.hibernate.boot.model.relational.Database.<init>(Database.java:45)
	at org.hibernate.boot.internal.InFlightMetadataCollectorImpl.getDatabase(InFlightMetadataCollectorImpl.java:221)
	at org.hibernate.boot.internal.InFlightMetadataCollectorImpl.<init>(InFlightMetadataCollectorImpl.java:189)
	at org.hibernate.boot.model.process.spi.MetadataBuildingProcess.complete(MetadataBuildingProcess.java:171)
	at org.hibernate.jpa.boot.internal.EntityManagerFactoryBuilderImpl.metadata(EntityManagerFactoryBuilderImpl.java:1431)
	at org.hibernate.jpa.boot.internal.EntityManagerFactoryBuilderImpl.build(EntityManagerFactoryBuilderImpl.java:1502)
	at org.springframework.orm.jpa.vendor.SpringHibernateJpaPersistenceProvider.createContainerEntityManagerFactory(SpringHibernateJpaPersistenceProvider.java:75)
	at org.springframework.orm.jpa.LocalContainerEntityManagerFactoryBean.createNativeEntityManagerFactory(LocalContainerEntityManagerFactoryBean.java:390)
	at org.springframework.orm.jpa.AbstractEntityManagerFactoryBean.buildNativeEntityManagerFactory(AbstractEntityManagerFactoryBean.java:409)
	at org.springframework.orm.jpa.AbstractEntityManagerFactoryBean.afterPropertiesSet(AbstractEntityManagerFactoryBean.java:396)
	at org.springframework.orm.jpa.LocalContainerEntityManagerFactoryBean.afterPropertiesSet(LocalContainerEntityManagerFactoryBean.java:366)
	at org.springframework.beans.factory.support.AbstractAutowireCapableBeanFactory.invokeInitMethods(AbstractAutowireCapableBeanFactory.java:1835)
	at org.springframework.beans.factory.support.AbstractAutowireCapableBeanFactory.initializeBean(AbstractAutowireCapableBeanFactory.java:1784)
	at org.springframework.beans.factory.support.AbstractAutowireCapableBeanFactory.doCreateBean(AbstractAutowireCapableBeanFactory.java:600)
	at org.springframework.beans.factory.support.AbstractAutowireCapableBeanFactory.createBean(AbstractAutowireCapableBeanFactory.java:522)
	at org.springframework.beans.factory.support.AbstractBeanFactory.lambda$doGetBean$0(AbstractBeanFactory.java:337)
	at org.springframework.beans.factory.support.DefaultSingletonBeanRegistry.getSingleton(DefaultSingletonBeanRegistry.java:234)
	at org.springframework.beans.factory.support.AbstractBeanFactory.doGetBean(AbstractBeanFactory.java:335)
	at org.springframework.beans.factory.support.AbstractBeanFactory.getBean(AbstractBeanFactory.java:200)
	at org.springframework.beans.factory.support.BeanDefinitionValueResolver.resolveReference(BeanDefinitionValueResolver.java:365)
	at org.springframework.beans.factory.support.BeanDefinitionValueResolver.resolveValueIfNecessary(BeanDefinitionValueResolver.java:135)
	at org.springframework.beans.factory.support.ConstructorResolver.resolveConstructorArguments(ConstructorResolver.java:682)
	at org.springframework.beans.factory.support.ConstructorResolver.instantiateUsingFactoryMethod(ConstructorResolver.java:509)
	at org.springframework.beans.factory.support.AbstractAutowireCapableBeanFactory.instantiateUsingFactoryMethod(AbstractAutowireCapableBeanFactory.java:1337)
	at org.springframework.beans.factory.support.AbstractAutowireCapableBeanFactory.createBeanInstance(AbstractAutowireCapableBeanFactory.java:1167)
	at org.springframework.beans.factory.support.AbstractAutowireCapableBeanFactory.doCreateBean(AbstractAutowireCapableBeanFactory.java:562)
	at org.springframework.beans.factory.support.AbstractAutowireCapableBeanFactory.createBean(AbstractAutowireCapableBeanFactory.java:522)
	at org.springframework.beans.factory.support.AbstractBeanFactory.lambda$doGetBean$0(AbstractBeanFactory.java:337)
	at org.springframework.beans.factory.support.DefaultSingletonBeanRegistry.getSingleton(DefaultSingletonBeanRegistry.java:234)
	at org.springframework.beans.factory.support.AbstractBeanFactory.doGetBean(AbstractBeanFactory.java:335)
	at org.springframework.beans.factory.support.AbstractBeanFactory.getBean(AbstractBeanFactory.java:200)
	at org.springframework.beans.factory.support.BeanDefinitionValueResolver.resolveReference(BeanDefinitionValueResolver.java:365)
	at org.springframework.beans.factory.support.BeanDefinitionValueResolver.resolveValueIfNecessary(BeanDefinitionValueResolver.java:135)
	at org.springframework.beans.factory.support.AbstractAutowireCapableBeanFactory.applyPropertyValues(AbstractAutowireCapableBeanFactory.java:1687)
	at org.springframework.beans.factory.support.AbstractAutowireCapableBeanFactory.populateBean(AbstractAutowireCapableBeanFactory.java:1436)
	at org.springframework.beans.factory.support.AbstractAutowireCapableBeanFactory.doCreateBean(AbstractAutowireCapableBeanFactory.java:599)
	at org.springframework.beans.factory.support.AbstractAutowireCapableBeanFactory.createBean(AbstractAutowireCapableBeanFactory.java:522)
	at org.springframework.beans.factory.support.AbstractBeanFactory.lambda$doGetBean$0(AbstractBeanFactory.java:337)
	at org.springframework.beans.factory.support.DefaultSingletonBeanRegistry.getSingleton(DefaultSingletonBeanRegistry.java:234)
	at org.springframework.beans.factory.support.AbstractBeanFactory.doGetBean(AbstractBeanFactory.java:335)
	at org.springframework.beans.factory.support.AbstractBeanFactory.getBean(AbstractBeanFactory.java:200)
	at org.springframework.beans.factory.config.DependencyDescriptor.resolveCandidate(DependencyDescriptor.java:254)
	at org.springframework.beans.factory.support.DefaultListableBeanFactory.doResolveDependency(DefaultListableBeanFactory.java:1443)
	at org.springframework.beans.factory.support.DefaultListableBeanFactory.resolveDependency(DefaultListableBeanFactory.java:1353)
	at org.springframework.beans.factory.support.ConstructorResolver.resolveAutowiredArgument(ConstructorResolver.java:904)
	at org.springframework.beans.factory.support.ConstructorResolver.createArgumentArray(ConstructorResolver.java:782)
	at org.springframework.beans.factory.support.ConstructorResolver.autowireConstructor(ConstructorResolver.java:237)
	at org.springframework.beans.factory.support.AbstractAutowireCapableBeanFactory.autowireConstructor(AbstractAutowireCapableBeanFactory.java:1357)
	at org.springframework.beans.factory.support.AbstractAutowireCapableBeanFactory.createBeanInstance(AbstractAutowireCapableBeanFactory.java:1194)
	at org.springframework.beans.factory.support.AbstractAutowireCapableBeanFactory.doCreateBean(AbstractAutowireCapableBeanFactory.java:562)
	at org.springframework.beans.factory.support.AbstractAutowireCapableBeanFactory.createBean(AbstractAutowireCapableBeanFactory.java:522)
	at org.springframework.beans.factory.support.AbstractBeanFactory.lambda$doGetBean$0(AbstractBeanFactory.java:337)
	at org.springframework.beans.factory.support.DefaultSingletonBeanRegistry.getSingleton(DefaultSingletonBeanRegistry.java:234)
	at org.springframework.beans.factory.support.AbstractBeanFactory.doGetBean(AbstractBeanFactory.java:335)
	at org.springframework.beans.factory.support.AbstractBeanFactory.getBean(AbstractBeanFactory.java:200)
	at org.springframework.beans.factory.config.DependencyDescriptor.resolveCandidate(DependencyDescriptor.java:254)
	at org.springframework.beans.factory.support.DefaultListableBeanFactory.doResolveDependency(DefaultListableBeanFactory.java:1443)
	at org.springframework.beans.factory.support.DefaultListableBeanFactory.resolveDependency(DefaultListableBeanFactory.java:1353)
	at org.springframework.beans.factory.annotation.AutowiredAnnotationBeanPostProcessor$AutowiredFieldElement.resolveFieldValue(AutowiredAnnotationBeanPostProcessor.java:784)
	at org.springframework.beans.factory.annotation.AutowiredAnnotationBeanPostProcessor$AutowiredFieldElement.inject(AutowiredAnnotationBeanPostProcessor.java:767)
	at org.springframework.beans.factory.annotation.InjectionMetadata.inject(InjectionMetadata.java:145)
	at org.springframework.beans.factory.annotation.AutowiredAnnotationBeanPostProcessor.postProcessProperties(AutowiredAnnotationBeanPostProcessor.java:508)
	at org.springframework.beans.factory.support.AbstractAutowireCapableBeanFactory.populateBean(AbstractAutowireCapableBeanFactory.java:1421)
	at org.springframework.beans.factory.support.AbstractAutowireCapableBeanFactory.doCreateBean(AbstractAutowireCapableBeanFactory.java:599)
	at org.springframework.beans.factory.support.AbstractAutowireCapableBeanFactory.createBean(AbstractAutowireCapableBeanFactory.java:522)
	at org.springframework.beans.factory.support.AbstractBeanFactory.lambda$doGetBean$0(AbstractBeanFactory.java:337)
	at org.springframework.beans.factory.support.DefaultSingletonBeanRegistry.getSingleton(DefaultSingletonBeanRegistry.java:234)
	at org.springframework.beans.factory.support.AbstractBeanFactory.doGetBean(AbstractBeanFactory.java:335)
	at org.springframework.beans.factory.support.AbstractBeanFactory.getBean(AbstractBeanFactory.java:205)
	at org.springframework.boot.web.servlet.ServletContextInitializerBeans.getOrderedBeansOfType(ServletContextInitializerBeans.java:211)
	at org.springframework.boot.web.servlet.ServletContextInitializerBeans.addAsRegistrationBean(ServletContextInitializerBeans.java:174)
	at org.springframework.boot.web.servlet.ServletContextInitializerBeans.addAsRegistrationBean(ServletContextInitializerBeans.java:169)
	at org.springframework.boot.web.servlet.ServletContextInitializerBeans.addAdaptableBeans(ServletContextInitializerBeans.java:154)
	at org.springframework.boot.web.servlet.ServletContextInitializerBeans.<init>(ServletContextInitializerBeans.java:87)
	at org.springframework.boot.web.servlet.context.ServletWebServerApplicationContext.getServletContextInitializerBeans(ServletWebServerApplicationContext.java:266)
	at org.springframework.boot.web.servlet.context.ServletWebServerApplicationContext.selfInitialize(ServletWebServerApplicationContext.java:240)
	at org.springframework.boot.web.embedded.tomcat.TomcatStarter.onStartup(TomcatStarter.java:52)
	at org.apache.catalina.core.StandardContext.startInternal(StandardContext.java:4414)
	at org.apache.catalina.util.LifecycleBase.start(LifecycleBase.java:164)
	at org.apache.catalina.core.ContainerBase$StartChild.call(ContainerBase.java:1203)
	at org.apache.catalina.core.ContainerBase$StartChild.call(ContainerBase.java:1193)
	at java.base/java.util.concurrent.FutureTask.run(FutureTask.java:264)
	at org.apache.tomcat.util.threads.InlineExecutorService.execute(InlineExecutorService.java:75)
	at java.base/java.util.concurrent.AbstractExecutorService.submit(AbstractExecutorService.java:145)
	at org.apache.catalina.core.ContainerBase.startInternal(ContainerBase.java:749)
	at org.apache.catalina.core.StandardHost.startInternal(StandardHost.java:772)
	at org.apache.catalina.util.LifecycleBase.start(LifecycleBase.java:164)
	at org.apache.catalina.core.ContainerBase$StartChild.call(ContainerBase.java:1203)
	at org.apache.catalina.core.ContainerBase$StartChild.call(ContainerBase.java:1193)
	at java.base/java.util.concurrent.FutureTask.run(FutureTask.java:264)
	at org.apache.tomcat.util.threads.InlineExecutorService.execute(InlineExecutorService.java:75)
	at java.base/java.util.concurrent.AbstractExecutorService.submit(AbstractExecutorService.java:145)
	at org.apache.catalina.core.ContainerBase.startInternal(ContainerBase.java:749)
	at org.apache.catalina.core.StandardEngine.startInternal(StandardEngine.java:203)
	at org.apache.catalina.util.LifecycleBase.start(LifecycleBase.java:164)
	at org.apache.catalina.core.StandardService.startInternal(StandardService.java:415)
	at org.apache.catalina.util.LifecycleBase.start(LifecycleBase.java:164)
	at org.apache.catalina.core.StandardServer.startInternal(StandardServer.java:874)
	at org.apache.catalina.util.LifecycleBase.start(LifecycleBase.java:164)
	at org.apache.catalina.startup.Tomcat.start(Tomcat.java:437)
	at org.springframework.boot.web.embedded.tomcat.TomcatWebServer.initialize(TomcatWebServer.java:128)
	at org.springframework.boot.web.embedded.tomcat.TomcatWebServer.<init>(TomcatWebServer.java:107)
	at org.springframework.boot.web.embedded.tomcat.TomcatServletWebServerFactory.getTomcatWebServer(TomcatServletWebServerFactory.java:516)
	at org.springframework.boot.web.embedded.tomcat.TomcatServletWebServerFactory.getWebServer(TomcatServletWebServerFactory.java:222)
	at org.springframework.boot.web.servlet.context.ServletWebServerApplicationContext.createWebServer(ServletWebServerApplicationContext.java:188)
	at org.springframework.boot.web.servlet.context.ServletWebServerApplicationContext.onRefresh(ServletWebServerApplicationContext.java:162)
	at org.springframework.context.support.AbstractApplicationContext.refresh(AbstractApplicationContext.java:618)
	at org.springframework.boot.web.servlet.context.ServletWebServerApplicationContext.refresh(ServletWebServerApplicationContext.java:146)
	at org.springframework.boot.SpringApplication.refresh(SpringApplication.java:754)
	at org.springframework.boot.SpringApplication.refreshContext(SpringApplication.java:456)
	at org.springframework.boot.SpringApplication.run(SpringApplication.java:335)
	at org.springframework.boot.SpringApplication.run(SpringApplication.java:1363)
	at org.springframework.boot.SpringApplication.run(SpringApplication.java:1352)
	at com.udipsai.backend.UdipsaiBackendApplication.main(UdipsaiBackendApplication.java:19)
	at java.base/jdk.internal.reflect.NativeMethodAccessorImpl.invoke0(Native Method)
	at java.base/jdk.internal.reflect.NativeMethodAccessorImpl.invoke(NativeMethodAccessorImpl.java:77)
	at java.base/jdk.internal.reflect.DelegatingMethodAccessorImpl.invoke(DelegatingMethodAccessorImpl.java:43)
	at java.base/java.lang.reflect.Method.invoke(Method.java:569)
	at org.springframework.boot.loader.launch.Launcher.launch(Launcher.java:91)
	at org.springframework.boot.loader.launch.Launcher.launch(Launcher.java:53)
	at org.springframework.boot.loader.launch.JarLauncher.main(JarLauncher.java:58)
2025-11-30 18:24:51.362 [main] WARN  org.hibernate.orm.deprecation - HHH90000025: PostgreSQLDialect does not need to be specified explicitly using 'hibernate.dialect' (remove the property setting and it will be selected by default)
2025-11-30 18:25:03.213 [main] INFO  o.h.e.t.j.p.i.JtaPlatformInitiator - HHH000489: No JTA platform available (set 'hibernate.transaction.jta.platform' to enable JTA platform integration)
2025-11-30 18:25:03.241 [main] INFO  o.s.o.j.LocalContainerEntityManagerFactoryBean - Initialized JPA EntityManagerFactory for persistence unit 'default'
2025-11-30 18:25:06.674 [main] DEBUG c.u.backend.common.config.LogFilter - Filter 'logFilter' configured for use
2025-11-30 18:25:06.683 [main] DEBUG c.u.backend.common.config.JwtFilter - Filter 'jwtFilter' configured for use
2025-11-30 18:25:09.465 [main] INFO  o.s.s.c.a.a.c.InitializeUserDetailsBeanManagerConfigurer$InitializeUserDetailsManagerConfigurer - Global AuthenticationManager configured with UserDetailsService bean with name usuarioSecurityService
2025-11-30 18:25:10.093 [main] INFO  o.s.d.j.r.query.QueryEnhancerFactory - Hibernate is in classpath; If applicable, HQL parser will be used.
2025-11-30 18:25:16.495 [main] WARN  o.s.b.a.o.j.JpaBaseConfiguration$JpaWebConfiguration - spring.jpa.open-in-view is enabled by default. Therefore, database queries may be performed during view rendering. Explicitly configure spring.jpa.open-in-view to disable this warning
2025-11-30 18:25:19.260 [main] INFO  o.s.b.a.e.web.EndpointLinksResolver - Exposing 3 endpoints beneath base path '/actuator'
2025-11-30 18:25:19.621 [main] DEBUG o.s.s.web.DefaultSecurityFilterChain - Will secure any request with filters: DisableEncodeUrlFilter, WebAsyncManagerIntegrationFilter, SecurityContextHolderFilter, HeaderWriterFilter, CorsFilter, LogoutFilter, LogFilter, JwtFilter, RequestCacheAwareFilter, SecurityContextHolderAwareRequestFilter, AnonymousAuthenticationFilter, SessionManagementFilter, ExceptionTranslationFilter, AuthorizationFilter
2025-11-30 18:25:22.962 [main] INFO  o.s.b.w.e.tomcat.TomcatWebServer - Tomcat started on port 8080 (http) with context path '/'
2025-11-30 18:25:23.083 [main] INFO  c.u.b.UdipsaiBackendApplication - Started UdipsaiBackendApplication in 55.989 seconds (process running for 57.259)
2025-11-30 18:25:23.477 [main] INFO  c.u.b.UdipsaiBackendApplication - ==============================================
2025-11-30 18:25:23.479 [main] INFO  c.u.b.UdipsaiBackendApplication - Sistema UDIPSAI Backend Iniciado Correctamente
2025-11-30 18:25:23.480 [main] INFO  c.u.b.UdipsaiBackendApplication - Módulos disponibles: Autenticación, Usuarios, Citas
2025-11-30 18:25:23.482 [main] INFO  c.u.b.UdipsaiBackendApplication - ==============================================
2025-11-30 18:50:55.344 [http-nio-8080-exec-2] INFO  o.a.c.c.C.[Tomcat].[localhost].[/] - Initializing Spring DispatcherServlet 'dispatcherServlet'
2025-11-30 18:50:55.344 [http-nio-8080-exec-2] INFO  o.s.web.servlet.DispatcherServlet - Initializing Servlet 'dispatcherServlet'
2025-11-30 18:50:55.350 [http-nio-8080-exec-2] INFO  o.s.web.servlet.DispatcherServlet - Completed initialization in 6 ms
2025-11-30 18:50:55.420 [http-nio-8080-exec-2] DEBUG o.s.security.web.FilterChainProxy - Securing OPTIONS /api/auth/login
2025-11-30 18:50:55.511 [http-nio-8080-exec-3] DEBUG o.s.security.web.FilterChainProxy - Securing POST /api/auth/login
2025-11-30 18:50:55.519 [http-nio-8080-exec-3] DEBUG c.u.backend.common.config.LogFilter - ========== REQUEST DATA ==========
2025-11-30 18:50:55.521 [http-nio-8080-exec-3] DEBUG c.u.backend.common.config.LogFilter - Origin IP=[0:0:0:0:0:0:0:1]
2025-11-30 18:50:55.522 [http-nio-8080-exec-3] DEBUG c.u.backend.common.config.LogFilter - URI=[/api/auth/login]
2025-11-30 18:50:55.523 [http-nio-8080-exec-3] DEBUG c.u.backend.common.config.LogFilter - Method=[POST]
2025-11-30 18:50:55.524 [http-nio-8080-exec-3] DEBUG c.u.backend.common.config.LogFilter - Host Header=[localhost:8080]
2025-11-30 18:50:55.526 [http-nio-8080-exec-3] DEBUG c.u.backend.common.config.LogFilter - Server IP=[0:0:0:0:0:0:0:1]
2025-11-30 18:50:55.527 [http-nio-8080-exec-3] DEBUG c.u.backend.common.config.LogFilter - Content-Type=[application/json]
2025-11-30 18:50:55.528 [http-nio-8080-exec-3] DEBUG c.u.backend.common.config.LogFilter - User-Agent=[Mozilla/5.0 (Windows NT 10.0; Win64; x64) AppleWebKit/537.36 (KHTML, like Gecko) Chrome/142.0.0.0 Safari/537.36]
2025-11-30 18:50:55.535 [http-nio-8080-exec-3] DEBUG o.s.s.w.a.AnonymousAuthenticationFilter - Set SecurityContextHolder to anonymous SecurityContext
2025-11-30 18:50:55.546 [http-nio-8080-exec-3] DEBUG o.s.security.web.FilterChainProxy - Secured POST /api/auth/login
2025-11-30 18:50:55.755 [http-nio-8080-exec-3] INFO  c.u.b.a.w.controller.AuthController - Login de usuario con cedula: 0000000001
2025-11-30 18:50:55.858 [http-nio-8080-exec-3] INFO  c.u.b.a.s.UsuarioSecurityService - loadUserByUsername()
2025-11-30 18:50:55.858 [http-nio-8080-exec-3] INFO  c.u.b.a.s.UsuarioSecurityService - Cargando usuario con cédula 0000000001
2025-11-30 18:50:56.085 [http-nio-8080-exec-3] INFO  com.zaxxer.hikari.HikariDataSource - HikariPool-1 - Starting...
2025-11-30 18:50:57.219 [http-nio-8080-exec-3] WARN  o.h.e.jdbc.spi.SqlExceptionHelper - SQL Error: 0, SQLState: 28P01
2025-11-30 18:50:57.220 [http-nio-8080-exec-3] ERROR o.h.e.jdbc.spi.SqlExceptionHelper - FATAL: la autentificaci?n password fall? para el usuario ?postgres?
2025-11-30 18:50:57.253 [http-nio-8080-exec-3] ERROR c.u.b.a.w.controller.AuthController - 401 UNAUTHORIZED: Credenciales inválidas
2025-11-30 18:50:57.277 [http-nio-8080-exec-3] DEBUG c.u.backend.common.config.LogFilter - Response Status=[401]
2025-11-30 18:51:41.039 [http-nio-8080-exec-1] DEBUG o.s.security.web.FilterChainProxy - Securing POST /api/auth/login
2025-11-30 18:51:41.041 [http-nio-8080-exec-1] DEBUG c.u.backend.common.config.LogFilter - ========== REQUEST DATA ==========
2025-11-30 18:51:41.042 [http-nio-8080-exec-1] DEBUG c.u.backend.common.config.LogFilter - Origin IP=[0:0:0:0:0:0:0:1]
2025-11-30 18:51:41.043 [http-nio-8080-exec-1] DEBUG c.u.backend.common.config.LogFilter - URI=[/api/auth/login]
2025-11-30 18:51:41.044 [http-nio-8080-exec-1] DEBUG c.u.backend.common.config.LogFilter - Method=[POST]
2025-11-30 18:51:41.045 [http-nio-8080-exec-1] DEBUG c.u.backend.common.config.LogFilter - Host Header=[localhost:8080]
2025-11-30 18:51:41.045 [http-nio-8080-exec-1] DEBUG c.u.backend.common.config.LogFilter - Server IP=[0:0:0:0:0:0:0:1]
2025-11-30 18:51:41.045 [http-nio-8080-exec-1] DEBUG c.u.backend.common.config.LogFilter - Content-Type=[application/json]
2025-11-30 18:51:41.045 [http-nio-8080-exec-1] DEBUG c.u.backend.common.config.LogFilter - User-Agent=[Mozilla/5.0 (Windows NT; Windows NT 10.0; es-EC) WindowsPowerShell/5.1.26100.7019]
2025-11-30 18:51:41.045 [http-nio-8080-exec-1] DEBUG o.s.s.w.a.AnonymousAuthenticationFilter - Set SecurityContextHolder to anonymous SecurityContext
2025-11-30 18:51:41.045 [http-nio-8080-exec-1] DEBUG o.s.security.web.FilterChainProxy - Secured POST /api/auth/login
2025-11-30 18:51:41.052 [http-nio-8080-exec-1] INFO  c.u.b.a.w.controller.AuthController - Login de usuario con cedula: 1234567890
2025-11-30 18:51:41.052 [http-nio-8080-exec-1] INFO  c.u.b.a.s.UsuarioSecurityService - loadUserByUsername()
2025-11-30 18:51:41.053 [http-nio-8080-exec-1] INFO  c.u.b.a.s.UsuarioSecurityService - Cargando usuario con cédula 1234567890
2025-11-30 18:51:41.054 [http-nio-8080-exec-1] INFO  com.zaxxer.hikari.HikariDataSource - HikariPool-1 - Starting...
2025-11-30 18:51:42.235 [http-nio-8080-exec-1] WARN  o.h.e.jdbc.spi.SqlExceptionHelper - SQL Error: 0, SQLState: 28P01
2025-11-30 18:51:42.236 [http-nio-8080-exec-1] ERROR o.h.e.jdbc.spi.SqlExceptionHelper - FATAL: la autentificaci?n password fall? para el usuario ?postgres?
2025-11-30 18:51:42.236 [http-nio-8080-exec-1] ERROR c.u.b.a.w.controller.AuthController - 401 UNAUTHORIZED: Credenciales inválidas
2025-11-30 18:51:42.236 [http-nio-8080-exec-1] DEBUG c.u.backend.common.config.LogFilter - Response Status=[401]
2025-11-30 18:51:51.424 [http-nio-8080-exec-5] DEBUG o.s.security.web.FilterChainProxy - Securing POST /api/auth/login
2025-11-30 18:51:51.426 [http-nio-8080-exec-5] DEBUG c.u.backend.common.config.LogFilter - ========== REQUEST DATA ==========
2025-11-30 18:51:51.427 [http-nio-8080-exec-5] DEBUG c.u.backend.common.config.LogFilter - Origin IP=[0:0:0:0:0:0:0:1]
2025-11-30 18:51:51.428 [http-nio-8080-exec-5] DEBUG c.u.backend.common.config.LogFilter - URI=[/api/auth/login]
2025-11-30 18:51:51.428 [http-nio-8080-exec-5] DEBUG c.u.backend.common.config.LogFilter - Method=[POST]
2025-11-30 18:51:51.428 [http-nio-8080-exec-5] DEBUG c.u.backend.common.config.LogFilter - Host Header=[localhost:8080]
2025-11-30 18:51:51.428 [http-nio-8080-exec-5] DEBUG c.u.backend.common.config.LogFilter - Server IP=[0:0:0:0:0:0:0:1]
2025-11-30 18:51:51.428 [http-nio-8080-exec-5] DEBUG c.u.backend.common.config.LogFilter - Content-Type=[application/json]
2025-11-30 18:51:51.428 [http-nio-8080-exec-5] DEBUG c.u.backend.common.config.LogFilter - User-Agent=[Mozilla/5.0 (Windows NT; Windows NT 10.0; es-EC) WindowsPowerShell/5.1.26100.7019]
2025-11-30 18:51:51.432 [http-nio-8080-exec-5] DEBUG o.s.s.w.a.AnonymousAuthenticationFilter - Set SecurityContextHolder to anonymous SecurityContext
2025-11-30 18:51:51.433 [http-nio-8080-exec-5] DEBUG o.s.security.web.FilterChainProxy - Secured POST /api/auth/login
2025-11-30 18:51:51.437 [http-nio-8080-exec-5] INFO  c.u.b.a.w.controller.AuthController - Login de usuario con cedula: 1234567890
2025-11-30 18:51:51.438 [http-nio-8080-exec-5] INFO  c.u.b.a.s.UsuarioSecurityService - loadUserByUsername()
2025-11-30 18:51:51.438 [http-nio-8080-exec-5] INFO  c.u.b.a.s.UsuarioSecurityService - Cargando usuario con cédula 1234567890
2025-11-30 18:51:51.442 [http-nio-8080-exec-5] INFO  com.zaxxer.hikari.HikariDataSource - HikariPool-1 - Starting...
2025-11-30 18:51:52.519 [http-nio-8080-exec-5] WARN  o.h.e.jdbc.spi.SqlExceptionHelper - SQL Error: 0, SQLState: 28P01
2025-11-30 18:51:52.520 [http-nio-8080-exec-5] ERROR o.h.e.jdbc.spi.SqlExceptionHelper - FATAL: la autentificaci?n password fall? para el usuario ?postgres?
2025-11-30 18:51:52.522 [http-nio-8080-exec-5] ERROR c.u.b.a.w.controller.AuthController - 401 UNAUTHORIZED: Credenciales inválidas
2025-11-30 18:51:52.522 [http-nio-8080-exec-5] DEBUG c.u.backend.common.config.LogFilter - Response Status=[401]
2025-11-30 18:54:21.254 [main] INFO  c.u.b.UdipsaiBackendApplication - Starting UdipsaiBackendApplication v0.0.1-SNAPSHOT using Java 17.0.17 with PID 5412 (C:\Users\Usuario\Downloads\vinculacion\sistema-web-turnos-udipsai\sistema-web-turnos-udipsai\backend\udipsai-backend\target\udipsai-backend-0.0.1-SNAPSHOT.jar started by Usuario in C:\Users\Usuario\Downloads\vinculacion\sistema-web-turnos-udipsai\sistema-web-turnos-udipsai\backend\udipsai-backend)
2025-11-30 18:54:21.261 [main] DEBUG c.u.b.UdipsaiBackendApplication - Running with Spring Boot v3.3.1, Spring v6.1.10
2025-11-30 18:54:21.265 [main] INFO  c.u.b.UdipsaiBackendApplication - No active profile set, falling back to 1 default profile: "default"
2025-11-30 18:54:24.346 [main] INFO  o.s.d.r.c.RepositoryConfigurationDelegate - Bootstrapping Spring Data JPA repositories in DEFAULT mode.
2025-11-30 18:54:24.573 [main] INFO  o.s.d.r.c.RepositoryConfigurationDelegate - Finished Spring Data repository scanning in 203 ms. Found 13 JPA repository interfaces.
2025-11-30 18:54:26.693 [main] INFO  o.s.b.w.e.tomcat.TomcatWebServer - Tomcat initialized with port 8080 (http)
2025-11-30 18:54:26.721 [main] INFO  o.a.catalina.core.StandardService - Starting service [Tomcat]
2025-11-30 18:54:26.722 [main] INFO  o.a.catalina.core.StandardEngine - Starting Servlet engine: [Apache Tomcat/10.1.25]
2025-11-30 18:54:26.849 [main] INFO  o.a.c.c.C.[Tomcat].[localhost].[/] - Initializing Spring embedded WebApplicationContext
2025-11-30 18:54:26.860 [main] INFO  o.s.b.w.s.c.ServletWebServerApplicationContext - Root WebApplicationContext: initialization completed in 5389 ms
2025-11-30 18:54:27.423 [main] INFO  com.zaxxer.hikari.HikariDataSource - HikariPool-1 - Starting...
2025-11-30 18:54:28.990 [main] INFO  o.h.jpa.internal.util.LogHelper - HHH000204: Processing PersistenceUnitInfo [name: default]
2025-11-30 18:54:29.140 [main] INFO  org.hibernate.Version - HHH000412: Hibernate ORM core version 6.5.2.Final
2025-11-30 18:54:29.223 [main] INFO  o.h.c.i.RegionFactoryInitiator - HHH000026: Second-level cache disabled
2025-11-30 18:54:29.940 [main] INFO  o.s.o.j.p.SpringPersistenceUnitInfo - No LoadTimeWeaver setup: ignoring JPA class transformer
2025-11-30 18:54:30.007 [main] INFO  com.zaxxer.hikari.HikariDataSource - HikariPool-1 - Starting...
2025-11-30 18:54:31.090 [main] WARN  o.h.e.j.e.i.JdbcEnvironmentInitiator - HHH000342: Could not obtain connection to query metadata
java.lang.NullPointerException: Cannot invoke "org.hibernate.engine.jdbc.spi.SqlExceptionHelper.convert(java.sql.SQLException, String)" because the return value of "org.hibernate.resource.transaction.backend.jdbc.internal.JdbcIsolationDelegate.sqlExceptionHelper()" is null
	at org.hibernate.resource.transaction.backend.jdbc.internal.JdbcIsolationDelegate.delegateWork(JdbcIsolationDelegate.java:116)
	at org.hibernate.engine.jdbc.env.internal.JdbcEnvironmentInitiator.getJdbcEnvironmentUsingJdbcMetadata(JdbcEnvironmentInitiator.java:290)
	at org.hibernate.engine.jdbc.env.internal.JdbcEnvironmentInitiator.initiateService(JdbcEnvironmentInitiator.java:123)
	at org.hibernate.engine.jdbc.env.internal.JdbcEnvironmentInitiator.initiateService(JdbcEnvironmentInitiator.java:77)
	at org.hibernate.boot.registry.internal.StandardServiceRegistryImpl.initiateService(StandardServiceRegistryImpl.java:130)
	at org.hibernate.service.internal.AbstractServiceRegistryImpl.createService(AbstractServiceRegistryImpl.java:263)
	at org.hibernate.service.internal.AbstractServiceRegistryImpl.initializeService(AbstractServiceRegistryImpl.java:238)
	at org.hibernate.service.internal.AbstractServiceRegistryImpl.getService(AbstractServiceRegistryImpl.java:215)
	at org.hibernate.boot.model.relational.Database.<init>(Database.java:45)
	at org.hibernate.boot.internal.InFlightMetadataCollectorImpl.getDatabase(InFlightMetadataCollectorImpl.java:221)
	at org.hibernate.boot.internal.InFlightMetadataCollectorImpl.<init>(InFlightMetadataCollectorImpl.java:189)
	at org.hibernate.boot.model.process.spi.MetadataBuildingProcess.complete(MetadataBuildingProcess.java:171)
	at org.hibernate.jpa.boot.internal.EntityManagerFactoryBuilderImpl.metadata(EntityManagerFactoryBuilderImpl.java:1431)
	at org.hibernate.jpa.boot.internal.EntityManagerFactoryBuilderImpl.build(EntityManagerFactoryBuilderImpl.java:1502)
	at org.springframework.orm.jpa.vendor.SpringHibernateJpaPersistenceProvider.createContainerEntityManagerFactory(SpringHibernateJpaPersistenceProvider.java:75)
	at org.springframework.orm.jpa.LocalContainerEntityManagerFactoryBean.createNativeEntityManagerFactory(LocalContainerEntityManagerFactoryBean.java:390)
	at org.springframework.orm.jpa.AbstractEntityManagerFactoryBean.buildNativeEntityManagerFactory(AbstractEntityManagerFactoryBean.java:409)
	at org.springframework.orm.jpa.AbstractEntityManagerFactoryBean.afterPropertiesSet(AbstractEntityManagerFactoryBean.java:396)
	at org.springframework.orm.jpa.LocalContainerEntityManagerFactoryBean.afterPropertiesSet(LocalContainerEntityManagerFactoryBean.java:366)
	at org.springframework.beans.factory.support.AbstractAutowireCapableBeanFactory.invokeInitMethods(AbstractAutowireCapableBeanFactory.java:1835)
	at org.springframework.beans.factory.support.AbstractAutowireCapableBeanFactory.initializeBean(AbstractAutowireCapableBeanFactory.java:1784)
	at org.springframework.beans.factory.support.AbstractAutowireCapableBeanFactory.doCreateBean(AbstractAutowireCapableBeanFactory.java:600)
	at org.springframework.beans.factory.support.AbstractAutowireCapableBeanFactory.createBean(AbstractAutowireCapableBeanFactory.java:522)
	at org.springframework.beans.factory.support.AbstractBeanFactory.lambda$doGetBean$0(AbstractBeanFactory.java:337)
	at org.springframework.beans.factory.support.DefaultSingletonBeanRegistry.getSingleton(DefaultSingletonBeanRegistry.java:234)
	at org.springframework.beans.factory.support.AbstractBeanFactory.doGetBean(AbstractBeanFactory.java:335)
	at org.springframework.beans.factory.support.AbstractBeanFactory.getBean(AbstractBeanFactory.java:200)
	at org.springframework.beans.factory.support.BeanDefinitionValueResolver.resolveReference(BeanDefinitionValueResolver.java:365)
	at org.springframework.beans.factory.support.BeanDefinitionValueResolver.resolveValueIfNecessary(BeanDefinitionValueResolver.java:135)
	at org.springframework.beans.factory.support.ConstructorResolver.resolveConstructorArguments(ConstructorResolver.java:682)
	at org.springframework.beans.factory.support.ConstructorResolver.instantiateUsingFactoryMethod(ConstructorResolver.java:509)
	at org.springframework.beans.factory.support.AbstractAutowireCapableBeanFactory.instantiateUsingFactoryMethod(AbstractAutowireCapableBeanFactory.java:1337)
	at org.springframework.beans.factory.support.AbstractAutowireCapableBeanFactory.createBeanInstance(AbstractAutowireCapableBeanFactory.java:1167)
	at org.springframework.beans.factory.support.AbstractAutowireCapableBeanFactory.doCreateBean(AbstractAutowireCapableBeanFactory.java:562)
	at org.springframework.beans.factory.support.AbstractAutowireCapableBeanFactory.createBean(AbstractAutowireCapableBeanFactory.java:522)
	at org.springframework.beans.factory.support.AbstractBeanFactory.lambda$doGetBean$0(AbstractBeanFactory.java:337)
	at org.springframework.beans.factory.support.DefaultSingletonBeanRegistry.getSingleton(DefaultSingletonBeanRegistry.java:234)
	at org.springframework.beans.factory.support.AbstractBeanFactory.doGetBean(AbstractBeanFactory.java:335)
	at org.springframework.beans.factory.support.AbstractBeanFactory.getBean(AbstractBeanFactory.java:200)
	at org.springframework.beans.factory.support.BeanDefinitionValueResolver.resolveReference(BeanDefinitionValueResolver.java:365)
	at org.springframework.beans.factory.support.BeanDefinitionValueResolver.resolveValueIfNecessary(BeanDefinitionValueResolver.java:135)
	at org.springframework.beans.factory.support.AbstractAutowireCapableBeanFactory.applyPropertyValues(AbstractAutowireCapableBeanFactory.java:1687)
	at org.springframework.beans.factory.support.AbstractAutowireCapableBeanFactory.populateBean(AbstractAutowireCapableBeanFactory.java:1436)
	at org.springframework.beans.factory.support.AbstractAutowireCapableBeanFactory.doCreateBean(AbstractAutowireCapableBeanFactory.java:599)
	at org.springframework.beans.factory.support.AbstractAutowireCapableBeanFactory.createBean(AbstractAutowireCapableBeanFactory.java:522)
	at org.springframework.beans.factory.support.AbstractBeanFactory.lambda$doGetBean$0(AbstractBeanFactory.java:337)
	at org.springframework.beans.factory.support.DefaultSingletonBeanRegistry.getSingleton(DefaultSingletonBeanRegistry.java:234)
	at org.springframework.beans.factory.support.AbstractBeanFactory.doGetBean(AbstractBeanFactory.java:335)
	at org.springframework.beans.factory.support.AbstractBeanFactory.getBean(AbstractBeanFactory.java:200)
	at org.springframework.beans.factory.config.DependencyDescriptor.resolveCandidate(DependencyDescriptor.java:254)
	at org.springframework.beans.factory.support.DefaultListableBeanFactory.doResolveDependency(DefaultListableBeanFactory.java:1443)
	at org.springframework.beans.factory.support.DefaultListableBeanFactory.resolveDependency(DefaultListableBeanFactory.java:1353)
	at org.springframework.beans.factory.support.ConstructorResolver.resolveAutowiredArgument(ConstructorResolver.java:904)
	at org.springframework.beans.factory.support.ConstructorResolver.createArgumentArray(ConstructorResolver.java:782)
	at org.springframework.beans.factory.support.ConstructorResolver.autowireConstructor(ConstructorResolver.java:237)
	at org.springframework.beans.factory.support.AbstractAutowireCapableBeanFactory.autowireConstructor(AbstractAutowireCapableBeanFactory.java:1357)
	at org.springframework.beans.factory.support.AbstractAutowireCapableBeanFactory.createBeanInstance(AbstractAutowireCapableBeanFactory.java:1194)
	at org.springframework.beans.factory.support.AbstractAutowireCapableBeanFactory.doCreateBean(AbstractAutowireCapableBeanFactory.java:562)
	at org.springframework.beans.factory.support.AbstractAutowireCapableBeanFactory.createBean(AbstractAutowireCapableBeanFactory.java:522)
	at org.springframework.beans.factory.support.AbstractBeanFactory.lambda$doGetBean$0(AbstractBeanFactory.java:337)
	at org.springframework.beans.factory.support.DefaultSingletonBeanRegistry.getSingleton(DefaultSingletonBeanRegistry.java:234)
	at org.springframework.beans.factory.support.AbstractBeanFactory.doGetBean(AbstractBeanFactory.java:335)
	at org.springframework.beans.factory.support.AbstractBeanFactory.getBean(AbstractBeanFactory.java:200)
	at org.springframework.beans.factory.config.DependencyDescriptor.resolveCandidate(DependencyDescriptor.java:254)
	at org.springframework.beans.factory.support.DefaultListableBeanFactory.doResolveDependency(DefaultListableBeanFactory.java:1443)
	at org.springframework.beans.factory.support.DefaultListableBeanFactory.resolveDependency(DefaultListableBeanFactory.java:1353)
	at org.springframework.beans.factory.annotation.AutowiredAnnotationBeanPostProcessor$AutowiredFieldElement.resolveFieldValue(AutowiredAnnotationBeanPostProcessor.java:784)
	at org.springframework.beans.factory.annotation.AutowiredAnnotationBeanPostProcessor$AutowiredFieldElement.inject(AutowiredAnnotationBeanPostProcessor.java:767)
	at org.springframework.beans.factory.annotation.InjectionMetadata.inject(InjectionMetadata.java:145)
	at org.springframework.beans.factory.annotation.AutowiredAnnotationBeanPostProcessor.postProcessProperties(AutowiredAnnotationBeanPostProcessor.java:508)
	at org.springframework.beans.factory.support.AbstractAutowireCapableBeanFactory.populateBean(AbstractAutowireCapableBeanFactory.java:1421)
	at org.springframework.beans.factory.support.AbstractAutowireCapableBeanFactory.doCreateBean(AbstractAutowireCapableBeanFactory.java:599)
	at org.springframework.beans.factory.support.AbstractAutowireCapableBeanFactory.createBean(AbstractAutowireCapableBeanFactory.java:522)
	at org.springframework.beans.factory.support.AbstractBeanFactory.lambda$doGetBean$0(AbstractBeanFactory.java:337)
	at org.springframework.beans.factory.support.DefaultSingletonBeanRegistry.getSingleton(DefaultSingletonBeanRegistry.java:234)
	at org.springframework.beans.factory.support.AbstractBeanFactory.doGetBean(AbstractBeanFactory.java:335)
	at org.springframework.beans.factory.support.AbstractBeanFactory.getBean(AbstractBeanFactory.java:205)
	at org.springframework.boot.web.servlet.ServletContextInitializerBeans.getOrderedBeansOfType(ServletContextInitializerBeans.java:211)
	at org.springframework.boot.web.servlet.ServletContextInitializerBeans.addAsRegistrationBean(ServletContextInitializerBeans.java:174)
	at org.springframework.boot.web.servlet.ServletContextInitializerBeans.addAsRegistrationBean(ServletContextInitializerBeans.java:169)
	at org.springframework.boot.web.servlet.ServletContextInitializerBeans.addAdaptableBeans(ServletContextInitializerBeans.java:154)
	at org.springframework.boot.web.servlet.ServletContextInitializerBeans.<init>(ServletContextInitializerBeans.java:87)
	at org.springframework.boot.web.servlet.context.ServletWebServerApplicationContext.getServletContextInitializerBeans(ServletWebServerApplicationContext.java:266)
	at org.springframework.boot.web.servlet.context.ServletWebServerApplicationContext.selfInitialize(ServletWebServerApplicationContext.java:240)
	at org.springframework.boot.web.embedded.tomcat.TomcatStarter.onStartup(TomcatStarter.java:52)
	at org.apache.catalina.core.StandardContext.startInternal(StandardContext.java:4414)
	at org.apache.catalina.util.LifecycleBase.start(LifecycleBase.java:164)
	at org.apache.catalina.core.ContainerBase$StartChild.call(ContainerBase.java:1203)
	at org.apache.catalina.core.ContainerBase$StartChild.call(ContainerBase.java:1193)
	at java.base/java.util.concurrent.FutureTask.run(FutureTask.java:264)
	at org.apache.tomcat.util.threads.InlineExecutorService.execute(InlineExecutorService.java:75)
	at java.base/java.util.concurrent.AbstractExecutorService.submit(AbstractExecutorService.java:145)
	at org.apache.catalina.core.ContainerBase.startInternal(ContainerBase.java:749)
	at org.apache.catalina.core.StandardHost.startInternal(StandardHost.java:772)
	at org.apache.catalina.util.LifecycleBase.start(LifecycleBase.java:164)
	at org.apache.catalina.core.ContainerBase$StartChild.call(ContainerBase.java:1203)
	at org.apache.catalina.core.ContainerBase$StartChild.call(ContainerBase.java:1193)
	at java.base/java.util.concurrent.FutureTask.run(FutureTask.java:264)
	at org.apache.tomcat.util.threads.InlineExecutorService.execute(InlineExecutorService.java:75)
	at java.base/java.util.concurrent.AbstractExecutorService.submit(AbstractExecutorService.java:145)
	at org.apache.catalina.core.ContainerBase.startInternal(ContainerBase.java:749)
	at org.apache.catalina.core.StandardEngine.startInternal(StandardEngine.java:203)
	at org.apache.catalina.util.LifecycleBase.start(LifecycleBase.java:164)
	at org.apache.catalina.core.StandardService.startInternal(StandardService.java:415)
	at org.apache.catalina.util.LifecycleBase.start(LifecycleBase.java:164)
	at org.apache.catalina.core.StandardServer.startInternal(StandardServer.java:874)
	at org.apache.catalina.util.LifecycleBase.start(LifecycleBase.java:164)
	at org.apache.catalina.startup.Tomcat.start(Tomcat.java:437)
	at org.springframework.boot.web.embedded.tomcat.TomcatWebServer.initialize(TomcatWebServer.java:128)
	at org.springframework.boot.web.embedded.tomcat.TomcatWebServer.<init>(TomcatWebServer.java:107)
	at org.springframework.boot.web.embedded.tomcat.TomcatServletWebServerFactory.getTomcatWebServer(TomcatServletWebServerFactory.java:516)
	at org.springframework.boot.web.embedded.tomcat.TomcatServletWebServerFactory.getWebServer(TomcatServletWebServerFactory.java:222)
	at org.springframework.boot.web.servlet.context.ServletWebServerApplicationContext.createWebServer(ServletWebServerApplicationContext.java:188)
	at org.springframework.boot.web.servlet.context.ServletWebServerApplicationContext.onRefresh(ServletWebServerApplicationContext.java:162)
	at org.springframework.context.support.AbstractApplicationContext.refresh(AbstractApplicationContext.java:618)
	at org.springframework.boot.web.servlet.context.ServletWebServerApplicationContext.refresh(ServletWebServerApplicationContext.java:146)
	at org.springframework.boot.SpringApplication.refresh(SpringApplication.java:754)
	at org.springframework.boot.SpringApplication.refreshContext(SpringApplication.java:456)
	at org.springframework.boot.SpringApplication.run(SpringApplication.java:335)
	at org.springframework.boot.SpringApplication.run(SpringApplication.java:1363)
	at org.springframework.boot.SpringApplication.run(SpringApplication.java:1352)
	at com.udipsai.backend.UdipsaiBackendApplication.main(UdipsaiBackendApplication.java:19)
	at java.base/jdk.internal.reflect.NativeMethodAccessorImpl.invoke0(Native Method)
	at java.base/jdk.internal.reflect.NativeMethodAccessorImpl.invoke(NativeMethodAccessorImpl.java:77)
	at java.base/jdk.internal.reflect.DelegatingMethodAccessorImpl.invoke(DelegatingMethodAccessorImpl.java:43)
	at java.base/java.lang.reflect.Method.invoke(Method.java:569)
	at org.springframework.boot.loader.launch.Launcher.launch(Launcher.java:91)
	at org.springframework.boot.loader.launch.Launcher.launch(Launcher.java:53)
	at org.springframework.boot.loader.launch.JarLauncher.main(JarLauncher.java:58)
2025-11-30 18:54:31.123 [main] WARN  org.hibernate.orm.deprecation - HHH90000025: PostgreSQLDialect does not need to be specified explicitly using 'hibernate.dialect' (remove the property setting and it will be selected by default)
2025-11-30 18:54:33.023 [main] INFO  o.h.e.t.j.p.i.JtaPlatformInitiator - HHH000489: No JTA platform available (set 'hibernate.transaction.jta.platform' to enable JTA platform integration)
2025-11-30 18:54:33.023 [main] INFO  o.s.o.j.LocalContainerEntityManagerFactoryBean - Initialized JPA EntityManagerFactory for persistence unit 'default'
2025-11-30 18:54:33.835 [main] DEBUG c.u.backend.common.config.LogFilter - Filter 'logFilter' configured for use
2025-11-30 18:54:33.835 [main] DEBUG c.u.backend.common.config.JwtFilter - Filter 'jwtFilter' configured for use
2025-11-30 18:54:33.991 [main] INFO  o.s.s.c.a.a.c.InitializeUserDetailsBeanManagerConfigurer$InitializeUserDetailsManagerConfigurer - Global AuthenticationManager configured with UserDetailsService bean with name usuarioSecurityService
2025-11-30 18:54:34.273 [main] INFO  o.s.d.j.r.query.QueryEnhancerFactory - Hibernate is in classpath; If applicable, HQL parser will be used.
2025-11-30 18:54:35.990 [main] WARN  o.s.b.a.o.j.JpaBaseConfiguration$JpaWebConfiguration - spring.jpa.open-in-view is enabled by default. Therefore, database queries may be performed during view rendering. Explicitly configure spring.jpa.open-in-view to disable this warning
2025-11-30 18:54:36.903 [main] INFO  o.s.b.a.e.web.EndpointLinksResolver - Exposing 3 endpoints beneath base path '/actuator'
2025-11-30 18:54:37.081 [main] DEBUG o.s.s.web.DefaultSecurityFilterChain - Will secure any request with filters: DisableEncodeUrlFilter, WebAsyncManagerIntegrationFilter, SecurityContextHolderFilter, HeaderWriterFilter, CorsFilter, LogoutFilter, LogFilter, JwtFilter, RequestCacheAwareFilter, SecurityContextHolderAwareRequestFilter, AnonymousAuthenticationFilter, SessionManagementFilter, ExceptionTranslationFilter, AuthorizationFilter
2025-11-30 18:54:38.047 [main] INFO  o.s.b.w.e.tomcat.TomcatWebServer - Tomcat started on port 8080 (http) with context path '/'
2025-11-30 18:54:38.082 [main] INFO  c.u.b.UdipsaiBackendApplication - Started UdipsaiBackendApplication in 18.507 seconds (process running for 19.493)
2025-11-30 18:54:38.159 [main] INFO  c.u.b.UdipsaiBackendApplication - ==============================================
2025-11-30 18:54:38.159 [main] INFO  c.u.b.UdipsaiBackendApplication - Sistema UDIPSAI Backend Iniciado Correctamente
2025-11-30 18:54:38.159 [main] INFO  c.u.b.UdipsaiBackendApplication - Módulos disponibles: Autenticación, Usuarios, Citas
2025-11-30 18:54:38.159 [main] INFO  c.u.b.UdipsaiBackendApplication - ==============================================
2025-11-30 18:56:02.044 [http-nio-8080-exec-1] INFO  o.a.c.c.C.[Tomcat].[localhost].[/] - Initializing Spring DispatcherServlet 'dispatcherServlet'
2025-11-30 18:56:02.046 [http-nio-8080-exec-1] INFO  o.s.web.servlet.DispatcherServlet - Initializing Servlet 'dispatcherServlet'
2025-11-30 18:56:02.050 [http-nio-8080-exec-1] INFO  o.s.web.servlet.DispatcherServlet - Completed initialization in 3 ms
2025-11-30 18:56:02.121 [http-nio-8080-exec-1] DEBUG o.s.security.web.FilterChainProxy - Securing POST /api/auth/login
2025-11-30 18:56:02.176 [http-nio-8080-exec-1] DEBUG c.u.backend.common.config.LogFilter - ========== REQUEST DATA ==========
2025-11-30 18:56:02.180 [http-nio-8080-exec-1] DEBUG c.u.backend.common.config.LogFilter - Origin IP=[0:0:0:0:0:0:0:1]
2025-11-30 18:56:02.180 [http-nio-8080-exec-1] DEBUG c.u.backend.common.config.LogFilter - URI=[/api/auth/login]
2025-11-30 18:56:02.180 [http-nio-8080-exec-1] DEBUG c.u.backend.common.config.LogFilter - Method=[POST]
2025-11-30 18:56:02.180 [http-nio-8080-exec-1] DEBUG c.u.backend.common.config.LogFilter - Host Header=[localhost:8080]
2025-11-30 18:56:02.183 [http-nio-8080-exec-1] DEBUG c.u.backend.common.config.LogFilter - Server IP=[0:0:0:0:0:0:0:1]
2025-11-30 18:56:02.183 [http-nio-8080-exec-1] DEBUG c.u.backend.common.config.LogFilter - Content-Type=[application/json]
2025-11-30 18:56:02.185 [http-nio-8080-exec-1] DEBUG c.u.backend.common.config.LogFilter - User-Agent=[Mozilla/5.0 (Windows NT 10.0; Win64; x64) AppleWebKit/537.36 (KHTML, like Gecko) Chrome/142.0.0.0 Safari/537.36]
2025-11-30 18:56:02.187 [http-nio-8080-exec-1] DEBUG o.s.s.w.a.AnonymousAuthenticationFilter - Set SecurityContextHolder to anonymous SecurityContext
2025-11-30 18:56:02.203 [http-nio-8080-exec-1] DEBUG o.s.security.web.FilterChainProxy - Secured POST /api/auth/login
2025-11-30 18:56:02.378 [http-nio-8080-exec-1] INFO  c.u.b.a.w.controller.AuthController - Login de usuario con cedula: 0000000001
2025-11-30 18:56:02.477 [http-nio-8080-exec-1] INFO  c.u.b.a.s.UsuarioSecurityService - loadUserByUsername()
2025-11-30 18:56:02.478 [http-nio-8080-exec-1] INFO  c.u.b.a.s.UsuarioSecurityService - Cargando usuario con cédula 0000000001
2025-11-30 18:56:02.700 [http-nio-8080-exec-1] INFO  com.zaxxer.hikari.HikariDataSource - HikariPool-1 - Starting...
2025-11-30 18:56:03.788 [http-nio-8080-exec-1] WARN  o.h.e.jdbc.spi.SqlExceptionHelper - SQL Error: 0, SQLState: 28P01
2025-11-30 18:56:03.789 [http-nio-8080-exec-1] ERROR o.h.e.jdbc.spi.SqlExceptionHelper - FATAL: la autentificaci?n password fall? para el usuario ?postgres?
2025-11-30 18:56:03.816 [http-nio-8080-exec-1] ERROR c.u.b.a.w.controller.AuthController - 401 UNAUTHORIZED: Credenciales inválidas
2025-11-30 18:56:03.840 [http-nio-8080-exec-1] DEBUG c.u.backend.common.config.LogFilter - Response Status=[401]
2025-11-30 18:56:54.707 [http-nio-8080-exec-2] DEBUG o.s.security.web.FilterChainProxy - Securing POST /api/auth/login
2025-11-30 18:56:54.709 [http-nio-8080-exec-2] DEBUG c.u.backend.common.config.LogFilter - ========== REQUEST DATA ==========
2025-11-30 18:56:54.711 [http-nio-8080-exec-2] DEBUG c.u.backend.common.config.LogFilter - Origin IP=[0:0:0:0:0:0:0:1]
2025-11-30 18:56:54.712 [http-nio-8080-exec-2] DEBUG c.u.backend.common.config.LogFilter - URI=[/api/auth/login]
2025-11-30 18:56:54.712 [http-nio-8080-exec-2] DEBUG c.u.backend.common.config.LogFilter - Method=[POST]
2025-11-30 18:56:54.714 [http-nio-8080-exec-2] DEBUG c.u.backend.common.config.LogFilter - Host Header=[localhost:8080]
2025-11-30 18:56:54.715 [http-nio-8080-exec-2] DEBUG c.u.backend.common.config.LogFilter - Server IP=[0:0:0:0:0:0:0:1]
2025-11-30 18:56:54.716 [http-nio-8080-exec-2] DEBUG c.u.backend.common.config.LogFilter - Content-Type=[application/json]
2025-11-30 18:56:54.717 [http-nio-8080-exec-2] DEBUG c.u.backend.common.config.LogFilter - User-Agent=[Mozilla/5.0 (Windows NT; Windows NT 10.0; es-EC) WindowsPowerShell/5.1.26100.7019]
2025-11-30 18:56:54.718 [http-nio-8080-exec-2] DEBUG o.s.s.w.a.AnonymousAuthenticationFilter - Set SecurityContextHolder to anonymous SecurityContext
2025-11-30 18:56:54.720 [http-nio-8080-exec-2] DEBUG o.s.security.web.FilterChainProxy - Secured POST /api/auth/login
2025-11-30 18:56:54.722 [http-nio-8080-exec-2] INFO  c.u.b.a.w.controller.AuthController - Login de usuario con cedula: 1234567890
2025-11-30 18:56:54.722 [http-nio-8080-exec-2] INFO  c.u.b.a.s.UsuarioSecurityService - loadUserByUsername()
2025-11-30 18:56:54.722 [http-nio-8080-exec-2] INFO  c.u.b.a.s.UsuarioSecurityService - Cargando usuario con cédula 1234567890
2025-11-30 18:56:54.726 [http-nio-8080-exec-2] INFO  com.zaxxer.hikari.HikariDataSource - HikariPool-1 - Starting...
2025-11-30 18:56:55.811 [http-nio-8080-exec-2] WARN  o.h.e.jdbc.spi.SqlExceptionHelper - SQL Error: 0, SQLState: 28P01
2025-11-30 18:56:55.812 [http-nio-8080-exec-2] ERROR o.h.e.jdbc.spi.SqlExceptionHelper - FATAL: la autentificaci?n password fall? para el usuario ?postgres?
2025-11-30 18:56:55.814 [http-nio-8080-exec-2] ERROR c.u.b.a.w.controller.AuthController - 401 UNAUTHORIZED: Credenciales inválidas
2025-11-30 18:56:55.815 [http-nio-8080-exec-2] DEBUG c.u.backend.common.config.LogFilter - Response Status=[401]
2025-11-30 18:59:34.401 [main] INFO  c.u.b.UdipsaiBackendApplication - Starting UdipsaiBackendApplication v0.0.1-SNAPSHOT using Java 17.0.17 with PID 15056 (C:\Users\Usuario\Downloads\vinculacion\sistema-web-turnos-udipsai\sistema-web-turnos-udipsai\backend\udipsai-backend\target\udipsai-backend-0.0.1-SNAPSHOT.jar started by Usuario in C:\Users\Usuario\Downloads\vinculacion\sistema-web-turnos-udipsai\sistema-web-turnos-udipsai\backend\udipsai-backend)
2025-11-30 18:59:34.415 [main] DEBUG c.u.b.UdipsaiBackendApplication - Running with Spring Boot v3.3.1, Spring v6.1.10
2025-11-30 18:59:34.418 [main] INFO  c.u.b.UdipsaiBackendApplication - No active profile set, falling back to 1 default profile: "default"
2025-11-30 18:59:38.059 [main] INFO  o.s.d.r.c.RepositoryConfigurationDelegate - Bootstrapping Spring Data JPA repositories in DEFAULT mode.
2025-11-30 18:59:38.260 [main] INFO  o.s.d.r.c.RepositoryConfigurationDelegate - Finished Spring Data repository scanning in 167 ms. Found 13 JPA repository interfaces.
2025-11-30 18:59:40.270 [main] INFO  o.s.b.w.e.tomcat.TomcatWebServer - Tomcat initialized with port 8080 (http)
2025-11-30 18:59:40.300 [main] INFO  o.a.catalina.core.StandardService - Starting service [Tomcat]
2025-11-30 18:59:40.302 [main] INFO  o.a.catalina.core.StandardEngine - Starting Servlet engine: [Apache Tomcat/10.1.25]
2025-11-30 18:59:40.442 [main] INFO  o.a.c.c.C.[Tomcat].[localhost].[/] - Initializing Spring embedded WebApplicationContext
2025-11-30 18:59:40.443 [main] INFO  o.s.b.w.s.c.ServletWebServerApplicationContext - Root WebApplicationContext: initialization completed in 5806 ms
2025-11-30 18:59:41.003 [main] INFO  com.zaxxer.hikari.HikariDataSource - HikariPool-1 - Starting...
2025-11-30 18:59:42.671 [main] INFO  o.h.jpa.internal.util.LogHelper - HHH000204: Processing PersistenceUnitInfo [name: default]
2025-11-30 18:59:42.897 [main] INFO  org.hibernate.Version - HHH000412: Hibernate ORM core version 6.5.2.Final
2025-11-30 18:59:43.002 [main] INFO  o.h.c.i.RegionFactoryInitiator - HHH000026: Second-level cache disabled
2025-11-30 18:59:43.999 [main] INFO  o.s.o.j.p.SpringPersistenceUnitInfo - No LoadTimeWeaver setup: ignoring JPA class transformer
2025-11-30 18:59:44.116 [main] INFO  com.zaxxer.hikari.HikariDataSource - HikariPool-1 - Starting...
2025-11-30 18:59:45.247 [main] WARN  o.h.e.j.e.i.JdbcEnvironmentInitiator - HHH000342: Could not obtain connection to query metadata
java.lang.NullPointerException: Cannot invoke "org.hibernate.engine.jdbc.spi.SqlExceptionHelper.convert(java.sql.SQLException, String)" because the return value of "org.hibernate.resource.transaction.backend.jdbc.internal.JdbcIsolationDelegate.sqlExceptionHelper()" is null
	at org.hibernate.resource.transaction.backend.jdbc.internal.JdbcIsolationDelegate.delegateWork(JdbcIsolationDelegate.java:116)
	at org.hibernate.engine.jdbc.env.internal.JdbcEnvironmentInitiator.getJdbcEnvironmentUsingJdbcMetadata(JdbcEnvironmentInitiator.java:290)
	at org.hibernate.engine.jdbc.env.internal.JdbcEnvironmentInitiator.initiateService(JdbcEnvironmentInitiator.java:123)
	at org.hibernate.engine.jdbc.env.internal.JdbcEnvironmentInitiator.initiateService(JdbcEnvironmentInitiator.java:77)
	at org.hibernate.boot.registry.internal.StandardServiceRegistryImpl.initiateService(StandardServiceRegistryImpl.java:130)
	at org.hibernate.service.internal.AbstractServiceRegistryImpl.createService(AbstractServiceRegistryImpl.java:263)
	at org.hibernate.service.internal.AbstractServiceRegistryImpl.initializeService(AbstractServiceRegistryImpl.java:238)
	at org.hibernate.service.internal.AbstractServiceRegistryImpl.getService(AbstractServiceRegistryImpl.java:215)
	at org.hibernate.boot.model.relational.Database.<init>(Database.java:45)
	at org.hibernate.boot.internal.InFlightMetadataCollectorImpl.getDatabase(InFlightMetadataCollectorImpl.java:221)
	at org.hibernate.boot.internal.InFlightMetadataCollectorImpl.<init>(InFlightMetadataCollectorImpl.java:189)
	at org.hibernate.boot.model.process.spi.MetadataBuildingProcess.complete(MetadataBuildingProcess.java:171)
	at org.hibernate.jpa.boot.internal.EntityManagerFactoryBuilderImpl.metadata(EntityManagerFactoryBuilderImpl.java:1431)
	at org.hibernate.jpa.boot.internal.EntityManagerFactoryBuilderImpl.build(EntityManagerFactoryBuilderImpl.java:1502)
	at org.springframework.orm.jpa.vendor.SpringHibernateJpaPersistenceProvider.createContainerEntityManagerFactory(SpringHibernateJpaPersistenceProvider.java:75)
	at org.springframework.orm.jpa.LocalContainerEntityManagerFactoryBean.createNativeEntityManagerFactory(LocalContainerEntityManagerFactoryBean.java:390)
	at org.springframework.orm.jpa.AbstractEntityManagerFactoryBean.buildNativeEntityManagerFactory(AbstractEntityManagerFactoryBean.java:409)
	at org.springframework.orm.jpa.AbstractEntityManagerFactoryBean.afterPropertiesSet(AbstractEntityManagerFactoryBean.java:396)
	at org.springframework.orm.jpa.LocalContainerEntityManagerFactoryBean.afterPropertiesSet(LocalContainerEntityManagerFactoryBean.java:366)
	at org.springframework.beans.factory.support.AbstractAutowireCapableBeanFactory.invokeInitMethods(AbstractAutowireCapableBeanFactory.java:1835)
	at org.springframework.beans.factory.support.AbstractAutowireCapableBeanFactory.initializeBean(AbstractAutowireCapableBeanFactory.java:1784)
	at org.springframework.beans.factory.support.AbstractAutowireCapableBeanFactory.doCreateBean(AbstractAutowireCapableBeanFactory.java:600)
	at org.springframework.beans.factory.support.AbstractAutowireCapableBeanFactory.createBean(AbstractAutowireCapableBeanFactory.java:522)
	at org.springframework.beans.factory.support.AbstractBeanFactory.lambda$doGetBean$0(AbstractBeanFactory.java:337)
	at org.springframework.beans.factory.support.DefaultSingletonBeanRegistry.getSingleton(DefaultSingletonBeanRegistry.java:234)
	at org.springframework.beans.factory.support.AbstractBeanFactory.doGetBean(AbstractBeanFactory.java:335)
	at org.springframework.beans.factory.support.AbstractBeanFactory.getBean(AbstractBeanFactory.java:200)
	at org.springframework.beans.factory.support.BeanDefinitionValueResolver.resolveReference(BeanDefinitionValueResolver.java:365)
	at org.springframework.beans.factory.support.BeanDefinitionValueResolver.resolveValueIfNecessary(BeanDefinitionValueResolver.java:135)
	at org.springframework.beans.factory.support.ConstructorResolver.resolveConstructorArguments(ConstructorResolver.java:682)
	at org.springframework.beans.factory.support.ConstructorResolver.instantiateUsingFactoryMethod(ConstructorResolver.java:509)
	at org.springframework.beans.factory.support.AbstractAutowireCapableBeanFactory.instantiateUsingFactoryMethod(AbstractAutowireCapableBeanFactory.java:1337)
	at org.springframework.beans.factory.support.AbstractAutowireCapableBeanFactory.createBeanInstance(AbstractAutowireCapableBeanFactory.java:1167)
	at org.springframework.beans.factory.support.AbstractAutowireCapableBeanFactory.doCreateBean(AbstractAutowireCapableBeanFactory.java:562)
	at org.springframework.beans.factory.support.AbstractAutowireCapableBeanFactory.createBean(AbstractAutowireCapableBeanFactory.java:522)
	at org.springframework.beans.factory.support.AbstractBeanFactory.lambda$doGetBean$0(AbstractBeanFactory.java:337)
	at org.springframework.beans.factory.support.DefaultSingletonBeanRegistry.getSingleton(DefaultSingletonBeanRegistry.java:234)
	at org.springframework.beans.factory.support.AbstractBeanFactory.doGetBean(AbstractBeanFactory.java:335)
	at org.springframework.beans.factory.support.AbstractBeanFactory.getBean(AbstractBeanFactory.java:200)
	at org.springframework.beans.factory.support.BeanDefinitionValueResolver.resolveReference(BeanDefinitionValueResolver.java:365)
	at org.springframework.beans.factory.support.BeanDefinitionValueResolver.resolveValueIfNecessary(BeanDefinitionValueResolver.java:135)
	at org.springframework.beans.factory.support.AbstractAutowireCapableBeanFactory.applyPropertyValues(AbstractAutowireCapableBeanFactory.java:1687)
	at org.springframework.beans.factory.support.AbstractAutowireCapableBeanFactory.populateBean(AbstractAutowireCapableBeanFactory.java:1436)
	at org.springframework.beans.factory.support.AbstractAutowireCapableBeanFactory.doCreateBean(AbstractAutowireCapableBeanFactory.java:599)
	at org.springframework.beans.factory.support.AbstractAutowireCapableBeanFactory.createBean(AbstractAutowireCapableBeanFactory.java:522)
	at org.springframework.beans.factory.support.AbstractBeanFactory.lambda$doGetBean$0(AbstractBeanFactory.java:337)
	at org.springframework.beans.factory.support.DefaultSingletonBeanRegistry.getSingleton(DefaultSingletonBeanRegistry.java:234)
	at org.springframework.beans.factory.support.AbstractBeanFactory.doGetBean(AbstractBeanFactory.java:335)
	at org.springframework.beans.factory.support.AbstractBeanFactory.getBean(AbstractBeanFactory.java:200)
	at org.springframework.beans.factory.config.DependencyDescriptor.resolveCandidate(DependencyDescriptor.java:254)
	at org.springframework.beans.factory.support.DefaultListableBeanFactory.doResolveDependency(DefaultListableBeanFactory.java:1443)
	at org.springframework.beans.factory.support.DefaultListableBeanFactory.resolveDependency(DefaultListableBeanFactory.java:1353)
	at org.springframework.beans.factory.support.ConstructorResolver.resolveAutowiredArgument(ConstructorResolver.java:904)
	at org.springframework.beans.factory.support.ConstructorResolver.createArgumentArray(ConstructorResolver.java:782)
	at org.springframework.beans.factory.support.ConstructorResolver.autowireConstructor(ConstructorResolver.java:237)
	at org.springframework.beans.factory.support.AbstractAutowireCapableBeanFactory.autowireConstructor(AbstractAutowireCapableBeanFactory.java:1357)
	at org.springframework.beans.factory.support.AbstractAutowireCapableBeanFactory.createBeanInstance(AbstractAutowireCapableBeanFactory.java:1194)
	at org.springframework.beans.factory.support.AbstractAutowireCapableBeanFactory.doCreateBean(AbstractAutowireCapableBeanFactory.java:562)
	at org.springframework.beans.factory.support.AbstractAutowireCapableBeanFactory.createBean(AbstractAutowireCapableBeanFactory.java:522)
	at org.springframework.beans.factory.support.AbstractBeanFactory.lambda$doGetBean$0(AbstractBeanFactory.java:337)
	at org.springframework.beans.factory.support.DefaultSingletonBeanRegistry.getSingleton(DefaultSingletonBeanRegistry.java:234)
	at org.springframework.beans.factory.support.AbstractBeanFactory.doGetBean(AbstractBeanFactory.java:335)
	at org.springframework.beans.factory.support.AbstractBeanFactory.getBean(AbstractBeanFactory.java:200)
	at org.springframework.beans.factory.config.DependencyDescriptor.resolveCandidate(DependencyDescriptor.java:254)
	at org.springframework.beans.factory.support.DefaultListableBeanFactory.doResolveDependency(DefaultListableBeanFactory.java:1443)
	at org.springframework.beans.factory.support.DefaultListableBeanFactory.resolveDependency(DefaultListableBeanFactory.java:1353)
	at org.springframework.beans.factory.annotation.AutowiredAnnotationBeanPostProcessor$AutowiredFieldElement.resolveFieldValue(AutowiredAnnotationBeanPostProcessor.java:784)
	at org.springframework.beans.factory.annotation.AutowiredAnnotationBeanPostProcessor$AutowiredFieldElement.inject(AutowiredAnnotationBeanPostProcessor.java:767)
	at org.springframework.beans.factory.annotation.InjectionMetadata.inject(InjectionMetadata.java:145)
	at org.springframework.beans.factory.annotation.AutowiredAnnotationBeanPostProcessor.postProcessProperties(AutowiredAnnotationBeanPostProcessor.java:508)
	at org.springframework.beans.factory.support.AbstractAutowireCapableBeanFactory.populateBean(AbstractAutowireCapableBeanFactory.java:1421)
	at org.springframework.beans.factory.support.AbstractAutowireCapableBeanFactory.doCreateBean(AbstractAutowireCapableBeanFactory.java:599)
	at org.springframework.beans.factory.support.AbstractAutowireCapableBeanFactory.createBean(AbstractAutowireCapableBeanFactory.java:522)
	at org.springframework.beans.factory.support.AbstractBeanFactory.lambda$doGetBean$0(AbstractBeanFactory.java:337)
	at org.springframework.beans.factory.support.DefaultSingletonBeanRegistry.getSingleton(DefaultSingletonBeanRegistry.java:234)
	at org.springframework.beans.factory.support.AbstractBeanFactory.doGetBean(AbstractBeanFactory.java:335)
	at org.springframework.beans.factory.support.AbstractBeanFactory.getBean(AbstractBeanFactory.java:205)
	at org.springframework.boot.web.servlet.ServletContextInitializerBeans.getOrderedBeansOfType(ServletContextInitializerBeans.java:211)
	at org.springframework.boot.web.servlet.ServletContextInitializerBeans.addAsRegistrationBean(ServletContextInitializerBeans.java:174)
	at org.springframework.boot.web.servlet.ServletContextInitializerBeans.addAsRegistrationBean(ServletContextInitializerBeans.java:169)
	at org.springframework.boot.web.servlet.ServletContextInitializerBeans.addAdaptableBeans(ServletContextInitializerBeans.java:154)
	at org.springframework.boot.web.servlet.ServletContextInitializerBeans.<init>(ServletContextInitializerBeans.java:87)
	at org.springframework.boot.web.servlet.context.ServletWebServerApplicationContext.getServletContextInitializerBeans(ServletWebServerApplicationContext.java:266)
	at org.springframework.boot.web.servlet.context.ServletWebServerApplicationContext.selfInitialize(ServletWebServerApplicationContext.java:240)
	at org.springframework.boot.web.embedded.tomcat.TomcatStarter.onStartup(TomcatStarter.java:52)
	at org.apache.catalina.core.StandardContext.startInternal(StandardContext.java:4414)
	at org.apache.catalina.util.LifecycleBase.start(LifecycleBase.java:164)
	at org.apache.catalina.core.ContainerBase$StartChild.call(ContainerBase.java:1203)
	at org.apache.catalina.core.ContainerBase$StartChild.call(ContainerBase.java:1193)
	at java.base/java.util.concurrent.FutureTask.run(FutureTask.java:264)
	at org.apache.tomcat.util.threads.InlineExecutorService.execute(InlineExecutorService.java:75)
	at java.base/java.util.concurrent.AbstractExecutorService.submit(AbstractExecutorService.java:145)
	at org.apache.catalina.core.ContainerBase.startInternal(ContainerBase.java:749)
	at org.apache.catalina.core.StandardHost.startInternal(StandardHost.java:772)
	at org.apache.catalina.util.LifecycleBase.start(LifecycleBase.java:164)
	at org.apache.catalina.core.ContainerBase$StartChild.call(ContainerBase.java:1203)
	at org.apache.catalina.core.ContainerBase$StartChild.call(ContainerBase.java:1193)
	at java.base/java.util.concurrent.FutureTask.run(FutureTask.java:264)
	at org.apache.tomcat.util.threads.InlineExecutorService.execute(InlineExecutorService.java:75)
	at java.base/java.util.concurrent.AbstractExecutorService.submit(AbstractExecutorService.java:145)
	at org.apache.catalina.core.ContainerBase.startInternal(ContainerBase.java:749)
	at org.apache.catalina.core.StandardEngine.startInternal(StandardEngine.java:203)
	at org.apache.catalina.util.LifecycleBase.start(LifecycleBase.java:164)
	at org.apache.catalina.core.StandardService.startInternal(StandardService.java:415)
	at org.apache.catalina.util.LifecycleBase.start(LifecycleBase.java:164)
	at org.apache.catalina.core.StandardServer.startInternal(StandardServer.java:874)
	at org.apache.catalina.util.LifecycleBase.start(LifecycleBase.java:164)
	at org.apache.catalina.startup.Tomcat.start(Tomcat.java:437)
	at org.springframework.boot.web.embedded.tomcat.TomcatWebServer.initialize(TomcatWebServer.java:128)
	at org.springframework.boot.web.embedded.tomcat.TomcatWebServer.<init>(TomcatWebServer.java:107)
	at org.springframework.boot.web.embedded.tomcat.TomcatServletWebServerFactory.getTomcatWebServer(TomcatServletWebServerFactory.java:516)
	at org.springframework.boot.web.embedded.tomcat.TomcatServletWebServerFactory.getWebServer(TomcatServletWebServerFactory.java:222)
	at org.springframework.boot.web.servlet.context.ServletWebServerApplicationContext.createWebServer(ServletWebServerApplicationContext.java:188)
	at org.springframework.boot.web.servlet.context.ServletWebServerApplicationContext.onRefresh(ServletWebServerApplicationContext.java:162)
	at org.springframework.context.support.AbstractApplicationContext.refresh(AbstractApplicationContext.java:618)
	at org.springframework.boot.web.servlet.context.ServletWebServerApplicationContext.refresh(ServletWebServerApplicationContext.java:146)
	at org.springframework.boot.SpringApplication.refresh(SpringApplication.java:754)
	at org.springframework.boot.SpringApplication.refreshContext(SpringApplication.java:456)
	at org.springframework.boot.SpringApplication.run(SpringApplication.java:335)
	at org.springframework.boot.SpringApplication.run(SpringApplication.java:1363)
	at org.springframework.boot.SpringApplication.run(SpringApplication.java:1352)
	at com.udipsai.backend.UdipsaiBackendApplication.main(UdipsaiBackendApplication.java:19)
	at java.base/jdk.internal.reflect.NativeMethodAccessorImpl.invoke0(Native Method)
	at java.base/jdk.internal.reflect.NativeMethodAccessorImpl.invoke(NativeMethodAccessorImpl.java:77)
	at java.base/jdk.internal.reflect.DelegatingMethodAccessorImpl.invoke(DelegatingMethodAccessorImpl.java:43)
	at java.base/java.lang.reflect.Method.invoke(Method.java:569)
	at org.springframework.boot.loader.launch.Launcher.launch(Launcher.java:91)
	at org.springframework.boot.loader.launch.Launcher.launch(Launcher.java:53)
	at org.springframework.boot.loader.launch.JarLauncher.main(JarLauncher.java:58)
2025-11-30 18:59:45.298 [main] WARN  org.hibernate.orm.deprecation - HHH90000025: PostgreSQLDialect does not need to be specified explicitly using 'hibernate.dialect' (remove the property setting and it will be selected by default)
2025-11-30 18:59:48.550 [main] INFO  o.h.e.t.j.p.i.JtaPlatformInitiator - HHH000489: No JTA platform available (set 'hibernate.transaction.jta.platform' to enable JTA platform integration)
2025-11-30 18:59:48.555 [main] INFO  o.s.o.j.LocalContainerEntityManagerFactoryBean - Initialized JPA EntityManagerFactory for persistence unit 'default'
2025-11-30 18:59:49.570 [main] DEBUG c.u.backend.common.config.LogFilter - Filter 'logFilter' configured for use
2025-11-30 18:59:49.571 [main] DEBUG c.u.backend.common.config.JwtFilter - Filter 'jwtFilter' configured for use
2025-11-30 18:59:49.802 [main] INFO  o.s.s.c.a.a.c.InitializeUserDetailsBeanManagerConfigurer$InitializeUserDetailsManagerConfigurer - Global AuthenticationManager configured with UserDetailsService bean with name usuarioSecurityService
2025-11-30 18:59:50.014 [main] INFO  o.s.d.j.r.query.QueryEnhancerFactory - Hibernate is in classpath; If applicable, HQL parser will be used.
2025-11-30 18:59:52.986 [main] WARN  o.s.b.a.o.j.JpaBaseConfiguration$JpaWebConfiguration - spring.jpa.open-in-view is enabled by default. Therefore, database queries may be performed during view rendering. Explicitly configure spring.jpa.open-in-view to disable this warning
2025-11-30 18:59:54.773 [main] INFO  o.s.b.a.e.web.EndpointLinksResolver - Exposing 3 endpoints beneath base path '/actuator'
2025-11-30 18:59:55.038 [main] DEBUG o.s.s.web.DefaultSecurityFilterChain - Will secure any request with filters: DisableEncodeUrlFilter, WebAsyncManagerIntegrationFilter, SecurityContextHolderFilter, HeaderWriterFilter, CorsFilter, LogoutFilter, LogFilter, JwtFilter, RequestCacheAwareFilter, SecurityContextHolderAwareRequestFilter, AnonymousAuthenticationFilter, SessionManagementFilter, ExceptionTranslationFilter, AuthorizationFilter
2025-11-30 18:59:56.343 [main] INFO  o.s.b.w.e.tomcat.TomcatWebServer - Tomcat started on port 8080 (http) with context path '/'
2025-11-30 18:59:56.398 [main] INFO  c.u.b.UdipsaiBackendApplication - Started UdipsaiBackendApplication in 24.317 seconds (process running for 25.497)
2025-11-30 18:59:56.500 [main] INFO  c.u.b.UdipsaiBackendApplication - ==============================================
2025-11-30 18:59:56.500 [main] INFO  c.u.b.UdipsaiBackendApplication - Sistema UDIPSAI Backend Iniciado Correctamente
2025-11-30 18:59:56.501 [main] INFO  c.u.b.UdipsaiBackendApplication - Módulos disponibles: Autenticación, Usuarios, Citas
2025-11-30 18:59:56.502 [main] INFO  c.u.b.UdipsaiBackendApplication - ==============================================
2025-11-30 19:01:29.349 [http-nio-8080-exec-2] INFO  o.a.c.c.C.[Tomcat].[localhost].[/] - Initializing Spring DispatcherServlet 'dispatcherServlet'
2025-11-30 19:01:29.349 [http-nio-8080-exec-2] INFO  o.s.web.servlet.DispatcherServlet - Initializing Servlet 'dispatcherServlet'
2025-11-30 19:01:29.349 [http-nio-8080-exec-2] INFO  o.s.web.servlet.DispatcherServlet - Completed initialization in 0 ms
2025-11-30 19:01:29.399 [http-nio-8080-exec-2] DEBUG o.s.security.web.FilterChainProxy - Securing POST /api/auth/login
2025-11-30 19:01:29.415 [http-nio-8080-exec-2] DEBUG c.u.backend.common.config.LogFilter - ========== REQUEST DATA ==========
2025-11-30 19:01:29.415 [http-nio-8080-exec-2] DEBUG c.u.backend.common.config.LogFilter - Origin IP=[0:0:0:0:0:0:0:1]
2025-11-30 19:01:29.415 [http-nio-8080-exec-2] DEBUG c.u.backend.common.config.LogFilter - URI=[/api/auth/login]
2025-11-30 19:01:29.415 [http-nio-8080-exec-2] DEBUG c.u.backend.common.config.LogFilter - Method=[POST]
2025-11-30 19:01:29.415 [http-nio-8080-exec-2] DEBUG c.u.backend.common.config.LogFilter - Host Header=[localhost:8080]
2025-11-30 19:01:29.415 [http-nio-8080-exec-2] DEBUG c.u.backend.common.config.LogFilter - Server IP=[0:0:0:0:0:0:0:1]
2025-11-30 19:01:29.415 [http-nio-8080-exec-2] DEBUG c.u.backend.common.config.LogFilter - Content-Type=[application/json]
2025-11-30 19:01:29.415 [http-nio-8080-exec-2] DEBUG c.u.backend.common.config.LogFilter - User-Agent=[Mozilla/5.0 (Windows NT; Windows NT 10.0; es-EC) WindowsPowerShell/5.1.26100.7019]
2025-11-30 19:01:29.426 [http-nio-8080-exec-2] DEBUG o.s.s.w.a.AnonymousAuthenticationFilter - Set SecurityContextHolder to anonymous SecurityContext
2025-11-30 19:01:29.438 [http-nio-8080-exec-2] DEBUG o.s.security.web.FilterChainProxy - Secured POST /api/auth/login
2025-11-30 19:01:29.582 [http-nio-8080-exec-2] INFO  c.u.b.a.w.controller.AuthController - Login de usuario con cedula: 1234567890
2025-11-30 19:01:29.666 [http-nio-8080-exec-2] INFO  c.u.b.a.s.UsuarioSecurityService - loadUserByUsername()
2025-11-30 19:01:29.666 [http-nio-8080-exec-2] INFO  c.u.b.a.s.UsuarioSecurityService - Cargando usuario con cédula 1234567890
2025-11-30 19:01:29.805 [http-nio-8080-exec-2] INFO  com.zaxxer.hikari.HikariDataSource - HikariPool-1 - Starting...
2025-11-30 19:01:30.886 [http-nio-8080-exec-2] WARN  o.h.e.jdbc.spi.SqlExceptionHelper - SQL Error: 0, SQLState: 28P01
2025-11-30 19:01:30.898 [http-nio-8080-exec-2] ERROR o.h.e.jdbc.spi.SqlExceptionHelper - FATAL: la autentificaci?n password fall? para el usuario ?postgres?
2025-11-30 19:01:30.916 [http-nio-8080-exec-2] ERROR c.u.b.a.w.controller.AuthController - 401 UNAUTHORIZED: Credenciales inválidas
2025-11-30 19:01:30.935 [http-nio-8080-exec-2] DEBUG c.u.backend.common.config.LogFilter - Response Status=[401]
2025-11-30 19:02:35.958 [main] INFO  c.u.b.UdipsaiBackendApplication - Starting UdipsaiBackendApplication v0.0.1-SNAPSHOT using Java 17.0.17 with PID 17236 (C:\Users\Usuario\Downloads\vinculacion\sistema-web-turnos-udipsai\sistema-web-turnos-udipsai\backend\udipsai-backend\target\udipsai-backend-0.0.1-SNAPSHOT.jar started by Usuario in C:\Users\Usuario\Downloads\vinculacion\sistema-web-turnos-udipsai\sistema-web-turnos-udipsai\backend\udipsai-backend)
2025-11-30 19:02:35.969 [main] DEBUG c.u.b.UdipsaiBackendApplication - Running with Spring Boot v3.3.1, Spring v6.1.10
2025-11-30 19:02:35.973 [main] INFO  c.u.b.UdipsaiBackendApplication - No active profile set, falling back to 1 default profile: "default"
2025-11-30 19:02:38.541 [main] INFO  o.s.d.r.c.RepositoryConfigurationDelegate - Bootstrapping Spring Data JPA repositories in DEFAULT mode.
2025-11-30 19:02:38.753 [main] INFO  o.s.d.r.c.RepositoryConfigurationDelegate - Finished Spring Data repository scanning in 170 ms. Found 13 JPA repository interfaces.
2025-11-30 19:02:40.910 [main] INFO  o.s.b.w.e.tomcat.TomcatWebServer - Tomcat initialized with port 8080 (http)
2025-11-30 19:02:40.940 [main] INFO  o.a.catalina.core.StandardService - Starting service [Tomcat]
2025-11-30 19:02:40.942 [main] INFO  o.a.catalina.core.StandardEngine - Starting Servlet engine: [Apache Tomcat/10.1.25]
2025-11-30 19:02:41.065 [main] INFO  o.a.c.c.C.[Tomcat].[localhost].[/] - Initializing Spring embedded WebApplicationContext
2025-11-30 19:02:41.077 [main] INFO  o.s.b.w.s.c.ServletWebServerApplicationContext - Root WebApplicationContext: initialization completed in 4885 ms
2025-11-30 19:02:41.667 [main] INFO  com.zaxxer.hikari.HikariDataSource - HikariPool-1 - Starting...
2025-11-30 19:02:43.419 [main] INFO  o.h.jpa.internal.util.LogHelper - HHH000204: Processing PersistenceUnitInfo [name: default]
2025-11-30 19:02:43.644 [main] INFO  org.hibernate.Version - HHH000412: Hibernate ORM core version 6.5.2.Final
2025-11-30 19:02:43.812 [main] INFO  o.h.c.i.RegionFactoryInitiator - HHH000026: Second-level cache disabled
2025-11-30 19:02:45.024 [main] INFO  o.s.o.j.p.SpringPersistenceUnitInfo - No LoadTimeWeaver setup: ignoring JPA class transformer
2025-11-30 19:02:45.124 [main] INFO  com.zaxxer.hikari.HikariDataSource - HikariPool-1 - Starting...
2025-11-30 19:02:46.232 [main] WARN  o.h.e.j.e.i.JdbcEnvironmentInitiator - HHH000342: Could not obtain connection to query metadata
java.lang.NullPointerException: Cannot invoke "org.hibernate.engine.jdbc.spi.SqlExceptionHelper.convert(java.sql.SQLException, String)" because the return value of "org.hibernate.resource.transaction.backend.jdbc.internal.JdbcIsolationDelegate.sqlExceptionHelper()" is null
	at org.hibernate.resource.transaction.backend.jdbc.internal.JdbcIsolationDelegate.delegateWork(JdbcIsolationDelegate.java:116)
	at org.hibernate.engine.jdbc.env.internal.JdbcEnvironmentInitiator.getJdbcEnvironmentUsingJdbcMetadata(JdbcEnvironmentInitiator.java:290)
	at org.hibernate.engine.jdbc.env.internal.JdbcEnvironmentInitiator.initiateService(JdbcEnvironmentInitiator.java:123)
	at org.hibernate.engine.jdbc.env.internal.JdbcEnvironmentInitiator.initiateService(JdbcEnvironmentInitiator.java:77)
	at org.hibernate.boot.registry.internal.StandardServiceRegistryImpl.initiateService(StandardServiceRegistryImpl.java:130)
	at org.hibernate.service.internal.AbstractServiceRegistryImpl.createService(AbstractServiceRegistryImpl.java:263)
	at org.hibernate.service.internal.AbstractServiceRegistryImpl.initializeService(AbstractServiceRegistryImpl.java:238)
	at org.hibernate.service.internal.AbstractServiceRegistryImpl.getService(AbstractServiceRegistryImpl.java:215)
	at org.hibernate.boot.model.relational.Database.<init>(Database.java:45)
	at org.hibernate.boot.internal.InFlightMetadataCollectorImpl.getDatabase(InFlightMetadataCollectorImpl.java:221)
	at org.hibernate.boot.internal.InFlightMetadataCollectorImpl.<init>(InFlightMetadataCollectorImpl.java:189)
	at org.hibernate.boot.model.process.spi.MetadataBuildingProcess.complete(MetadataBuildingProcess.java:171)
	at org.hibernate.jpa.boot.internal.EntityManagerFactoryBuilderImpl.metadata(EntityManagerFactoryBuilderImpl.java:1431)
	at org.hibernate.jpa.boot.internal.EntityManagerFactoryBuilderImpl.build(EntityManagerFactoryBuilderImpl.java:1502)
	at org.springframework.orm.jpa.vendor.SpringHibernateJpaPersistenceProvider.createContainerEntityManagerFactory(SpringHibernateJpaPersistenceProvider.java:75)
	at org.springframework.orm.jpa.LocalContainerEntityManagerFactoryBean.createNativeEntityManagerFactory(LocalContainerEntityManagerFactoryBean.java:390)
	at org.springframework.orm.jpa.AbstractEntityManagerFactoryBean.buildNativeEntityManagerFactory(AbstractEntityManagerFactoryBean.java:409)
	at org.springframework.orm.jpa.AbstractEntityManagerFactoryBean.afterPropertiesSet(AbstractEntityManagerFactoryBean.java:396)
	at org.springframework.orm.jpa.LocalContainerEntityManagerFactoryBean.afterPropertiesSet(LocalContainerEntityManagerFactoryBean.java:366)
	at org.springframework.beans.factory.support.AbstractAutowireCapableBeanFactory.invokeInitMethods(AbstractAutowireCapableBeanFactory.java:1835)
	at org.springframework.beans.factory.support.AbstractAutowireCapableBeanFactory.initializeBean(AbstractAutowireCapableBeanFactory.java:1784)
	at org.springframework.beans.factory.support.AbstractAutowireCapableBeanFactory.doCreateBean(AbstractAutowireCapableBeanFactory.java:600)
	at org.springframework.beans.factory.support.AbstractAutowireCapableBeanFactory.createBean(AbstractAutowireCapableBeanFactory.java:522)
	at org.springframework.beans.factory.support.AbstractBeanFactory.lambda$doGetBean$0(AbstractBeanFactory.java:337)
	at org.springframework.beans.factory.support.DefaultSingletonBeanRegistry.getSingleton(DefaultSingletonBeanRegistry.java:234)
	at org.springframework.beans.factory.support.AbstractBeanFactory.doGetBean(AbstractBeanFactory.java:335)
	at org.springframework.beans.factory.support.AbstractBeanFactory.getBean(AbstractBeanFactory.java:200)
	at org.springframework.beans.factory.support.BeanDefinitionValueResolver.resolveReference(BeanDefinitionValueResolver.java:365)
	at org.springframework.beans.factory.support.BeanDefinitionValueResolver.resolveValueIfNecessary(BeanDefinitionValueResolver.java:135)
	at org.springframework.beans.factory.support.ConstructorResolver.resolveConstructorArguments(ConstructorResolver.java:682)
	at org.springframework.beans.factory.support.ConstructorResolver.instantiateUsingFactoryMethod(ConstructorResolver.java:509)
	at org.springframework.beans.factory.support.AbstractAutowireCapableBeanFactory.instantiateUsingFactoryMethod(AbstractAutowireCapableBeanFactory.java:1337)
	at org.springframework.beans.factory.support.AbstractAutowireCapableBeanFactory.createBeanInstance(AbstractAutowireCapableBeanFactory.java:1167)
	at org.springframework.beans.factory.support.AbstractAutowireCapableBeanFactory.doCreateBean(AbstractAutowireCapableBeanFactory.java:562)
	at org.springframework.beans.factory.support.AbstractAutowireCapableBeanFactory.createBean(AbstractAutowireCapableBeanFactory.java:522)
	at org.springframework.beans.factory.support.AbstractBeanFactory.lambda$doGetBean$0(AbstractBeanFactory.java:337)
	at org.springframework.beans.factory.support.DefaultSingletonBeanRegistry.getSingleton(DefaultSingletonBeanRegistry.java:234)
	at org.springframework.beans.factory.support.AbstractBeanFactory.doGetBean(AbstractBeanFactory.java:335)
	at org.springframework.beans.factory.support.AbstractBeanFactory.getBean(AbstractBeanFactory.java:200)
	at org.springframework.beans.factory.support.BeanDefinitionValueResolver.resolveReference(BeanDefinitionValueResolver.java:365)
	at org.springframework.beans.factory.support.BeanDefinitionValueResolver.resolveValueIfNecessary(BeanDefinitionValueResolver.java:135)
	at org.springframework.beans.factory.support.AbstractAutowireCapableBeanFactory.applyPropertyValues(AbstractAutowireCapableBeanFactory.java:1687)
	at org.springframework.beans.factory.support.AbstractAutowireCapableBeanFactory.populateBean(AbstractAutowireCapableBeanFactory.java:1436)
	at org.springframework.beans.factory.support.AbstractAutowireCapableBeanFactory.doCreateBean(AbstractAutowireCapableBeanFactory.java:599)
	at org.springframework.beans.factory.support.AbstractAutowireCapableBeanFactory.createBean(AbstractAutowireCapableBeanFactory.java:522)
	at org.springframework.beans.factory.support.AbstractBeanFactory.lambda$doGetBean$0(AbstractBeanFactory.java:337)
	at org.springframework.beans.factory.support.DefaultSingletonBeanRegistry.getSingleton(DefaultSingletonBeanRegistry.java:234)
	at org.springframework.beans.factory.support.AbstractBeanFactory.doGetBean(AbstractBeanFactory.java:335)
	at org.springframework.beans.factory.support.AbstractBeanFactory.getBean(AbstractBeanFactory.java:200)
	at org.springframework.beans.factory.config.DependencyDescriptor.resolveCandidate(DependencyDescriptor.java:254)
	at org.springframework.beans.factory.support.DefaultListableBeanFactory.doResolveDependency(DefaultListableBeanFactory.java:1443)
	at org.springframework.beans.factory.support.DefaultListableBeanFactory.resolveDependency(DefaultListableBeanFactory.java:1353)
	at org.springframework.beans.factory.support.ConstructorResolver.resolveAutowiredArgument(ConstructorResolver.java:904)
	at org.springframework.beans.factory.support.ConstructorResolver.createArgumentArray(ConstructorResolver.java:782)
	at org.springframework.beans.factory.support.ConstructorResolver.autowireConstructor(ConstructorResolver.java:237)
	at org.springframework.beans.factory.support.AbstractAutowireCapableBeanFactory.autowireConstructor(AbstractAutowireCapableBeanFactory.java:1357)
	at org.springframework.beans.factory.support.AbstractAutowireCapableBeanFactory.createBeanInstance(AbstractAutowireCapableBeanFactory.java:1194)
	at org.springframework.beans.factory.support.AbstractAutowireCapableBeanFactory.doCreateBean(AbstractAutowireCapableBeanFactory.java:562)
	at org.springframework.beans.factory.support.AbstractAutowireCapableBeanFactory.createBean(AbstractAutowireCapableBeanFactory.java:522)
	at org.springframework.beans.factory.support.AbstractBeanFactory.lambda$doGetBean$0(AbstractBeanFactory.java:337)
	at org.springframework.beans.factory.support.DefaultSingletonBeanRegistry.getSingleton(DefaultSingletonBeanRegistry.java:234)
	at org.springframework.beans.factory.support.AbstractBeanFactory.doGetBean(AbstractBeanFactory.java:335)
	at org.springframework.beans.factory.support.AbstractBeanFactory.getBean(AbstractBeanFactory.java:200)
	at org.springframework.beans.factory.config.DependencyDescriptor.resolveCandidate(DependencyDescriptor.java:254)
	at org.springframework.beans.factory.support.DefaultListableBeanFactory.doResolveDependency(DefaultListableBeanFactory.java:1443)
	at org.springframework.beans.factory.support.DefaultListableBeanFactory.resolveDependency(DefaultListableBeanFactory.java:1353)
	at org.springframework.beans.factory.annotation.AutowiredAnnotationBeanPostProcessor$AutowiredFieldElement.resolveFieldValue(AutowiredAnnotationBeanPostProcessor.java:784)
	at org.springframework.beans.factory.annotation.AutowiredAnnotationBeanPostProcessor$AutowiredFieldElement.inject(AutowiredAnnotationBeanPostProcessor.java:767)
	at org.springframework.beans.factory.annotation.InjectionMetadata.inject(InjectionMetadata.java:145)
	at org.springframework.beans.factory.annotation.AutowiredAnnotationBeanPostProcessor.postProcessProperties(AutowiredAnnotationBeanPostProcessor.java:508)
	at org.springframework.beans.factory.support.AbstractAutowireCapableBeanFactory.populateBean(AbstractAutowireCapableBeanFactory.java:1421)
	at org.springframework.beans.factory.support.AbstractAutowireCapableBeanFactory.doCreateBean(AbstractAutowireCapableBeanFactory.java:599)
	at org.springframework.beans.factory.support.AbstractAutowireCapableBeanFactory.createBean(AbstractAutowireCapableBeanFactory.java:522)
	at org.springframework.beans.factory.support.AbstractBeanFactory.lambda$doGetBean$0(AbstractBeanFactory.java:337)
	at org.springframework.beans.factory.support.DefaultSingletonBeanRegistry.getSingleton(DefaultSingletonBeanRegistry.java:234)
	at org.springframework.beans.factory.support.AbstractBeanFactory.doGetBean(AbstractBeanFactory.java:335)
	at org.springframework.beans.factory.support.AbstractBeanFactory.getBean(AbstractBeanFactory.java:205)
	at org.springframework.boot.web.servlet.ServletContextInitializerBeans.getOrderedBeansOfType(ServletContextInitializerBeans.java:211)
	at org.springframework.boot.web.servlet.ServletContextInitializerBeans.addAsRegistrationBean(ServletContextInitializerBeans.java:174)
	at org.springframework.boot.web.servlet.ServletContextInitializerBeans.addAsRegistrationBean(ServletContextInitializerBeans.java:169)
	at org.springframework.boot.web.servlet.ServletContextInitializerBeans.addAdaptableBeans(ServletContextInitializerBeans.java:154)
	at org.springframework.boot.web.servlet.ServletContextInitializerBeans.<init>(ServletContextInitializerBeans.java:87)
	at org.springframework.boot.web.servlet.context.ServletWebServerApplicationContext.getServletContextInitializerBeans(ServletWebServerApplicationContext.java:266)
	at org.springframework.boot.web.servlet.context.ServletWebServerApplicationContext.selfInitialize(ServletWebServerApplicationContext.java:240)
	at org.springframework.boot.web.embedded.tomcat.TomcatStarter.onStartup(TomcatStarter.java:52)
	at org.apache.catalina.core.StandardContext.startInternal(StandardContext.java:4414)
	at org.apache.catalina.util.LifecycleBase.start(LifecycleBase.java:164)
	at org.apache.catalina.core.ContainerBase$StartChild.call(ContainerBase.java:1203)
	at org.apache.catalina.core.ContainerBase$StartChild.call(ContainerBase.java:1193)
	at java.base/java.util.concurrent.FutureTask.run(FutureTask.java:264)
	at org.apache.tomcat.util.threads.InlineExecutorService.execute(InlineExecutorService.java:75)
	at java.base/java.util.concurrent.AbstractExecutorService.submit(AbstractExecutorService.java:145)
	at org.apache.catalina.core.ContainerBase.startInternal(ContainerBase.java:749)
	at org.apache.catalina.core.StandardHost.startInternal(StandardHost.java:772)
	at org.apache.catalina.util.LifecycleBase.start(LifecycleBase.java:164)
	at org.apache.catalina.core.ContainerBase$StartChild.call(ContainerBase.java:1203)
	at org.apache.catalina.core.ContainerBase$StartChild.call(ContainerBase.java:1193)
	at java.base/java.util.concurrent.FutureTask.run(FutureTask.java:264)
	at org.apache.tomcat.util.threads.InlineExecutorService.execute(InlineExecutorService.java:75)
	at java.base/java.util.concurrent.AbstractExecutorService.submit(AbstractExecutorService.java:145)
	at org.apache.catalina.core.ContainerBase.startInternal(ContainerBase.java:749)
	at org.apache.catalina.core.StandardEngine.startInternal(StandardEngine.java:203)
	at org.apache.catalina.util.LifecycleBase.start(LifecycleBase.java:164)
	at org.apache.catalina.core.StandardService.startInternal(StandardService.java:415)
	at org.apache.catalina.util.LifecycleBase.start(LifecycleBase.java:164)
	at org.apache.catalina.core.StandardServer.startInternal(StandardServer.java:874)
	at org.apache.catalina.util.LifecycleBase.start(LifecycleBase.java:164)
	at org.apache.catalina.startup.Tomcat.start(Tomcat.java:437)
	at org.springframework.boot.web.embedded.tomcat.TomcatWebServer.initialize(TomcatWebServer.java:128)
	at org.springframework.boot.web.embedded.tomcat.TomcatWebServer.<init>(TomcatWebServer.java:107)
	at org.springframework.boot.web.embedded.tomcat.TomcatServletWebServerFactory.getTomcatWebServer(TomcatServletWebServerFactory.java:516)
	at org.springframework.boot.web.embedded.tomcat.TomcatServletWebServerFactory.getWebServer(TomcatServletWebServerFactory.java:222)
	at org.springframework.boot.web.servlet.context.ServletWebServerApplicationContext.createWebServer(ServletWebServerApplicationContext.java:188)
	at org.springframework.boot.web.servlet.context.ServletWebServerApplicationContext.onRefresh(ServletWebServerApplicationContext.java:162)
	at org.springframework.context.support.AbstractApplicationContext.refresh(AbstractApplicationContext.java:618)
	at org.springframework.boot.web.servlet.context.ServletWebServerApplicationContext.refresh(ServletWebServerApplicationContext.java:146)
	at org.springframework.boot.SpringApplication.refresh(SpringApplication.java:754)
	at org.springframework.boot.SpringApplication.refreshContext(SpringApplication.java:456)
	at org.springframework.boot.SpringApplication.run(SpringApplication.java:335)
	at org.springframework.boot.SpringApplication.run(SpringApplication.java:1363)
	at org.springframework.boot.SpringApplication.run(SpringApplication.java:1352)
	at com.udipsai.backend.UdipsaiBackendApplication.main(UdipsaiBackendApplication.java:19)
	at java.base/jdk.internal.reflect.NativeMethodAccessorImpl.invoke0(Native Method)
	at java.base/jdk.internal.reflect.NativeMethodAccessorImpl.invoke(NativeMethodAccessorImpl.java:77)
	at java.base/jdk.internal.reflect.DelegatingMethodAccessorImpl.invoke(DelegatingMethodAccessorImpl.java:43)
	at java.base/java.lang.reflect.Method.invoke(Method.java:569)
	at org.springframework.boot.loader.launch.Launcher.launch(Launcher.java:91)
	at org.springframework.boot.loader.launch.Launcher.launch(Launcher.java:53)
	at org.springframework.boot.loader.launch.JarLauncher.main(JarLauncher.java:58)
2025-11-30 19:02:46.302 [main] WARN  org.hibernate.orm.deprecation - HHH90000025: PostgreSQLDialect does not need to be specified explicitly using 'hibernate.dialect' (remove the property setting and it will be selected by default)
2025-11-30 19:02:48.677 [main] INFO  o.h.e.t.j.p.i.JtaPlatformInitiator - HHH000489: No JTA platform available (set 'hibernate.transaction.jta.platform' to enable JTA platform integration)
2025-11-30 19:02:48.677 [main] INFO  o.s.o.j.LocalContainerEntityManagerFactoryBean - Initialized JPA EntityManagerFactory for persistence unit 'default'
2025-11-30 19:02:49.574 [main] DEBUG c.u.backend.common.config.LogFilter - Filter 'logFilter' configured for use
2025-11-30 19:02:49.578 [main] DEBUG c.u.backend.common.config.JwtFilter - Filter 'jwtFilter' configured for use
2025-11-30 19:02:49.803 [main] INFO  o.s.s.c.a.a.c.InitializeUserDetailsBeanManagerConfigurer$InitializeUserDetailsManagerConfigurer - Global AuthenticationManager configured with UserDetailsService bean with name usuarioSecurityService
2025-11-30 19:02:49.988 [main] INFO  o.s.d.j.r.query.QueryEnhancerFactory - Hibernate is in classpath; If applicable, HQL parser will be used.
2025-11-30 19:02:52.496 [main] WARN  o.s.b.a.o.j.JpaBaseConfiguration$JpaWebConfiguration - spring.jpa.open-in-view is enabled by default. Therefore, database queries may be performed during view rendering. Explicitly configure spring.jpa.open-in-view to disable this warning
2025-11-30 19:02:53.624 [main] INFO  o.s.b.a.e.web.EndpointLinksResolver - Exposing 3 endpoints beneath base path '/actuator'
2025-11-30 19:02:53.789 [main] DEBUG o.s.s.web.DefaultSecurityFilterChain - Will secure any request with filters: DisableEncodeUrlFilter, WebAsyncManagerIntegrationFilter, SecurityContextHolderFilter, HeaderWriterFilter, CorsFilter, LogoutFilter, LogFilter, JwtFilter, RequestCacheAwareFilter, SecurityContextHolderAwareRequestFilter, AnonymousAuthenticationFilter, SessionManagementFilter, ExceptionTranslationFilter, AuthorizationFilter
2025-11-30 19:02:54.958 [main] INFO  o.s.b.w.e.tomcat.TomcatWebServer - Tomcat started on port 8080 (http) with context path '/'
2025-11-30 19:02:55.013 [main] INFO  c.u.b.UdipsaiBackendApplication - Started UdipsaiBackendApplication in 20.467 seconds (process running for 21.435)
2025-11-30 19:02:55.099 [main] INFO  c.u.b.UdipsaiBackendApplication - ==============================================
2025-11-30 19:02:55.101 [main] INFO  c.u.b.UdipsaiBackendApplication - Sistema UDIPSAI Backend Iniciado Correctamente
2025-11-30 19:02:55.101 [main] INFO  c.u.b.UdipsaiBackendApplication - Módulos disponibles: Autenticación, Usuarios, Citas
2025-11-30 19:02:55.101 [main] INFO  c.u.b.UdipsaiBackendApplication - ==============================================
2025-11-30 19:03:03.629 [http-nio-8080-exec-1] INFO  o.a.c.c.C.[Tomcat].[localhost].[/] - Initializing Spring DispatcherServlet 'dispatcherServlet'
2025-11-30 19:03:03.629 [http-nio-8080-exec-1] INFO  o.s.web.servlet.DispatcherServlet - Initializing Servlet 'dispatcherServlet'
2025-11-30 19:03:03.633 [http-nio-8080-exec-1] INFO  o.s.web.servlet.DispatcherServlet - Completed initialization in 0 ms
2025-11-30 19:03:03.672 [http-nio-8080-exec-1] DEBUG o.s.security.web.FilterChainProxy - Securing POST /api/auth/login
2025-11-30 19:03:03.685 [http-nio-8080-exec-1] DEBUG c.u.backend.common.config.LogFilter - ========== REQUEST DATA ==========
2025-11-30 19:03:03.685 [http-nio-8080-exec-1] DEBUG c.u.backend.common.config.LogFilter - Origin IP=[0:0:0:0:0:0:0:1]
2025-11-30 19:03:03.685 [http-nio-8080-exec-1] DEBUG c.u.backend.common.config.LogFilter - URI=[/api/auth/login]
2025-11-30 19:03:03.685 [http-nio-8080-exec-1] DEBUG c.u.backend.common.config.LogFilter - Method=[POST]
2025-11-30 19:03:03.685 [http-nio-8080-exec-1] DEBUG c.u.backend.common.config.LogFilter - Host Header=[localhost:8080]
2025-11-30 19:03:03.685 [http-nio-8080-exec-1] DEBUG c.u.backend.common.config.LogFilter - Server IP=[0:0:0:0:0:0:0:1]
2025-11-30 19:03:03.700 [http-nio-8080-exec-1] DEBUG c.u.backend.common.config.LogFilter - Content-Type=[application/json]
2025-11-30 19:03:03.702 [http-nio-8080-exec-1] DEBUG c.u.backend.common.config.LogFilter - User-Agent=[Mozilla/5.0 (Windows NT; Windows NT 10.0; es-EC) WindowsPowerShell/5.1.26100.7019]
2025-11-30 19:03:03.704 [http-nio-8080-exec-1] DEBUG o.s.s.w.a.AnonymousAuthenticationFilter - Set SecurityContextHolder to anonymous SecurityContext
2025-11-30 19:03:03.715 [http-nio-8080-exec-1] DEBUG o.s.security.web.FilterChainProxy - Secured POST /api/auth/login
2025-11-30 19:03:03.832 [http-nio-8080-exec-1] INFO  c.u.b.a.w.controller.AuthController - Login de usuario con cedula: 1234567890
2025-11-30 19:03:03.929 [http-nio-8080-exec-1] INFO  c.u.b.a.s.UsuarioSecurityService - loadUserByUsername()
2025-11-30 19:03:03.929 [http-nio-8080-exec-1] INFO  c.u.b.a.s.UsuarioSecurityService - Cargando usuario con cédula 1234567890
2025-11-30 19:03:04.048 [http-nio-8080-exec-1] INFO  com.zaxxer.hikari.HikariDataSource - HikariPool-1 - Starting...
2025-11-30 19:03:05.129 [http-nio-8080-exec-1] WARN  o.h.e.jdbc.spi.SqlExceptionHelper - SQL Error: 0, SQLState: 28P01
2025-11-30 19:03:05.140 [http-nio-8080-exec-1] ERROR o.h.e.jdbc.spi.SqlExceptionHelper - FATAL: la autentificaci?n password fall? para el usuario ?postgres?
2025-11-30 19:03:05.155 [http-nio-8080-exec-1] ERROR c.u.b.a.w.controller.AuthController - 401 UNAUTHORIZED: Credenciales inválidas
2025-11-30 19:03:05.181 [http-nio-8080-exec-1] DEBUG c.u.backend.common.config.LogFilter - Response Status=[401]
2025-11-30 19:04:56.894 [main] INFO  c.u.b.UdipsaiBackendApplication - Starting UdipsaiBackendApplication v0.0.1-SNAPSHOT using Java 17.0.17 with PID 4388 (C:\Users\Usuario\Downloads\vinculacion\sistema-web-turnos-udipsai\sistema-web-turnos-udipsai\backend\udipsai-backend\target\udipsai-backend-0.0.1-SNAPSHOT.jar started by Usuario in C:\Users\Usuario\Downloads\vinculacion\sistema-web-turnos-udipsai\sistema-web-turnos-udipsai\backend\udipsai-backend)
2025-11-30 19:04:56.911 [main] DEBUG c.u.b.UdipsaiBackendApplication - Running with Spring Boot v3.3.1, Spring v6.1.10
2025-11-30 19:04:56.914 [main] INFO  c.u.b.UdipsaiBackendApplication - No active profile set, falling back to 1 default profile: "default"
2025-11-30 19:04:59.940 [main] INFO  o.s.d.r.c.RepositoryConfigurationDelegate - Bootstrapping Spring Data JPA repositories in DEFAULT mode.
2025-11-30 19:05:00.153 [main] INFO  o.s.d.r.c.RepositoryConfigurationDelegate - Finished Spring Data repository scanning in 187 ms. Found 13 JPA repository interfaces.
2025-11-30 19:05:03.667 [main] INFO  o.s.b.w.e.tomcat.TomcatWebServer - Tomcat initialized with port 8080 (http)
2025-11-30 19:05:03.710 [main] INFO  o.a.catalina.core.StandardService - Starting service [Tomcat]
2025-11-30 19:05:03.712 [main] INFO  o.a.catalina.core.StandardEngine - Starting Servlet engine: [Apache Tomcat/10.1.25]
2025-11-30 19:05:03.975 [main] INFO  o.a.c.c.C.[Tomcat].[localhost].[/] - Initializing Spring embedded WebApplicationContext
2025-11-30 19:05:03.975 [main] INFO  o.s.b.w.s.c.ServletWebServerApplicationContext - Root WebApplicationContext: initialization completed in 6848 ms
2025-11-30 19:05:04.864 [main] INFO  com.zaxxer.hikari.HikariDataSource - HikariPool-1 - Starting...
2025-11-30 19:05:07.228 [main] INFO  o.h.jpa.internal.util.LogHelper - HHH000204: Processing PersistenceUnitInfo [name: default]
2025-11-30 19:05:07.660 [main] INFO  org.hibernate.Version - HHH000412: Hibernate ORM core version 6.5.2.Final
2025-11-30 19:05:07.863 [main] INFO  o.h.c.i.RegionFactoryInitiator - HHH000026: Second-level cache disabled
2025-11-30 19:05:08.872 [main] INFO  o.s.o.j.p.SpringPersistenceUnitInfo - No LoadTimeWeaver setup: ignoring JPA class transformer
2025-11-30 19:05:09.005 [main] INFO  com.zaxxer.hikari.HikariDataSource - HikariPool-1 - Starting...
2025-11-30 19:05:10.138 [main] WARN  o.h.e.j.e.i.JdbcEnvironmentInitiator - HHH000342: Could not obtain connection to query metadata
java.lang.NullPointerException: Cannot invoke "org.hibernate.engine.jdbc.spi.SqlExceptionHelper.convert(java.sql.SQLException, String)" because the return value of "org.hibernate.resource.transaction.backend.jdbc.internal.JdbcIsolationDelegate.sqlExceptionHelper()" is null
	at org.hibernate.resource.transaction.backend.jdbc.internal.JdbcIsolationDelegate.delegateWork(JdbcIsolationDelegate.java:116)
	at org.hibernate.engine.jdbc.env.internal.JdbcEnvironmentInitiator.getJdbcEnvironmentUsingJdbcMetadata(JdbcEnvironmentInitiator.java:290)
	at org.hibernate.engine.jdbc.env.internal.JdbcEnvironmentInitiator.initiateService(JdbcEnvironmentInitiator.java:123)
	at org.hibernate.engine.jdbc.env.internal.JdbcEnvironmentInitiator.initiateService(JdbcEnvironmentInitiator.java:77)
	at org.hibernate.boot.registry.internal.StandardServiceRegistryImpl.initiateService(StandardServiceRegistryImpl.java:130)
	at org.hibernate.service.internal.AbstractServiceRegistryImpl.createService(AbstractServiceRegistryImpl.java:263)
	at org.hibernate.service.internal.AbstractServiceRegistryImpl.initializeService(AbstractServiceRegistryImpl.java:238)
	at org.hibernate.service.internal.AbstractServiceRegistryImpl.getService(AbstractServiceRegistryImpl.java:215)
	at org.hibernate.boot.model.relational.Database.<init>(Database.java:45)
	at org.hibernate.boot.internal.InFlightMetadataCollectorImpl.getDatabase(InFlightMetadataCollectorImpl.java:221)
	at org.hibernate.boot.internal.InFlightMetadataCollectorImpl.<init>(InFlightMetadataCollectorImpl.java:189)
	at org.hibernate.boot.model.process.spi.MetadataBuildingProcess.complete(MetadataBuildingProcess.java:171)
	at org.hibernate.jpa.boot.internal.EntityManagerFactoryBuilderImpl.metadata(EntityManagerFactoryBuilderImpl.java:1431)
	at org.hibernate.jpa.boot.internal.EntityManagerFactoryBuilderImpl.build(EntityManagerFactoryBuilderImpl.java:1502)
	at org.springframework.orm.jpa.vendor.SpringHibernateJpaPersistenceProvider.createContainerEntityManagerFactory(SpringHibernateJpaPersistenceProvider.java:75)
	at org.springframework.orm.jpa.LocalContainerEntityManagerFactoryBean.createNativeEntityManagerFactory(LocalContainerEntityManagerFactoryBean.java:390)
	at org.springframework.orm.jpa.AbstractEntityManagerFactoryBean.buildNativeEntityManagerFactory(AbstractEntityManagerFactoryBean.java:409)
	at org.springframework.orm.jpa.AbstractEntityManagerFactoryBean.afterPropertiesSet(AbstractEntityManagerFactoryBean.java:396)
	at org.springframework.orm.jpa.LocalContainerEntityManagerFactoryBean.afterPropertiesSet(LocalContainerEntityManagerFactoryBean.java:366)
	at org.springframework.beans.factory.support.AbstractAutowireCapableBeanFactory.invokeInitMethods(AbstractAutowireCapableBeanFactory.java:1835)
	at org.springframework.beans.factory.support.AbstractAutowireCapableBeanFactory.initializeBean(AbstractAutowireCapableBeanFactory.java:1784)
	at org.springframework.beans.factory.support.AbstractAutowireCapableBeanFactory.doCreateBean(AbstractAutowireCapableBeanFactory.java:600)
	at org.springframework.beans.factory.support.AbstractAutowireCapableBeanFactory.createBean(AbstractAutowireCapableBeanFactory.java:522)
	at org.springframework.beans.factory.support.AbstractBeanFactory.lambda$doGetBean$0(AbstractBeanFactory.java:337)
	at org.springframework.beans.factory.support.DefaultSingletonBeanRegistry.getSingleton(DefaultSingletonBeanRegistry.java:234)
	at org.springframework.beans.factory.support.AbstractBeanFactory.doGetBean(AbstractBeanFactory.java:335)
	at org.springframework.beans.factory.support.AbstractBeanFactory.getBean(AbstractBeanFactory.java:200)
	at org.springframework.beans.factory.support.BeanDefinitionValueResolver.resolveReference(BeanDefinitionValueResolver.java:365)
	at org.springframework.beans.factory.support.BeanDefinitionValueResolver.resolveValueIfNecessary(BeanDefinitionValueResolver.java:135)
	at org.springframework.beans.factory.support.ConstructorResolver.resolveConstructorArguments(ConstructorResolver.java:682)
	at org.springframework.beans.factory.support.ConstructorResolver.instantiateUsingFactoryMethod(ConstructorResolver.java:509)
	at org.springframework.beans.factory.support.AbstractAutowireCapableBeanFactory.instantiateUsingFactoryMethod(AbstractAutowireCapableBeanFactory.java:1337)
	at org.springframework.beans.factory.support.AbstractAutowireCapableBeanFactory.createBeanInstance(AbstractAutowireCapableBeanFactory.java:1167)
	at org.springframework.beans.factory.support.AbstractAutowireCapableBeanFactory.doCreateBean(AbstractAutowireCapableBeanFactory.java:562)
	at org.springframework.beans.factory.support.AbstractAutowireCapableBeanFactory.createBean(AbstractAutowireCapableBeanFactory.java:522)
	at org.springframework.beans.factory.support.AbstractBeanFactory.lambda$doGetBean$0(AbstractBeanFactory.java:337)
	at org.springframework.beans.factory.support.DefaultSingletonBeanRegistry.getSingleton(DefaultSingletonBeanRegistry.java:234)
	at org.springframework.beans.factory.support.AbstractBeanFactory.doGetBean(AbstractBeanFactory.java:335)
	at org.springframework.beans.factory.support.AbstractBeanFactory.getBean(AbstractBeanFactory.java:200)
	at org.springframework.beans.factory.support.BeanDefinitionValueResolver.resolveReference(BeanDefinitionValueResolver.java:365)
	at org.springframework.beans.factory.support.BeanDefinitionValueResolver.resolveValueIfNecessary(BeanDefinitionValueResolver.java:135)
	at org.springframework.beans.factory.support.AbstractAutowireCapableBeanFactory.applyPropertyValues(AbstractAutowireCapableBeanFactory.java:1687)
	at org.springframework.beans.factory.support.AbstractAutowireCapableBeanFactory.populateBean(AbstractAutowireCapableBeanFactory.java:1436)
	at org.springframework.beans.factory.support.AbstractAutowireCapableBeanFactory.doCreateBean(AbstractAutowireCapableBeanFactory.java:599)
	at org.springframework.beans.factory.support.AbstractAutowireCapableBeanFactory.createBean(AbstractAutowireCapableBeanFactory.java:522)
	at org.springframework.beans.factory.support.AbstractBeanFactory.lambda$doGetBean$0(AbstractBeanFactory.java:337)
	at org.springframework.beans.factory.support.DefaultSingletonBeanRegistry.getSingleton(DefaultSingletonBeanRegistry.java:234)
	at org.springframework.beans.factory.support.AbstractBeanFactory.doGetBean(AbstractBeanFactory.java:335)
	at org.springframework.beans.factory.support.AbstractBeanFactory.getBean(AbstractBeanFactory.java:200)
	at org.springframework.beans.factory.config.DependencyDescriptor.resolveCandidate(DependencyDescriptor.java:254)
	at org.springframework.beans.factory.support.DefaultListableBeanFactory.doResolveDependency(DefaultListableBeanFactory.java:1443)
	at org.springframework.beans.factory.support.DefaultListableBeanFactory.resolveDependency(DefaultListableBeanFactory.java:1353)
	at org.springframework.beans.factory.support.ConstructorResolver.resolveAutowiredArgument(ConstructorResolver.java:904)
	at org.springframework.beans.factory.support.ConstructorResolver.createArgumentArray(ConstructorResolver.java:782)
	at org.springframework.beans.factory.support.ConstructorResolver.autowireConstructor(ConstructorResolver.java:237)
	at org.springframework.beans.factory.support.AbstractAutowireCapableBeanFactory.autowireConstructor(AbstractAutowireCapableBeanFactory.java:1357)
	at org.springframework.beans.factory.support.AbstractAutowireCapableBeanFactory.createBeanInstance(AbstractAutowireCapableBeanFactory.java:1194)
	at org.springframework.beans.factory.support.AbstractAutowireCapableBeanFactory.doCreateBean(AbstractAutowireCapableBeanFactory.java:562)
	at org.springframework.beans.factory.support.AbstractAutowireCapableBeanFactory.createBean(AbstractAutowireCapableBeanFactory.java:522)
	at org.springframework.beans.factory.support.AbstractBeanFactory.lambda$doGetBean$0(AbstractBeanFactory.java:337)
	at org.springframework.beans.factory.support.DefaultSingletonBeanRegistry.getSingleton(DefaultSingletonBeanRegistry.java:234)
	at org.springframework.beans.factory.support.AbstractBeanFactory.doGetBean(AbstractBeanFactory.java:335)
	at org.springframework.beans.factory.support.AbstractBeanFactory.getBean(AbstractBeanFactory.java:200)
	at org.springframework.beans.factory.config.DependencyDescriptor.resolveCandidate(DependencyDescriptor.java:254)
	at org.springframework.beans.factory.support.DefaultListableBeanFactory.doResolveDependency(DefaultListableBeanFactory.java:1443)
	at org.springframework.beans.factory.support.DefaultListableBeanFactory.resolveDependency(DefaultListableBeanFactory.java:1353)
	at org.springframework.beans.factory.annotation.AutowiredAnnotationBeanPostProcessor$AutowiredFieldElement.resolveFieldValue(AutowiredAnnotationBeanPostProcessor.java:784)
	at org.springframework.beans.factory.annotation.AutowiredAnnotationBeanPostProcessor$AutowiredFieldElement.inject(AutowiredAnnotationBeanPostProcessor.java:767)
	at org.springframework.beans.factory.annotation.InjectionMetadata.inject(InjectionMetadata.java:145)
	at org.springframework.beans.factory.annotation.AutowiredAnnotationBeanPostProcessor.postProcessProperties(AutowiredAnnotationBeanPostProcessor.java:508)
	at org.springframework.beans.factory.support.AbstractAutowireCapableBeanFactory.populateBean(AbstractAutowireCapableBeanFactory.java:1421)
	at org.springframework.beans.factory.support.AbstractAutowireCapableBeanFactory.doCreateBean(AbstractAutowireCapableBeanFactory.java:599)
	at org.springframework.beans.factory.support.AbstractAutowireCapableBeanFactory.createBean(AbstractAutowireCapableBeanFactory.java:522)
	at org.springframework.beans.factory.support.AbstractBeanFactory.lambda$doGetBean$0(AbstractBeanFactory.java:337)
	at org.springframework.beans.factory.support.DefaultSingletonBeanRegistry.getSingleton(DefaultSingletonBeanRegistry.java:234)
	at org.springframework.beans.factory.support.AbstractBeanFactory.doGetBean(AbstractBeanFactory.java:335)
	at org.springframework.beans.factory.support.AbstractBeanFactory.getBean(AbstractBeanFactory.java:205)
	at org.springframework.boot.web.servlet.ServletContextInitializerBeans.getOrderedBeansOfType(ServletContextInitializerBeans.java:211)
	at org.springframework.boot.web.servlet.ServletContextInitializerBeans.addAsRegistrationBean(ServletContextInitializerBeans.java:174)
	at org.springframework.boot.web.servlet.ServletContextInitializerBeans.addAsRegistrationBean(ServletContextInitializerBeans.java:169)
	at org.springframework.boot.web.servlet.ServletContextInitializerBeans.addAdaptableBeans(ServletContextInitializerBeans.java:154)
	at org.springframework.boot.web.servlet.ServletContextInitializerBeans.<init>(ServletContextInitializerBeans.java:87)
	at org.springframework.boot.web.servlet.context.ServletWebServerApplicationContext.getServletContextInitializerBeans(ServletWebServerApplicationContext.java:266)
	at org.springframework.boot.web.servlet.context.ServletWebServerApplicationContext.selfInitialize(ServletWebServerApplicationContext.java:240)
	at org.springframework.boot.web.embedded.tomcat.TomcatStarter.onStartup(TomcatStarter.java:52)
	at org.apache.catalina.core.StandardContext.startInternal(StandardContext.java:4414)
	at org.apache.catalina.util.LifecycleBase.start(LifecycleBase.java:164)
	at org.apache.catalina.core.ContainerBase$StartChild.call(ContainerBase.java:1203)
	at org.apache.catalina.core.ContainerBase$StartChild.call(ContainerBase.java:1193)
	at java.base/java.util.concurrent.FutureTask.run(FutureTask.java:264)
	at org.apache.tomcat.util.threads.InlineExecutorService.execute(InlineExecutorService.java:75)
	at java.base/java.util.concurrent.AbstractExecutorService.submit(AbstractExecutorService.java:145)
	at org.apache.catalina.core.ContainerBase.startInternal(ContainerBase.java:749)
	at org.apache.catalina.core.StandardHost.startInternal(StandardHost.java:772)
	at org.apache.catalina.util.LifecycleBase.start(LifecycleBase.java:164)
	at org.apache.catalina.core.ContainerBase$StartChild.call(ContainerBase.java:1203)
	at org.apache.catalina.core.ContainerBase$StartChild.call(ContainerBase.java:1193)
	at java.base/java.util.concurrent.FutureTask.run(FutureTask.java:264)
	at org.apache.tomcat.util.threads.InlineExecutorService.execute(InlineExecutorService.java:75)
	at java.base/java.util.concurrent.AbstractExecutorService.submit(AbstractExecutorService.java:145)
	at org.apache.catalina.core.ContainerBase.startInternal(ContainerBase.java:749)
	at org.apache.catalina.core.StandardEngine.startInternal(StandardEngine.java:203)
	at org.apache.catalina.util.LifecycleBase.start(LifecycleBase.java:164)
	at org.apache.catalina.core.StandardService.startInternal(StandardService.java:415)
	at org.apache.catalina.util.LifecycleBase.start(LifecycleBase.java:164)
	at org.apache.catalina.core.StandardServer.startInternal(StandardServer.java:874)
	at org.apache.catalina.util.LifecycleBase.start(LifecycleBase.java:164)
	at org.apache.catalina.startup.Tomcat.start(Tomcat.java:437)
	at org.springframework.boot.web.embedded.tomcat.TomcatWebServer.initialize(TomcatWebServer.java:128)
	at org.springframework.boot.web.embedded.tomcat.TomcatWebServer.<init>(TomcatWebServer.java:107)
	at org.springframework.boot.web.embedded.tomcat.TomcatServletWebServerFactory.getTomcatWebServer(TomcatServletWebServerFactory.java:516)
	at org.springframework.boot.web.embedded.tomcat.TomcatServletWebServerFactory.getWebServer(TomcatServletWebServerFactory.java:222)
	at org.springframework.boot.web.servlet.context.ServletWebServerApplicationContext.createWebServer(ServletWebServerApplicationContext.java:188)
	at org.springframework.boot.web.servlet.context.ServletWebServerApplicationContext.onRefresh(ServletWebServerApplicationContext.java:162)
	at org.springframework.context.support.AbstractApplicationContext.refresh(AbstractApplicationContext.java:618)
	at org.springframework.boot.web.servlet.context.ServletWebServerApplicationContext.refresh(ServletWebServerApplicationContext.java:146)
	at org.springframework.boot.SpringApplication.refresh(SpringApplication.java:754)
	at org.springframework.boot.SpringApplication.refreshContext(SpringApplication.java:456)
	at org.springframework.boot.SpringApplication.run(SpringApplication.java:335)
	at org.springframework.boot.SpringApplication.run(SpringApplication.java:1363)
	at org.springframework.boot.SpringApplication.run(SpringApplication.java:1352)
	at com.udipsai.backend.UdipsaiBackendApplication.main(UdipsaiBackendApplication.java:19)
	at java.base/jdk.internal.reflect.NativeMethodAccessorImpl.invoke0(Native Method)
	at java.base/jdk.internal.reflect.NativeMethodAccessorImpl.invoke(NativeMethodAccessorImpl.java:77)
	at java.base/jdk.internal.reflect.DelegatingMethodAccessorImpl.invoke(DelegatingMethodAccessorImpl.java:43)
	at java.base/java.lang.reflect.Method.invoke(Method.java:569)
	at org.springframework.boot.loader.launch.Launcher.launch(Launcher.java:91)
	at org.springframework.boot.loader.launch.Launcher.launch(Launcher.java:53)
	at org.springframework.boot.loader.launch.JarLauncher.main(JarLauncher.java:58)
2025-11-30 19:05:10.238 [main] WARN  org.hibernate.orm.deprecation - HHH90000025: PostgreSQLDialect does not need to be specified explicitly using 'hibernate.dialect' (remove the property setting and it will be selected by default)
2025-11-30 19:05:15.580 [main] INFO  o.h.e.t.j.p.i.JtaPlatformInitiator - HHH000489: No JTA platform available (set 'hibernate.transaction.jta.platform' to enable JTA platform integration)
2025-11-30 19:05:15.596 [main] INFO  o.s.o.j.LocalContainerEntityManagerFactoryBean - Initialized JPA EntityManagerFactory for persistence unit 'default'
2025-11-30 19:05:17.477 [main] DEBUG c.u.backend.common.config.LogFilter - Filter 'logFilter' configured for use
2025-11-30 19:05:17.479 [main] DEBUG c.u.backend.common.config.JwtFilter - Filter 'jwtFilter' configured for use
2025-11-30 19:05:18.508 [main] INFO  o.s.s.c.a.a.c.InitializeUserDetailsBeanManagerConfigurer$InitializeUserDetailsManagerConfigurer - Global AuthenticationManager configured with UserDetailsService bean with name usuarioSecurityService
2025-11-30 19:05:19.464 [main] INFO  o.s.d.j.r.query.QueryEnhancerFactory - Hibernate is in classpath; If applicable, HQL parser will be used.
2025-11-30 19:05:27.185 [main] WARN  o.s.b.a.o.j.JpaBaseConfiguration$JpaWebConfiguration - spring.jpa.open-in-view is enabled by default. Therefore, database queries may be performed during view rendering. Explicitly configure spring.jpa.open-in-view to disable this warning
2025-11-30 19:05:30.492 [main] INFO  o.s.b.a.e.web.EndpointLinksResolver - Exposing 3 endpoints beneath base path '/actuator'
2025-11-30 19:05:31.198 [main] DEBUG o.s.s.web.DefaultSecurityFilterChain - Will secure any request with filters: DisableEncodeUrlFilter, WebAsyncManagerIntegrationFilter, SecurityContextHolderFilter, HeaderWriterFilter, CorsFilter, LogoutFilter, LogFilter, JwtFilter, RequestCacheAwareFilter, SecurityContextHolderAwareRequestFilter, AnonymousAuthenticationFilter, SessionManagementFilter, ExceptionTranslationFilter, AuthorizationFilter
2025-11-30 19:05:33.502 [main] INFO  o.s.b.w.e.tomcat.TomcatWebServer - Tomcat started on port 8080 (http) with context path '/'
2025-11-30 19:05:33.611 [main] INFO  c.u.b.UdipsaiBackendApplication - Started UdipsaiBackendApplication in 38.413 seconds (process running for 39.713)
2025-11-30 19:05:33.760 [main] INFO  c.u.b.UdipsaiBackendApplication - ==============================================
2025-11-30 19:05:33.760 [main] INFO  c.u.b.UdipsaiBackendApplication - Sistema UDIPSAI Backend Iniciado Correctamente
2025-11-30 19:05:33.762 [main] INFO  c.u.b.UdipsaiBackendApplication - Módulos disponibles: Autenticación, Usuarios, Citas
2025-11-30 19:05:33.763 [main] INFO  c.u.b.UdipsaiBackendApplication - ==============================================
2025-11-30 19:06:00.518 [http-nio-8080-exec-1] INFO  o.a.c.c.C.[Tomcat].[localhost].[/] - Initializing Spring DispatcherServlet 'dispatcherServlet'
2025-11-30 19:06:00.520 [http-nio-8080-exec-1] INFO  o.s.web.servlet.DispatcherServlet - Initializing Servlet 'dispatcherServlet'
2025-11-30 19:06:00.523 [http-nio-8080-exec-1] INFO  o.s.web.servlet.DispatcherServlet - Completed initialization in 1 ms
2025-11-30 19:06:00.562 [http-nio-8080-exec-1] DEBUG o.s.security.web.FilterChainProxy - Securing POST /api/auth/login
2025-11-30 19:06:00.591 [http-nio-8080-exec-1] DEBUG c.u.backend.common.config.LogFilter - ========== REQUEST DATA ==========
2025-11-30 19:06:00.594 [http-nio-8080-exec-1] DEBUG c.u.backend.common.config.LogFilter - Origin IP=[0:0:0:0:0:0:0:1]
2025-11-30 19:06:00.594 [http-nio-8080-exec-1] DEBUG c.u.backend.common.config.LogFilter - URI=[/api/auth/login]
2025-11-30 19:06:00.596 [http-nio-8080-exec-1] DEBUG c.u.backend.common.config.LogFilter - Method=[POST]
2025-11-30 19:06:00.596 [http-nio-8080-exec-1] DEBUG c.u.backend.common.config.LogFilter - Host Header=[localhost:8080]
2025-11-30 19:06:00.596 [http-nio-8080-exec-1] DEBUG c.u.backend.common.config.LogFilter - Server IP=[0:0:0:0:0:0:0:1]
2025-11-30 19:06:00.596 [http-nio-8080-exec-1] DEBUG c.u.backend.common.config.LogFilter - Content-Type=[application/json]
2025-11-30 19:06:00.598 [http-nio-8080-exec-1] DEBUG c.u.backend.common.config.LogFilter - User-Agent=[Mozilla/5.0 (Windows NT; Windows NT 10.0; es-EC) WindowsPowerShell/5.1.26100.7019]
2025-11-30 19:06:00.602 [http-nio-8080-exec-1] DEBUG o.s.s.w.a.AnonymousAuthenticationFilter - Set SecurityContextHolder to anonymous SecurityContext
2025-11-30 19:06:00.606 [http-nio-8080-exec-1] DEBUG o.s.security.web.FilterChainProxy - Secured POST /api/auth/login
2025-11-30 19:06:00.740 [http-nio-8080-exec-1] INFO  c.u.b.a.w.controller.AuthController - Login de usuario con cedula: 1234567890
2025-11-30 19:06:00.821 [http-nio-8080-exec-1] INFO  c.u.b.a.s.UsuarioSecurityService - loadUserByUsername()
2025-11-30 19:06:00.821 [http-nio-8080-exec-1] INFO  c.u.b.a.s.UsuarioSecurityService - Cargando usuario con cédula 1234567890
2025-11-30 19:06:00.967 [http-nio-8080-exec-1] INFO  com.zaxxer.hikari.HikariDataSource - HikariPool-1 - Starting...
2025-11-30 19:06:02.038 [http-nio-8080-exec-1] WARN  o.h.e.jdbc.spi.SqlExceptionHelper - SQL Error: 0, SQLState: 3D000
2025-11-30 19:06:02.038 [http-nio-8080-exec-1] ERROR o.h.e.jdbc.spi.SqlExceptionHelper - FATAL: no existe la base de datos ?udipsai?
2025-11-30 19:06:02.058 [http-nio-8080-exec-1] ERROR c.u.b.a.w.controller.AuthController - 401 UNAUTHORIZED: Credenciales inválidas
2025-11-30 19:06:02.079 [http-nio-8080-exec-1] DEBUG c.u.backend.common.config.LogFilter - Response Status=[401]
2025-11-30 19:07:22.363 [main] INFO  c.u.b.UdipsaiBackendApplication - Starting UdipsaiBackendApplication v0.0.1-SNAPSHOT using Java 17.0.17 with PID 16588 (C:\Users\Usuario\Downloads\vinculacion\sistema-web-turnos-udipsai\sistema-web-turnos-udipsai\backend\udipsai-backend\target\udipsai-backend-0.0.1-SNAPSHOT.jar started by Usuario in C:\Users\Usuario\Downloads\vinculacion\sistema-web-turnos-udipsai\sistema-web-turnos-udipsai\backend\udipsai-backend)
2025-11-30 19:07:22.376 [main] DEBUG c.u.b.UdipsaiBackendApplication - Running with Spring Boot v3.3.1, Spring v6.1.10
2025-11-30 19:07:22.376 [main] INFO  c.u.b.UdipsaiBackendApplication - No active profile set, falling back to 1 default profile: "default"
2025-11-30 19:07:25.587 [main] INFO  o.s.d.r.c.RepositoryConfigurationDelegate - Bootstrapping Spring Data JPA repositories in DEFAULT mode.
2025-11-30 19:07:25.813 [main] INFO  o.s.d.r.c.RepositoryConfigurationDelegate - Finished Spring Data repository scanning in 192 ms. Found 13 JPA repository interfaces.
2025-11-30 19:07:27.903 [main] INFO  o.s.b.w.e.tomcat.TomcatWebServer - Tomcat initialized with port 8080 (http)
2025-11-30 19:07:27.930 [main] INFO  o.a.catalina.core.StandardService - Starting service [Tomcat]
2025-11-30 19:07:27.930 [main] INFO  o.a.catalina.core.StandardEngine - Starting Servlet engine: [Apache Tomcat/10.1.25]
2025-11-30 19:07:28.076 [main] INFO  o.a.c.c.C.[Tomcat].[localhost].[/] - Initializing Spring embedded WebApplicationContext
2025-11-30 19:07:28.078 [main] INFO  o.s.b.w.s.c.ServletWebServerApplicationContext - Root WebApplicationContext: initialization completed in 5511 ms
2025-11-30 19:07:28.952 [main] INFO  o.h.jpa.internal.util.LogHelper - HHH000204: Processing PersistenceUnitInfo [name: default]
2025-11-30 19:07:29.113 [main] INFO  org.hibernate.Version - HHH000412: Hibernate ORM core version 6.5.2.Final
2025-11-30 19:07:29.200 [main] INFO  o.h.c.i.RegionFactoryInitiator - HHH000026: Second-level cache disabled
2025-11-30 19:07:30.113 [main] INFO  o.s.o.j.p.SpringPersistenceUnitInfo - No LoadTimeWeaver setup: ignoring JPA class transformer
2025-11-30 19:07:30.191 [main] INFO  com.zaxxer.hikari.HikariDataSource - HikariPool-1 - Starting...
2025-11-30 19:07:31.537 [main] WARN  o.h.e.j.e.i.JdbcEnvironmentInitiator - HHH000342: Could not obtain connection to query metadata
java.lang.NullPointerException: Cannot invoke "org.hibernate.engine.jdbc.spi.SqlExceptionHelper.convert(java.sql.SQLException, String)" because the return value of "org.hibernate.resource.transaction.backend.jdbc.internal.JdbcIsolationDelegate.sqlExceptionHelper()" is null
	at org.hibernate.resource.transaction.backend.jdbc.internal.JdbcIsolationDelegate.delegateWork(JdbcIsolationDelegate.java:116)
	at org.hibernate.engine.jdbc.env.internal.JdbcEnvironmentInitiator.getJdbcEnvironmentUsingJdbcMetadata(JdbcEnvironmentInitiator.java:290)
	at org.hibernate.engine.jdbc.env.internal.JdbcEnvironmentInitiator.initiateService(JdbcEnvironmentInitiator.java:123)
	at org.hibernate.engine.jdbc.env.internal.JdbcEnvironmentInitiator.initiateService(JdbcEnvironmentInitiator.java:77)
	at org.hibernate.boot.registry.internal.StandardServiceRegistryImpl.initiateService(StandardServiceRegistryImpl.java:130)
	at org.hibernate.service.internal.AbstractServiceRegistryImpl.createService(AbstractServiceRegistryImpl.java:263)
	at org.hibernate.service.internal.AbstractServiceRegistryImpl.initializeService(AbstractServiceRegistryImpl.java:238)
	at org.hibernate.service.internal.AbstractServiceRegistryImpl.getService(AbstractServiceRegistryImpl.java:215)
	at org.hibernate.boot.model.relational.Database.<init>(Database.java:45)
	at org.hibernate.boot.internal.InFlightMetadataCollectorImpl.getDatabase(InFlightMetadataCollectorImpl.java:221)
	at org.hibernate.boot.internal.InFlightMetadataCollectorImpl.<init>(InFlightMetadataCollectorImpl.java:189)
	at org.hibernate.boot.model.process.spi.MetadataBuildingProcess.complete(MetadataBuildingProcess.java:171)
	at org.hibernate.jpa.boot.internal.EntityManagerFactoryBuilderImpl.metadata(EntityManagerFactoryBuilderImpl.java:1431)
	at org.hibernate.jpa.boot.internal.EntityManagerFactoryBuilderImpl.build(EntityManagerFactoryBuilderImpl.java:1502)
	at org.springframework.orm.jpa.vendor.SpringHibernateJpaPersistenceProvider.createContainerEntityManagerFactory(SpringHibernateJpaPersistenceProvider.java:75)
	at org.springframework.orm.jpa.LocalContainerEntityManagerFactoryBean.createNativeEntityManagerFactory(LocalContainerEntityManagerFactoryBean.java:390)
	at org.springframework.orm.jpa.AbstractEntityManagerFactoryBean.buildNativeEntityManagerFactory(AbstractEntityManagerFactoryBean.java:409)
	at org.springframework.orm.jpa.AbstractEntityManagerFactoryBean.afterPropertiesSet(AbstractEntityManagerFactoryBean.java:396)
	at org.springframework.orm.jpa.LocalContainerEntityManagerFactoryBean.afterPropertiesSet(LocalContainerEntityManagerFactoryBean.java:366)
	at org.springframework.beans.factory.support.AbstractAutowireCapableBeanFactory.invokeInitMethods(AbstractAutowireCapableBeanFactory.java:1835)
	at org.springframework.beans.factory.support.AbstractAutowireCapableBeanFactory.initializeBean(AbstractAutowireCapableBeanFactory.java:1784)
	at org.springframework.beans.factory.support.AbstractAutowireCapableBeanFactory.doCreateBean(AbstractAutowireCapableBeanFactory.java:600)
	at org.springframework.beans.factory.support.AbstractAutowireCapableBeanFactory.createBean(AbstractAutowireCapableBeanFactory.java:522)
	at org.springframework.beans.factory.support.AbstractBeanFactory.lambda$doGetBean$0(AbstractBeanFactory.java:337)
	at org.springframework.beans.factory.support.DefaultSingletonBeanRegistry.getSingleton(DefaultSingletonBeanRegistry.java:234)
	at org.springframework.beans.factory.support.AbstractBeanFactory.doGetBean(AbstractBeanFactory.java:335)
	at org.springframework.beans.factory.support.AbstractBeanFactory.getBean(AbstractBeanFactory.java:200)
	at org.springframework.beans.factory.support.BeanDefinitionValueResolver.resolveReference(BeanDefinitionValueResolver.java:365)
	at org.springframework.beans.factory.support.BeanDefinitionValueResolver.resolveValueIfNecessary(BeanDefinitionValueResolver.java:135)
	at org.springframework.beans.factory.support.ConstructorResolver.resolveConstructorArguments(ConstructorResolver.java:682)
	at org.springframework.beans.factory.support.ConstructorResolver.instantiateUsingFactoryMethod(ConstructorResolver.java:509)
	at org.springframework.beans.factory.support.AbstractAutowireCapableBeanFactory.instantiateUsingFactoryMethod(AbstractAutowireCapableBeanFactory.java:1337)
	at org.springframework.beans.factory.support.AbstractAutowireCapableBeanFactory.createBeanInstance(AbstractAutowireCapableBeanFactory.java:1167)
	at org.springframework.beans.factory.support.AbstractAutowireCapableBeanFactory.doCreateBean(AbstractAutowireCapableBeanFactory.java:562)
	at org.springframework.beans.factory.support.AbstractAutowireCapableBeanFactory.createBean(AbstractAutowireCapableBeanFactory.java:522)
	at org.springframework.beans.factory.support.AbstractBeanFactory.lambda$doGetBean$0(AbstractBeanFactory.java:337)
	at org.springframework.beans.factory.support.DefaultSingletonBeanRegistry.getSingleton(DefaultSingletonBeanRegistry.java:234)
	at org.springframework.beans.factory.support.AbstractBeanFactory.doGetBean(AbstractBeanFactory.java:335)
	at org.springframework.beans.factory.support.AbstractBeanFactory.getBean(AbstractBeanFactory.java:200)
	at org.springframework.beans.factory.support.BeanDefinitionValueResolver.resolveReference(BeanDefinitionValueResolver.java:365)
	at org.springframework.beans.factory.support.BeanDefinitionValueResolver.resolveValueIfNecessary(BeanDefinitionValueResolver.java:135)
	at org.springframework.beans.factory.support.AbstractAutowireCapableBeanFactory.applyPropertyValues(AbstractAutowireCapableBeanFactory.java:1687)
	at org.springframework.beans.factory.support.AbstractAutowireCapableBeanFactory.populateBean(AbstractAutowireCapableBeanFactory.java:1436)
	at org.springframework.beans.factory.support.AbstractAutowireCapableBeanFactory.doCreateBean(AbstractAutowireCapableBeanFactory.java:599)
	at org.springframework.beans.factory.support.AbstractAutowireCapableBeanFactory.createBean(AbstractAutowireCapableBeanFactory.java:522)
	at org.springframework.beans.factory.support.AbstractBeanFactory.lambda$doGetBean$0(AbstractBeanFactory.java:337)
	at org.springframework.beans.factory.support.DefaultSingletonBeanRegistry.getSingleton(DefaultSingletonBeanRegistry.java:234)
	at org.springframework.beans.factory.support.AbstractBeanFactory.doGetBean(AbstractBeanFactory.java:335)
	at org.springframework.beans.factory.support.AbstractBeanFactory.getBean(AbstractBeanFactory.java:200)
	at org.springframework.beans.factory.config.DependencyDescriptor.resolveCandidate(DependencyDescriptor.java:254)
	at org.springframework.beans.factory.support.DefaultListableBeanFactory.doResolveDependency(DefaultListableBeanFactory.java:1443)
	at org.springframework.beans.factory.support.DefaultListableBeanFactory.resolveDependency(DefaultListableBeanFactory.java:1353)
	at org.springframework.beans.factory.support.ConstructorResolver.resolveAutowiredArgument(ConstructorResolver.java:904)
	at org.springframework.beans.factory.support.ConstructorResolver.createArgumentArray(ConstructorResolver.java:782)
	at org.springframework.beans.factory.support.ConstructorResolver.autowireConstructor(ConstructorResolver.java:237)
	at org.springframework.beans.factory.support.AbstractAutowireCapableBeanFactory.autowireConstructor(AbstractAutowireCapableBeanFactory.java:1357)
	at org.springframework.beans.factory.support.AbstractAutowireCapableBeanFactory.createBeanInstance(AbstractAutowireCapableBeanFactory.java:1194)
	at org.springframework.beans.factory.support.AbstractAutowireCapableBeanFactory.doCreateBean(AbstractAutowireCapableBeanFactory.java:562)
	at org.springframework.beans.factory.support.AbstractAutowireCapableBeanFactory.createBean(AbstractAutowireCapableBeanFactory.java:522)
	at org.springframework.beans.factory.support.AbstractBeanFactory.lambda$doGetBean$0(AbstractBeanFactory.java:337)
	at org.springframework.beans.factory.support.DefaultSingletonBeanRegistry.getSingleton(DefaultSingletonBeanRegistry.java:234)
	at org.springframework.beans.factory.support.AbstractBeanFactory.doGetBean(AbstractBeanFactory.java:335)
	at org.springframework.beans.factory.support.AbstractBeanFactory.getBean(AbstractBeanFactory.java:200)
	at org.springframework.beans.factory.config.DependencyDescriptor.resolveCandidate(DependencyDescriptor.java:254)
	at org.springframework.beans.factory.support.DefaultListableBeanFactory.doResolveDependency(DefaultListableBeanFactory.java:1443)
	at org.springframework.beans.factory.support.DefaultListableBeanFactory.resolveDependency(DefaultListableBeanFactory.java:1353)
	at org.springframework.beans.factory.annotation.AutowiredAnnotationBeanPostProcessor$AutowiredFieldElement.resolveFieldValue(AutowiredAnnotationBeanPostProcessor.java:784)
	at org.springframework.beans.factory.annotation.AutowiredAnnotationBeanPostProcessor$AutowiredFieldElement.inject(AutowiredAnnotationBeanPostProcessor.java:767)
	at org.springframework.beans.factory.annotation.InjectionMetadata.inject(InjectionMetadata.java:145)
	at org.springframework.beans.factory.annotation.AutowiredAnnotationBeanPostProcessor.postProcessProperties(AutowiredAnnotationBeanPostProcessor.java:508)
	at org.springframework.beans.factory.support.AbstractAutowireCapableBeanFactory.populateBean(AbstractAutowireCapableBeanFactory.java:1421)
	at org.springframework.beans.factory.support.AbstractAutowireCapableBeanFactory.doCreateBean(AbstractAutowireCapableBeanFactory.java:599)
	at org.springframework.beans.factory.support.AbstractAutowireCapableBeanFactory.createBean(AbstractAutowireCapableBeanFactory.java:522)
	at org.springframework.beans.factory.support.AbstractBeanFactory.lambda$doGetBean$0(AbstractBeanFactory.java:337)
	at org.springframework.beans.factory.support.DefaultSingletonBeanRegistry.getSingleton(DefaultSingletonBeanRegistry.java:234)
	at org.springframework.beans.factory.support.AbstractBeanFactory.doGetBean(AbstractBeanFactory.java:335)
	at org.springframework.beans.factory.support.AbstractBeanFactory.getBean(AbstractBeanFactory.java:205)
	at org.springframework.boot.web.servlet.ServletContextInitializerBeans.getOrderedBeansOfType(ServletContextInitializerBeans.java:211)
	at org.springframework.boot.web.servlet.ServletContextInitializerBeans.addAsRegistrationBean(ServletContextInitializerBeans.java:174)
	at org.springframework.boot.web.servlet.ServletContextInitializerBeans.addAsRegistrationBean(ServletContextInitializerBeans.java:169)
	at org.springframework.boot.web.servlet.ServletContextInitializerBeans.addAdaptableBeans(ServletContextInitializerBeans.java:154)
	at org.springframework.boot.web.servlet.ServletContextInitializerBeans.<init>(ServletContextInitializerBeans.java:87)
	at org.springframework.boot.web.servlet.context.ServletWebServerApplicationContext.getServletContextInitializerBeans(ServletWebServerApplicationContext.java:266)
	at org.springframework.boot.web.servlet.context.ServletWebServerApplicationContext.selfInitialize(ServletWebServerApplicationContext.java:240)
	at org.springframework.boot.web.embedded.tomcat.TomcatStarter.onStartup(TomcatStarter.java:52)
	at org.apache.catalina.core.StandardContext.startInternal(StandardContext.java:4414)
	at org.apache.catalina.util.LifecycleBase.start(LifecycleBase.java:164)
	at org.apache.catalina.core.ContainerBase$StartChild.call(ContainerBase.java:1203)
	at org.apache.catalina.core.ContainerBase$StartChild.call(ContainerBase.java:1193)
	at java.base/java.util.concurrent.FutureTask.run(FutureTask.java:264)
	at org.apache.tomcat.util.threads.InlineExecutorService.execute(InlineExecutorService.java:75)
	at java.base/java.util.concurrent.AbstractExecutorService.submit(AbstractExecutorService.java:145)
	at org.apache.catalina.core.ContainerBase.startInternal(ContainerBase.java:749)
	at org.apache.catalina.core.StandardHost.startInternal(StandardHost.java:772)
	at org.apache.catalina.util.LifecycleBase.start(LifecycleBase.java:164)
	at org.apache.catalina.core.ContainerBase$StartChild.call(ContainerBase.java:1203)
	at org.apache.catalina.core.ContainerBase$StartChild.call(ContainerBase.java:1193)
	at java.base/java.util.concurrent.FutureTask.run(FutureTask.java:264)
	at org.apache.tomcat.util.threads.InlineExecutorService.execute(InlineExecutorService.java:75)
	at java.base/java.util.concurrent.AbstractExecutorService.submit(AbstractExecutorService.java:145)
	at org.apache.catalina.core.ContainerBase.startInternal(ContainerBase.java:749)
	at org.apache.catalina.core.StandardEngine.startInternal(StandardEngine.java:203)
	at org.apache.catalina.util.LifecycleBase.start(LifecycleBase.java:164)
	at org.apache.catalina.core.StandardService.startInternal(StandardService.java:415)
	at org.apache.catalina.util.LifecycleBase.start(LifecycleBase.java:164)
	at org.apache.catalina.core.StandardServer.startInternal(StandardServer.java:874)
	at org.apache.catalina.util.LifecycleBase.start(LifecycleBase.java:164)
	at org.apache.catalina.startup.Tomcat.start(Tomcat.java:437)
	at org.springframework.boot.web.embedded.tomcat.TomcatWebServer.initialize(TomcatWebServer.java:128)
	at org.springframework.boot.web.embedded.tomcat.TomcatWebServer.<init>(TomcatWebServer.java:107)
	at org.springframework.boot.web.embedded.tomcat.TomcatServletWebServerFactory.getTomcatWebServer(TomcatServletWebServerFactory.java:516)
	at org.springframework.boot.web.embedded.tomcat.TomcatServletWebServerFactory.getWebServer(TomcatServletWebServerFactory.java:222)
	at org.springframework.boot.web.servlet.context.ServletWebServerApplicationContext.createWebServer(ServletWebServerApplicationContext.java:188)
	at org.springframework.boot.web.servlet.context.ServletWebServerApplicationContext.onRefresh(ServletWebServerApplicationContext.java:162)
	at org.springframework.context.support.AbstractApplicationContext.refresh(AbstractApplicationContext.java:618)
	at org.springframework.boot.web.servlet.context.ServletWebServerApplicationContext.refresh(ServletWebServerApplicationContext.java:146)
	at org.springframework.boot.SpringApplication.refresh(SpringApplication.java:754)
	at org.springframework.boot.SpringApplication.refreshContext(SpringApplication.java:456)
	at org.springframework.boot.SpringApplication.run(SpringApplication.java:335)
	at org.springframework.boot.SpringApplication.run(SpringApplication.java:1363)
	at org.springframework.boot.SpringApplication.run(SpringApplication.java:1352)
	at com.udipsai.backend.UdipsaiBackendApplication.main(UdipsaiBackendApplication.java:19)
	at java.base/jdk.internal.reflect.NativeMethodAccessorImpl.invoke0(Native Method)
	at java.base/jdk.internal.reflect.NativeMethodAccessorImpl.invoke(NativeMethodAccessorImpl.java:77)
	at java.base/jdk.internal.reflect.DelegatingMethodAccessorImpl.invoke(DelegatingMethodAccessorImpl.java:43)
	at java.base/java.lang.reflect.Method.invoke(Method.java:569)
	at org.springframework.boot.loader.launch.Launcher.launch(Launcher.java:91)
	at org.springframework.boot.loader.launch.Launcher.launch(Launcher.java:53)
	at org.springframework.boot.loader.launch.JarLauncher.main(JarLauncher.java:58)
2025-11-30 19:07:31.570 [main] WARN  org.hibernate.orm.deprecation - HHH90000025: PostgreSQLDialect does not need to be specified explicitly using 'hibernate.dialect' (remove the property setting and it will be selected by default)
2025-11-30 19:07:33.726 [main] INFO  o.h.e.t.j.p.i.JtaPlatformInitiator - HHH000489: No JTA platform available (set 'hibernate.transaction.jta.platform' to enable JTA platform integration)
2025-11-30 19:07:33.759 [main] INFO  com.zaxxer.hikari.HikariDataSource - HikariPool-1 - Starting...
2025-11-30 19:07:34.837 [main] WARN  o.h.e.jdbc.spi.SqlExceptionHelper - SQL Error: 0, SQLState: 3D000
2025-11-30 19:07:34.840 [main] ERROR o.h.e.jdbc.spi.SqlExceptionHelper - FATAL: no existe la base de datos ?udipsai?
2025-11-30 19:07:34.841 [main] ERROR o.s.o.j.LocalContainerEntityManagerFactoryBean - Failed to initialize JPA EntityManagerFactory: [PersistenceUnit: default] Unable to build Hibernate SessionFactory; nested exception is org.hibernate.exception.GenericJDBCException: Unable to open JDBC Connection for DDL execution [FATAL: no existe la base de datos ?udipsai?] [n/a]
2025-11-30 19:07:34.841 [main] ERROR o.s.b.w.e.tomcat.TomcatStarter - Error starting Tomcat context. Exception: org.springframework.beans.factory.UnsatisfiedDependencyException. Message: Error creating bean with name 'jwtFilter': Unsatisfied dependency expressed through field 'userDetailsService': Error creating bean with name 'usuarioSecurityService' defined in URL [jar:nested:/C:/Users/Usuario/Downloads/vinculacion/sistema-web-turnos-udipsai/sistema-web-turnos-udipsai/backend/udipsai-backend/target/udipsai-backend-0.0.1-SNAPSHOT.jar/!BOOT-INF/classes/!/com/udipsai/backend/auth/service/UsuarioSecurityService.class]: Unsatisfied dependency expressed through constructor parameter 0: Error creating bean with name 'usuarioRepository' defined in com.udipsai.backend.usuarios.persistence.repository.UsuarioRepository defined in @EnableJpaRepositories declared on JpaRepositoriesRegistrar.EnableJpaRepositoriesConfiguration: Cannot resolve reference to bean 'jpaSharedEM_entityManagerFactory' while setting bean property 'entityManager'
2025-11-30 19:07:34.884 [main] INFO  o.a.catalina.core.StandardService - Stopping service [Tomcat]
2025-11-30 19:07:34.893 [main] WARN  o.s.b.w.s.c.AnnotationConfigServletWebServerApplicationContext - Exception encountered during context initialization - cancelling refresh attempt: org.springframework.context.ApplicationContextException: Unable to start web server
2025-11-30 19:07:34.914 [main] INFO  o.s.b.a.l.ConditionEvaluationReportLogger - 

Error starting ApplicationContext. To display the condition evaluation report re-run your application with 'debug' enabled.
2025-11-30 19:07:34.924 [main] ERROR o.s.boot.SpringApplication - Application run failed
org.springframework.context.ApplicationContextException: Unable to start web server
	at org.springframework.boot.web.servlet.context.ServletWebServerApplicationContext.onRefresh(ServletWebServerApplicationContext.java:165)
	at org.springframework.context.support.AbstractApplicationContext.refresh(AbstractApplicationContext.java:618)
	at org.springframework.boot.web.servlet.context.ServletWebServerApplicationContext.refresh(ServletWebServerApplicationContext.java:146)
	at org.springframework.boot.SpringApplication.refresh(SpringApplication.java:754)
	at org.springframework.boot.SpringApplication.refreshContext(SpringApplication.java:456)
	at org.springframework.boot.SpringApplication.run(SpringApplication.java:335)
	at org.springframework.boot.SpringApplication.run(SpringApplication.java:1363)
	at org.springframework.boot.SpringApplication.run(SpringApplication.java:1352)
	at com.udipsai.backend.UdipsaiBackendApplication.main(UdipsaiBackendApplication.java:19)
	at java.base/jdk.internal.reflect.NativeMethodAccessorImpl.invoke0(Native Method)
	at java.base/jdk.internal.reflect.NativeMethodAccessorImpl.invoke(NativeMethodAccessorImpl.java:77)
	at java.base/jdk.internal.reflect.DelegatingMethodAccessorImpl.invoke(DelegatingMethodAccessorImpl.java:43)
	at java.base/java.lang.reflect.Method.invoke(Method.java:569)
	at org.springframework.boot.loader.launch.Launcher.launch(Launcher.java:91)
	at org.springframework.boot.loader.launch.Launcher.launch(Launcher.java:53)
	at org.springframework.boot.loader.launch.JarLauncher.main(JarLauncher.java:58)
Caused by: org.springframework.boot.web.server.WebServerException: Unable to start embedded Tomcat
	at org.springframework.boot.web.embedded.tomcat.TomcatWebServer.initialize(TomcatWebServer.java:147)
	at org.springframework.boot.web.embedded.tomcat.TomcatWebServer.<init>(TomcatWebServer.java:107)
	at org.springframework.boot.web.embedded.tomcat.TomcatServletWebServerFactory.getTomcatWebServer(TomcatServletWebServerFactory.java:516)
	at org.springframework.boot.web.embedded.tomcat.TomcatServletWebServerFactory.getWebServer(TomcatServletWebServerFactory.java:222)
	at org.springframework.boot.web.servlet.context.ServletWebServerApplicationContext.createWebServer(ServletWebServerApplicationContext.java:188)
	at org.springframework.boot.web.servlet.context.ServletWebServerApplicationContext.onRefresh(ServletWebServerApplicationContext.java:162)
	... 15 common frames omitted
Caused by: org.springframework.beans.factory.UnsatisfiedDependencyException: Error creating bean with name 'jwtFilter': Unsatisfied dependency expressed through field 'userDetailsService': Error creating bean with name 'usuarioSecurityService' defined in URL [jar:nested:/C:/Users/Usuario/Downloads/vinculacion/sistema-web-turnos-udipsai/sistema-web-turnos-udipsai/backend/udipsai-backend/target/udipsai-backend-0.0.1-SNAPSHOT.jar/!BOOT-INF/classes/!/com/udipsai/backend/auth/service/UsuarioSecurityService.class]: Unsatisfied dependency expressed through constructor parameter 0: Error creating bean with name 'usuarioRepository' defined in com.udipsai.backend.usuarios.persistence.repository.UsuarioRepository defined in @EnableJpaRepositories declared on JpaRepositoriesRegistrar.EnableJpaRepositoriesConfiguration: Cannot resolve reference to bean 'jpaSharedEM_entityManagerFactory' while setting bean property 'entityManager'
	at org.springframework.beans.factory.annotation.AutowiredAnnotationBeanPostProcessor$AutowiredFieldElement.resolveFieldValue(AutowiredAnnotationBeanPostProcessor.java:787)
	at org.springframework.beans.factory.annotation.AutowiredAnnotationBeanPostProcessor$AutowiredFieldElement.inject(AutowiredAnnotationBeanPostProcessor.java:767)
	at org.springframework.beans.factory.annotation.InjectionMetadata.inject(InjectionMetadata.java:145)
	at org.springframework.beans.factory.annotation.AutowiredAnnotationBeanPostProcessor.postProcessProperties(AutowiredAnnotationBeanPostProcessor.java:508)
	at org.springframework.beans.factory.support.AbstractAutowireCapableBeanFactory.populateBean(AbstractAutowireCapableBeanFactory.java:1421)
	at org.springframework.beans.factory.support.AbstractAutowireCapableBeanFactory.doCreateBean(AbstractAutowireCapableBeanFactory.java:599)
	at org.springframework.beans.factory.support.AbstractAutowireCapableBeanFactory.createBean(AbstractAutowireCapableBeanFactory.java:522)
	at org.springframework.beans.factory.support.AbstractBeanFactory.lambda$doGetBean$0(AbstractBeanFactory.java:337)
	at org.springframework.beans.factory.support.DefaultSingletonBeanRegistry.getSingleton(DefaultSingletonBeanRegistry.java:234)
	at org.springframework.beans.factory.support.AbstractBeanFactory.doGetBean(AbstractBeanFactory.java:335)
	at org.springframework.beans.factory.support.AbstractBeanFactory.getBean(AbstractBeanFactory.java:205)
	at org.springframework.boot.web.servlet.ServletContextInitializerBeans.getOrderedBeansOfType(ServletContextInitializerBeans.java:211)
	at org.springframework.boot.web.servlet.ServletContextInitializerBeans.addAsRegistrationBean(ServletContextInitializerBeans.java:174)
	at org.springframework.boot.web.servlet.ServletContextInitializerBeans.addAsRegistrationBean(ServletContextInitializerBeans.java:169)
	at org.springframework.boot.web.servlet.ServletContextInitializerBeans.addAdaptableBeans(ServletContextInitializerBeans.java:154)
	at org.springframework.boot.web.servlet.ServletContextInitializerBeans.<init>(ServletContextInitializerBeans.java:87)
	at org.springframework.boot.web.servlet.context.ServletWebServerApplicationContext.getServletContextInitializerBeans(ServletWebServerApplicationContext.java:266)
	at org.springframework.boot.web.servlet.context.ServletWebServerApplicationContext.selfInitialize(ServletWebServerApplicationContext.java:240)
	at org.springframework.boot.web.embedded.tomcat.TomcatStarter.onStartup(TomcatStarter.java:52)
	at org.apache.catalina.core.StandardContext.startInternal(StandardContext.java:4414)
	at org.apache.catalina.util.LifecycleBase.start(LifecycleBase.java:164)
	at org.apache.catalina.core.ContainerBase$StartChild.call(ContainerBase.java:1203)
	at org.apache.catalina.core.ContainerBase$StartChild.call(ContainerBase.java:1193)
	at java.base/java.util.concurrent.FutureTask.run(FutureTask.java:264)
	at org.apache.tomcat.util.threads.InlineExecutorService.execute(InlineExecutorService.java:75)
	at java.base/java.util.concurrent.AbstractExecutorService.submit(AbstractExecutorService.java:145)
	at org.apache.catalina.core.ContainerBase.startInternal(ContainerBase.java:749)
	at org.apache.catalina.core.StandardHost.startInternal(StandardHost.java:772)
	at org.apache.catalina.util.LifecycleBase.start(LifecycleBase.java:164)
	at org.apache.catalina.core.ContainerBase$StartChild.call(ContainerBase.java:1203)
	at org.apache.catalina.core.ContainerBase$StartChild.call(ContainerBase.java:1193)
	at java.base/java.util.concurrent.FutureTask.run(FutureTask.java:264)
	at org.apache.tomcat.util.threads.InlineExecutorService.execute(InlineExecutorService.java:75)
	at java.base/java.util.concurrent.AbstractExecutorService.submit(AbstractExecutorService.java:145)
	at org.apache.catalina.core.ContainerBase.startInternal(ContainerBase.java:749)
	at org.apache.catalina.core.StandardEngine.startInternal(StandardEngine.java:203)
	at org.apache.catalina.util.LifecycleBase.start(LifecycleBase.java:164)
	at org.apache.catalina.core.StandardService.startInternal(StandardService.java:415)
	at org.apache.catalina.util.LifecycleBase.start(LifecycleBase.java:164)
	at org.apache.catalina.core.StandardServer.startInternal(StandardServer.java:874)
	at org.apache.catalina.util.LifecycleBase.start(LifecycleBase.java:164)
	at org.apache.catalina.startup.Tomcat.start(Tomcat.java:437)
	at org.springframework.boot.web.embedded.tomcat.TomcatWebServer.initialize(TomcatWebServer.java:128)
	... 20 common frames omitted
Caused by: org.springframework.beans.factory.UnsatisfiedDependencyException: Error creating bean with name 'usuarioSecurityService' defined in URL [jar:nested:/C:/Users/Usuario/Downloads/vinculacion/sistema-web-turnos-udipsai/sistema-web-turnos-udipsai/backend/udipsai-backend/target/udipsai-backend-0.0.1-SNAPSHOT.jar/!BOOT-INF/classes/!/com/udipsai/backend/auth/service/UsuarioSecurityService.class]: Unsatisfied dependency expressed through constructor parameter 0: Error creating bean with name 'usuarioRepository' defined in com.udipsai.backend.usuarios.persistence.repository.UsuarioRepository defined in @EnableJpaRepositories declared on JpaRepositoriesRegistrar.EnableJpaRepositoriesConfiguration: Cannot resolve reference to bean 'jpaSharedEM_entityManagerFactory' while setting bean property 'entityManager'
	at org.springframework.beans.factory.support.ConstructorResolver.createArgumentArray(ConstructorResolver.java:795)
	at org.springframework.beans.factory.support.ConstructorResolver.autowireConstructor(ConstructorResolver.java:237)
	at org.springframework.beans.factory.support.AbstractAutowireCapableBeanFactory.autowireConstructor(AbstractAutowireCapableBeanFactory.java:1357)
	at org.springframework.beans.factory.support.AbstractAutowireCapableBeanFactory.createBeanInstance(AbstractAutowireCapableBeanFactory.java:1194)
	at org.springframework.beans.factory.support.AbstractAutowireCapableBeanFactory.doCreateBean(AbstractAutowireCapableBeanFactory.java:562)
	at org.springframework.beans.factory.support.AbstractAutowireCapableBeanFactory.createBean(AbstractAutowireCapableBeanFactory.java:522)
	at org.springframework.beans.factory.support.AbstractBeanFactory.lambda$doGetBean$0(AbstractBeanFactory.java:337)
	at org.springframework.beans.factory.support.DefaultSingletonBeanRegistry.getSingleton(DefaultSingletonBeanRegistry.java:234)
	at org.springframework.beans.factory.support.AbstractBeanFactory.doGetBean(AbstractBeanFactory.java:335)
	at org.springframework.beans.factory.support.AbstractBeanFactory.getBean(AbstractBeanFactory.java:200)
	at org.springframework.beans.factory.config.DependencyDescriptor.resolveCandidate(DependencyDescriptor.java:254)
	at org.springframework.beans.factory.support.DefaultListableBeanFactory.doResolveDependency(DefaultListableBeanFactory.java:1443)
	at org.springframework.beans.factory.support.DefaultListableBeanFactory.resolveDependency(DefaultListableBeanFactory.java:1353)
	at org.springframework.beans.factory.annotation.AutowiredAnnotationBeanPostProcessor$AutowiredFieldElement.resolveFieldValue(AutowiredAnnotationBeanPostProcessor.java:784)
	... 62 common frames omitted
Caused by: org.springframework.beans.factory.BeanCreationException: Error creating bean with name 'usuarioRepository' defined in com.udipsai.backend.usuarios.persistence.repository.UsuarioRepository defined in @EnableJpaRepositories declared on JpaRepositoriesRegistrar.EnableJpaRepositoriesConfiguration: Cannot resolve reference to bean 'jpaSharedEM_entityManagerFactory' while setting bean property 'entityManager'
	at org.springframework.beans.factory.support.BeanDefinitionValueResolver.resolveReference(BeanDefinitionValueResolver.java:377)
	at org.springframework.beans.factory.support.BeanDefinitionValueResolver.resolveValueIfNecessary(BeanDefinitionValueResolver.java:135)
	at org.springframework.beans.factory.support.AbstractAutowireCapableBeanFactory.applyPropertyValues(AbstractAutowireCapableBeanFactory.java:1687)
	at org.springframework.beans.factory.support.AbstractAutowireCapableBeanFactory.populateBean(AbstractAutowireCapableBeanFactory.java:1436)
	at org.springframework.beans.factory.support.AbstractAutowireCapableBeanFactory.doCreateBean(AbstractAutowireCapableBeanFactory.java:599)
	at org.springframework.beans.factory.support.AbstractAutowireCapableBeanFactory.createBean(AbstractAutowireCapableBeanFactory.java:522)
	at org.springframework.beans.factory.support.AbstractBeanFactory.lambda$doGetBean$0(AbstractBeanFactory.java:337)
	at org.springframework.beans.factory.support.DefaultSingletonBeanRegistry.getSingleton(DefaultSingletonBeanRegistry.java:234)
	at org.springframework.beans.factory.support.AbstractBeanFactory.doGetBean(AbstractBeanFactory.java:335)
	at org.springframework.beans.factory.support.AbstractBeanFactory.getBean(AbstractBeanFactory.java:200)
	at org.springframework.beans.factory.config.DependencyDescriptor.resolveCandidate(DependencyDescriptor.java:254)
	at org.springframework.beans.factory.support.DefaultListableBeanFactory.doResolveDependency(DefaultListableBeanFactory.java:1443)
	at org.springframework.beans.factory.support.DefaultListableBeanFactory.resolveDependency(DefaultListableBeanFactory.java:1353)
	at org.springframework.beans.factory.support.ConstructorResolver.resolveAutowiredArgument(ConstructorResolver.java:904)
	at org.springframework.beans.factory.support.ConstructorResolver.createArgumentArray(ConstructorResolver.java:782)
	... 75 common frames omitted
Caused by: org.springframework.beans.factory.BeanCreationException: Error creating bean with name 'jpaSharedEM_entityManagerFactory': Cannot resolve reference to bean 'entityManagerFactory' while setting constructor argument
	at org.springframework.beans.factory.support.BeanDefinitionValueResolver.resolveReference(BeanDefinitionValueResolver.java:377)
	at org.springframework.beans.factory.support.BeanDefinitionValueResolver.resolveValueIfNecessary(BeanDefinitionValueResolver.java:135)
	at org.springframework.beans.factory.support.ConstructorResolver.resolveConstructorArguments(ConstructorResolver.java:682)
	at org.springframework.beans.factory.support.ConstructorResolver.instantiateUsingFactoryMethod(ConstructorResolver.java:509)
	at org.springframework.beans.factory.support.AbstractAutowireCapableBeanFactory.instantiateUsingFactoryMethod(AbstractAutowireCapableBeanFactory.java:1337)
	at org.springframework.beans.factory.support.AbstractAutowireCapableBeanFactory.createBeanInstance(AbstractAutowireCapableBeanFactory.java:1167)
	at org.springframework.beans.factory.support.AbstractAutowireCapableBeanFactory.doCreateBean(AbstractAutowireCapableBeanFactory.java:562)
	at org.springframework.beans.factory.support.AbstractAutowireCapableBeanFactory.createBean(AbstractAutowireCapableBeanFactory.java:522)
	at org.springframework.beans.factory.support.AbstractBeanFactory.lambda$doGetBean$0(AbstractBeanFactory.java:337)
	at org.springframework.beans.factory.support.DefaultSingletonBeanRegistry.getSingleton(DefaultSingletonBeanRegistry.java:234)
	at org.springframework.beans.factory.support.AbstractBeanFactory.doGetBean(AbstractBeanFactory.java:335)
	at org.springframework.beans.factory.support.AbstractBeanFactory.getBean(AbstractBeanFactory.java:200)
	at org.springframework.beans.factory.support.BeanDefinitionValueResolver.resolveReference(BeanDefinitionValueResolver.java:365)
	... 89 common frames omitted
Caused by: org.springframework.beans.factory.BeanCreationException: Error creating bean with name 'entityManagerFactory' defined in class path resource [org/springframework/boot/autoconfigure/orm/jpa/HibernateJpaConfiguration.class]: [PersistenceUnit: default] Unable to build Hibernate SessionFactory; nested exception is org.hibernate.exception.GenericJDBCException: Unable to open JDBC Connection for DDL execution [FATAL: no existe la base de datos ?udipsai?] [n/a]
	at org.springframework.beans.factory.support.AbstractAutowireCapableBeanFactory.initializeBean(AbstractAutowireCapableBeanFactory.java:1788)
	at org.springframework.beans.factory.support.AbstractAutowireCapableBeanFactory.doCreateBean(AbstractAutowireCapableBeanFactory.java:600)
	at org.springframework.beans.factory.support.AbstractAutowireCapableBeanFactory.createBean(AbstractAutowireCapableBeanFactory.java:522)
	at org.springframework.beans.factory.support.AbstractBeanFactory.lambda$doGetBean$0(AbstractBeanFactory.java:337)
	at org.springframework.beans.factory.support.DefaultSingletonBeanRegistry.getSingleton(DefaultSingletonBeanRegistry.java:234)
	at org.springframework.beans.factory.support.AbstractBeanFactory.doGetBean(AbstractBeanFactory.java:335)
	at org.springframework.beans.factory.support.AbstractBeanFactory.getBean(AbstractBeanFactory.java:200)
	at org.springframework.beans.factory.support.BeanDefinitionValueResolver.resolveReference(BeanDefinitionValueResolver.java:365)
	... 101 common frames omitted
Caused by: jakarta.persistence.PersistenceException: [PersistenceUnit: default] Unable to build Hibernate SessionFactory; nested exception is org.hibernate.exception.GenericJDBCException: Unable to open JDBC Connection for DDL execution [FATAL: no existe la base de datos ?udipsai?] [n/a]
	at org.springframework.orm.jpa.AbstractEntityManagerFactoryBean.buildNativeEntityManagerFactory(AbstractEntityManagerFactoryBean.java:421)
	at org.springframework.orm.jpa.AbstractEntityManagerFactoryBean.afterPropertiesSet(AbstractEntityManagerFactoryBean.java:396)
	at org.springframework.orm.jpa.LocalContainerEntityManagerFactoryBean.afterPropertiesSet(LocalContainerEntityManagerFactoryBean.java:366)
	at org.springframework.beans.factory.support.AbstractAutowireCapableBeanFactory.invokeInitMethods(AbstractAutowireCapableBeanFactory.java:1835)
	at org.springframework.beans.factory.support.AbstractAutowireCapableBeanFactory.initializeBean(AbstractAutowireCapableBeanFactory.java:1784)
	... 108 common frames omitted
Caused by: org.hibernate.exception.GenericJDBCException: Unable to open JDBC Connection for DDL execution [FATAL: no existe la base de datos ?udipsai?] [n/a]
	at org.hibernate.exception.internal.StandardSQLExceptionConverter.convert(StandardSQLExceptionConverter.java:63)
	at org.hibernate.engine.jdbc.spi.SqlExceptionHelper.convert(SqlExceptionHelper.java:108)
	at org.hibernate.engine.jdbc.spi.SqlExceptionHelper.convert(SqlExceptionHelper.java:94)
	at org.hibernate.resource.transaction.backend.jdbc.internal.DdlTransactionIsolatorNonJtaImpl.getIsolatedConnection(DdlTransactionIsolatorNonJtaImpl.java:74)
	at org.hibernate.resource.transaction.backend.jdbc.internal.DdlTransactionIsolatorNonJtaImpl.getIsolatedConnection(DdlTransactionIsolatorNonJtaImpl.java:39)
	at org.hibernate.tool.schema.internal.exec.ImprovedExtractionContextImpl.getJdbcConnection(ImprovedExtractionContextImpl.java:63)
	at org.hibernate.tool.schema.extract.spi.ExtractionContext.getQueryResults(ExtractionContext.java:43)
	at org.hibernate.tool.schema.extract.internal.SequenceInformationExtractorLegacyImpl.extractMetadata(SequenceInformationExtractorLegacyImpl.java:39)
	at org.hibernate.tool.schema.extract.internal.DatabaseInformationImpl.initializeSequences(DatabaseInformationImpl.java:66)
	at org.hibernate.tool.schema.extract.internal.DatabaseInformationImpl.<init>(DatabaseInformationImpl.java:60)
	at org.hibernate.tool.schema.internal.Helper.buildDatabaseInformation(Helper.java:185)
	at org.hibernate.tool.schema.internal.AbstractSchemaMigrator.doMigration(AbstractSchemaMigrator.java:98)
	at org.hibernate.tool.schema.spi.SchemaManagementToolCoordinator.performDatabaseAction(SchemaManagementToolCoordinator.java:280)
	at org.hibernate.tool.schema.spi.SchemaManagementToolCoordinator.lambda$process$5(SchemaManagementToolCoordinator.java:144)
	at java.base/java.util.HashMap.forEach(HashMap.java:1421)
	at org.hibernate.tool.schema.spi.SchemaManagementToolCoordinator.process(SchemaManagementToolCoordinator.java:141)
	at org.hibernate.boot.internal.SessionFactoryObserverForSchemaExport.sessionFactoryCreated(SessionFactoryObserverForSchemaExport.java:37)
	at org.hibernate.internal.SessionFactoryObserverChain.sessionFactoryCreated(SessionFactoryObserverChain.java:35)
	at org.hibernate.internal.SessionFactoryImpl.<init>(SessionFactoryImpl.java:322)
	at org.hibernate.boot.internal.SessionFactoryBuilderImpl.build(SessionFactoryBuilderImpl.java:457)
	at org.hibernate.jpa.boot.internal.EntityManagerFactoryBuilderImpl.build(EntityManagerFactoryBuilderImpl.java:1506)
	at org.springframework.orm.jpa.vendor.SpringHibernateJpaPersistenceProvider.createContainerEntityManagerFactory(SpringHibernateJpaPersistenceProvider.java:75)
	at org.springframework.orm.jpa.LocalContainerEntityManagerFactoryBean.createNativeEntityManagerFactory(LocalContainerEntityManagerFactoryBean.java:390)
	at org.springframework.orm.jpa.AbstractEntityManagerFactoryBean.buildNativeEntityManagerFactory(AbstractEntityManagerFactoryBean.java:409)
	... 112 common frames omitted
Caused by: org.postgresql.util.PSQLException: FATAL: no existe la base de datos ?udipsai?
	at org.postgresql.core.v3.QueryExecutorImpl.receiveErrorResponse(QueryExecutorImpl.java:2725)
	at org.postgresql.core.v3.QueryExecutorImpl.readStartupMessages(QueryExecutorImpl.java:2837)
	at org.postgresql.core.v3.QueryExecutorImpl.<init>(QueryExecutorImpl.java:175)
	at org.postgresql.core.v3.ConnectionFactoryImpl.openConnectionImpl(ConnectionFactoryImpl.java:317)
	at org.postgresql.core.ConnectionFactory.openConnection(ConnectionFactory.java:54)
	at org.postgresql.jdbc.PgConnection.<init>(PgConnection.java:273)
	at org.postgresql.Driver.makeConnection(Driver.java:446)
	at org.postgresql.Driver.connect(Driver.java:298)
	at com.zaxxer.hikari.util.DriverDataSource.getConnection(DriverDataSource.java:137)
	at com.zaxxer.hikari.pool.PoolBase.newConnection(PoolBase.java:360)
	at com.zaxxer.hikari.pool.PoolBase.newPoolEntry(PoolBase.java:202)
	at com.zaxxer.hikari.pool.HikariPool.createPoolEntry(HikariPool.java:461)
	at com.zaxxer.hikari.pool.HikariPool.checkFailFast(HikariPool.java:550)
	at com.zaxxer.hikari.pool.HikariPool.<init>(HikariPool.java:98)
	at com.zaxxer.hikari.HikariDataSource.getConnection(HikariDataSource.java:111)
	at org.hibernate.engine.jdbc.connections.internal.DatasourceConnectionProviderImpl.getConnection(DatasourceConnectionProviderImpl.java:122)
	at org.hibernate.engine.jdbc.env.internal.JdbcEnvironmentInitiator$ConnectionProviderJdbcConnectionAccess.obtainConnection(JdbcEnvironmentInitiator.java:437)
	at org.hibernate.resource.transaction.backend.jdbc.internal.DdlTransactionIsolatorNonJtaImpl.getIsolatedConnection(DdlTransactionIsolatorNonJtaImpl.java:46)
	... 132 common frames omitted
2025-11-30 19:10:10.958 [main] INFO  c.u.b.UdipsaiBackendApplication - Starting UdipsaiBackendApplication v0.0.1-SNAPSHOT using Java 17.0.17 with PID 7876 (C:\Users\Usuario\Downloads\vinculacion\sistema-web-turnos-udipsai\sistema-web-turnos-udipsai\backend\udipsai-backend\target\udipsai-backend-0.0.1-SNAPSHOT.jar started by Usuario in C:\Users\Usuario\Downloads\vinculacion\sistema-web-turnos-udipsai\sistema-web-turnos-udipsai\backend\udipsai-backend)
2025-11-30 19:10:10.977 [main] DEBUG c.u.b.UdipsaiBackendApplication - Running with Spring Boot v3.3.1, Spring v6.1.10
2025-11-30 19:10:10.977 [main] INFO  c.u.b.UdipsaiBackendApplication - No active profile set, falling back to 1 default profile: "default"
2025-11-30 19:10:13.393 [main] INFO  o.s.d.r.c.RepositoryConfigurationDelegate - Bootstrapping Spring Data JPA repositories in DEFAULT mode.
2025-11-30 19:10:13.559 [main] INFO  o.s.d.r.c.RepositoryConfigurationDelegate - Finished Spring Data repository scanning in 140 ms. Found 13 JPA repository interfaces.
2025-11-30 19:10:15.093 [main] INFO  o.s.b.w.e.tomcat.TomcatWebServer - Tomcat initialized with port 8080 (http)
2025-11-30 19:10:15.126 [main] INFO  o.a.catalina.core.StandardService - Starting service [Tomcat]
2025-11-30 19:10:15.126 [main] INFO  o.a.catalina.core.StandardEngine - Starting Servlet engine: [Apache Tomcat/10.1.25]
2025-11-30 19:10:15.235 [main] INFO  o.a.c.c.C.[Tomcat].[localhost].[/] - Initializing Spring embedded WebApplicationContext
2025-11-30 19:10:15.235 [main] INFO  o.s.b.w.s.c.ServletWebServerApplicationContext - Root WebApplicationContext: initialization completed in 4073 ms
2025-11-30 19:10:15.826 [main] INFO  o.h.jpa.internal.util.LogHelper - HHH000204: Processing PersistenceUnitInfo [name: default]
2025-11-30 19:10:15.962 [main] INFO  org.hibernate.Version - HHH000412: Hibernate ORM core version 6.5.2.Final
2025-11-30 19:10:16.026 [main] INFO  o.h.c.i.RegionFactoryInitiator - HHH000026: Second-level cache disabled
2025-11-30 19:10:16.626 [main] INFO  o.s.o.j.p.SpringPersistenceUnitInfo - No LoadTimeWeaver setup: ignoring JPA class transformer
2025-11-30 19:10:16.676 [main] INFO  com.zaxxer.hikari.HikariDataSource - HikariPool-1 - Starting...
2025-11-30 19:10:16.976 [main] INFO  com.zaxxer.hikari.pool.HikariPool - HikariPool-1 - Added connection org.postgresql.jdbc.PgConnection@6b33892a
2025-11-30 19:10:16.992 [main] INFO  com.zaxxer.hikari.HikariDataSource - HikariPool-1 - Start completed.
2025-11-30 19:10:17.043 [main] WARN  org.hibernate.orm.deprecation - HHH90000025: PostgreSQLDialect does not need to be specified explicitly using 'hibernate.dialect' (remove the property setting and it will be selected by default)
2025-11-30 19:10:19.126 [main] INFO  o.h.e.t.j.p.i.JtaPlatformInitiator - HHH000489: No JTA platform available (set 'hibernate.transaction.jta.platform' to enable JTA platform integration)
2025-11-30 19:10:19.309 [main] WARN  o.h.e.jdbc.spi.SqlExceptionHelper - SQL Warning Code: 0, SQLState: 00000
2025-11-30 19:10:19.309 [main] WARN  o.h.e.jdbc.spi.SqlExceptionHelper - no existe la restricci�n �uk10n05c2oxup6px9bnv0vc479� en la relaci�n �admins�, omitiendo
2025-11-30 19:10:19.325 [main] WARN  o.h.e.jdbc.spi.SqlExceptionHelper - SQL Warning Code: 0, SQLState: 00000
2025-11-30 19:10:19.326 [main] WARN  o.h.e.jdbc.spi.SqlExceptionHelper - no existe la restricci�n �ukoxiafm7kisksgy3pncc6e458d� en la relaci�n �areas�, omitiendo
2025-11-30 19:10:19.326 [main] WARN  o.h.e.jdbc.spi.SqlExceptionHelper - SQL Warning Code: 0, SQLState: 00000
2025-11-30 19:10:19.326 [main] WARN  o.h.e.jdbc.spi.SqlExceptionHelper - no existe la restricci�n �uknu4q3q79ibdnc033ucd309il6� en la relaci�n �coordinadores�, omitiendo
2025-11-30 19:10:19.326 [main] WARN  o.h.e.jdbc.spi.SqlExceptionHelper - SQL Warning Code: 0, SQLState: 00000
2025-11-30 19:10:19.326 [main] WARN  o.h.e.jdbc.spi.SqlExceptionHelper - no existe la restricci�n �ukeuc5lpfjruikfjbegabck2nud� en la relaci�n �pasantes�, omitiendo
2025-11-30 19:10:19.326 [main] WARN  o.h.e.jdbc.spi.SqlExceptionHelper - SQL Warning Code: 0, SQLState: 00000
2025-11-30 19:10:19.326 [main] WARN  o.h.e.jdbc.spi.SqlExceptionHelper - no existe la restricci�n �uk7lqspfnc28k6tr16j8slcv2w8� en la relaci�n �profesionales�, omitiendo
2025-11-30 19:10:19.343 [main] WARN  o.h.e.jdbc.spi.SqlExceptionHelper - SQL Warning Code: 0, SQLState: 00000
2025-11-30 19:10:19.343 [main] WARN  o.h.e.jdbc.spi.SqlExceptionHelper - no existe la restricci�n �ukgtdly5p2ci8o8kt3ofkjknybc� en la relaci�n �secretarias�, omitiendo
2025-11-30 19:10:19.343 [main] WARN  o.h.e.jdbc.spi.SqlExceptionHelper - SQL Warning Code: 0, SQLState: 00000
2025-11-30 19:10:19.343 [main] WARN  o.h.e.jdbc.spi.SqlExceptionHelper - no existe la restricci�n �ukefovjjo5q5jlsa0f9eoptdjly� en la relaci�n �usuarios�, omitiendo
2025-11-30 19:10:19.343 [main] WARN  o.h.e.jdbc.spi.SqlExceptionHelper - SQL Warning Code: 0, SQLState: 00000
2025-11-30 19:10:19.343 [main] WARN  o.h.e.jdbc.spi.SqlExceptionHelper - no existe la restricci�n �ukkfsp0s1tflm1cwlj8idhqsad0� en la relaci�n �usuarios�, omitiendo
2025-11-30 19:10:19.393 [main] INFO  o.s.o.j.LocalContainerEntityManagerFactoryBean - Initialized JPA EntityManagerFactory for persistence unit 'default'
2025-11-30 19:10:20.110 [main] DEBUG c.u.backend.common.config.LogFilter - Filter 'logFilter' configured for use
2025-11-30 19:10:20.131 [main] DEBUG c.u.backend.common.config.JwtFilter - Filter 'jwtFilter' configured for use
2025-11-30 19:10:20.275 [main] INFO  o.s.s.c.a.a.c.InitializeUserDetailsBeanManagerConfigurer$InitializeUserDetailsManagerConfigurer - Global AuthenticationManager configured with UserDetailsService bean with name usuarioSecurityService
2025-11-30 19:10:20.426 [main] INFO  o.s.d.j.r.query.QueryEnhancerFactory - Hibernate is in classpath; If applicable, HQL parser will be used.
2025-11-30 19:10:22.126 [main] WARN  o.s.b.a.o.j.JpaBaseConfiguration$JpaWebConfiguration - spring.jpa.open-in-view is enabled by default. Therefore, database queries may be performed during view rendering. Explicitly configure spring.jpa.open-in-view to disable this warning
2025-11-30 19:10:23.109 [main] INFO  o.s.b.a.e.web.EndpointLinksResolver - Exposing 3 endpoints beneath base path '/actuator'
2025-11-30 19:10:23.226 [main] DEBUG o.s.s.web.DefaultSecurityFilterChain - Will secure any request with filters: DisableEncodeUrlFilter, WebAsyncManagerIntegrationFilter, SecurityContextHolderFilter, HeaderWriterFilter, CorsFilter, LogoutFilter, LogFilter, JwtFilter, RequestCacheAwareFilter, SecurityContextHolderAwareRequestFilter, AnonymousAuthenticationFilter, SessionManagementFilter, ExceptionTranslationFilter, AuthorizationFilter
2025-11-30 19:10:24.074 [main] INFO  o.s.b.w.e.tomcat.TomcatWebServer - Tomcat started on port 8080 (http) with context path '/'
2025-11-30 19:10:24.102 [main] INFO  c.u.b.UdipsaiBackendApplication - Started UdipsaiBackendApplication in 14.371 seconds (process running for 15.199)
2025-11-30 19:10:24.186 [main] INFO  c.u.b.UdipsaiBackendApplication - ==============================================
2025-11-30 19:10:24.188 [main] INFO  c.u.b.UdipsaiBackendApplication - Sistema UDIPSAI Backend Iniciado Correctamente
2025-11-30 19:10:24.188 [main] INFO  c.u.b.UdipsaiBackendApplication - Módulos disponibles: Autenticación, Usuarios, Citas
2025-11-30 19:10:24.188 [main] INFO  c.u.b.UdipsaiBackendApplication - ==============================================
2025-11-30 19:10:38.961 [http-nio-8080-exec-1] INFO  o.a.c.c.C.[Tomcat].[localhost].[/] - Initializing Spring DispatcherServlet 'dispatcherServlet'
2025-11-30 19:10:38.986 [http-nio-8080-exec-1] INFO  o.s.web.servlet.DispatcherServlet - Initializing Servlet 'dispatcherServlet'
2025-11-30 19:10:38.992 [http-nio-8080-exec-1] INFO  o.s.web.servlet.DispatcherServlet - Completed initialization in 0 ms
2025-11-30 19:10:39.026 [http-nio-8080-exec-1] DEBUG o.s.security.web.FilterChainProxy - Securing POST /api/auth/login
2025-11-30 19:10:39.043 [http-nio-8080-exec-1] DEBUG c.u.backend.common.config.LogFilter - ========== REQUEST DATA ==========
2025-11-30 19:10:39.043 [http-nio-8080-exec-1] DEBUG c.u.backend.common.config.LogFilter - Origin IP=[0:0:0:0:0:0:0:1]
2025-11-30 19:10:39.043 [http-nio-8080-exec-1] DEBUG c.u.backend.common.config.LogFilter - URI=[/api/auth/login]
2025-11-30 19:10:39.043 [http-nio-8080-exec-1] DEBUG c.u.backend.common.config.LogFilter - Method=[POST]
2025-11-30 19:10:39.043 [http-nio-8080-exec-1] DEBUG c.u.backend.common.config.LogFilter - Host Header=[localhost:8080]
2025-11-30 19:10:39.043 [http-nio-8080-exec-1] DEBUG c.u.backend.common.config.LogFilter - Server IP=[0:0:0:0:0:0:0:1]
2025-11-30 19:10:39.043 [http-nio-8080-exec-1] DEBUG c.u.backend.common.config.LogFilter - Content-Type=[application/json]
2025-11-30 19:10:39.043 [http-nio-8080-exec-1] DEBUG c.u.backend.common.config.LogFilter - User-Agent=[Mozilla/5.0 (Windows NT; Windows NT 10.0; es-EC) WindowsPowerShell/5.1.26100.7019]
2025-11-30 19:10:39.043 [http-nio-8080-exec-1] DEBUG o.s.s.w.a.AnonymousAuthenticationFilter - Set SecurityContextHolder to anonymous SecurityContext
2025-11-30 19:10:39.060 [http-nio-8080-exec-1] DEBUG o.s.security.web.FilterChainProxy - Secured POST /api/auth/login
2025-11-30 19:10:39.202 [http-nio-8080-exec-1] INFO  c.u.b.a.w.controller.AuthController - Login de usuario con cedula: 1234567890
2025-11-30 19:10:39.296 [http-nio-8080-exec-1] INFO  c.u.b.a.s.UsuarioSecurityService - loadUserByUsername()
2025-11-30 19:10:39.296 [http-nio-8080-exec-1] INFO  c.u.b.a.s.UsuarioSecurityService - Cargando usuario con cédula 1234567890
2025-11-30 19:10:39.493 [http-nio-8080-exec-1] INFO  c.u.b.a.s.UsuarioSecurityService - Usuario encontrado
2025-11-30 19:10:39.577 [http-nio-8080-exec-1] ERROR c.u.b.a.w.controller.AuthController - 401 UNAUTHORIZED: Credenciales inválidas
2025-11-30 19:10:39.593 [http-nio-8080-exec-1] DEBUG c.u.backend.common.config.LogFilter - Response Status=[401]
2025-11-30 19:11:33.622 [main] INFO  c.u.b.UdipsaiBackendApplication - Starting UdipsaiBackendApplication v0.0.1-SNAPSHOT using Java 17.0.17 with PID 23612 (C:\Users\Usuario\Downloads\vinculacion\sistema-web-turnos-udipsai\sistema-web-turnos-udipsai\backend\udipsai-backend\target\udipsai-backend-0.0.1-SNAPSHOT.jar started by Usuario in C:\Users\Usuario\Downloads\vinculacion\sistema-web-turnos-udipsai\sistema-web-turnos-udipsai\backend\udipsai-backend)
2025-11-30 19:11:33.645 [main] DEBUG c.u.b.UdipsaiBackendApplication - Running with Spring Boot v3.3.1, Spring v6.1.10
2025-11-30 19:11:33.645 [main] INFO  c.u.b.UdipsaiBackendApplication - No active profile set, falling back to 1 default profile: "default"
2025-11-30 19:11:35.865 [main] INFO  o.s.d.r.c.RepositoryConfigurationDelegate - Bootstrapping Spring Data JPA repositories in DEFAULT mode.
2025-11-30 19:11:36.025 [main] INFO  o.s.d.r.c.RepositoryConfigurationDelegate - Finished Spring Data repository scanning in 137 ms. Found 13 JPA repository interfaces.
2025-11-30 19:11:37.515 [main] INFO  o.s.b.w.e.tomcat.TomcatWebServer - Tomcat initialized with port 8080 (http)
2025-11-30 19:11:37.534 [main] INFO  o.a.catalina.core.StandardService - Starting service [Tomcat]
2025-11-30 19:11:37.534 [main] INFO  o.a.catalina.core.StandardEngine - Starting Servlet engine: [Apache Tomcat/10.1.25]
2025-11-30 19:11:37.628 [main] INFO  o.a.c.c.C.[Tomcat].[localhost].[/] - Initializing Spring embedded WebApplicationContext
2025-11-30 19:11:37.628 [main] INFO  o.s.b.w.s.c.ServletWebServerApplicationContext - Root WebApplicationContext: initialization completed in 3820 ms
2025-11-30 19:11:38.196 [main] INFO  o.h.jpa.internal.util.LogHelper - HHH000204: Processing PersistenceUnitInfo [name: default]
2025-11-30 19:11:38.338 [main] INFO  org.hibernate.Version - HHH000412: Hibernate ORM core version 6.5.2.Final
2025-11-30 19:11:38.410 [main] INFO  o.h.c.i.RegionFactoryInitiator - HHH000026: Second-level cache disabled
2025-11-30 19:11:39.078 [main] INFO  o.s.o.j.p.SpringPersistenceUnitInfo - No LoadTimeWeaver setup: ignoring JPA class transformer
2025-11-30 19:11:39.155 [main] INFO  com.zaxxer.hikari.HikariDataSource - HikariPool-1 - Starting...
2025-11-30 19:11:39.665 [main] INFO  com.zaxxer.hikari.pool.HikariPool - HikariPool-1 - Added connection org.postgresql.jdbc.PgConnection@3abadb65
2025-11-30 19:11:39.665 [main] INFO  com.zaxxer.hikari.HikariDataSource - HikariPool-1 - Start completed.
2025-11-30 19:11:39.748 [main] WARN  org.hibernate.orm.deprecation - HHH90000025: PostgreSQLDialect does not need to be specified explicitly using 'hibernate.dialect' (remove the property setting and it will be selected by default)
2025-11-30 19:11:42.008 [main] INFO  o.h.e.t.j.p.i.JtaPlatformInitiator - HHH000489: No JTA platform available (set 'hibernate.transaction.jta.platform' to enable JTA platform integration)
2025-11-30 19:11:42.278 [main] INFO  o.s.o.j.LocalContainerEntityManagerFactoryBean - Initialized JPA EntityManagerFactory for persistence unit 'default'
2025-11-30 19:11:42.975 [main] DEBUG c.u.backend.common.config.LogFilter - Filter 'logFilter' configured for use
2025-11-30 19:11:42.975 [main] DEBUG c.u.backend.common.config.JwtFilter - Filter 'jwtFilter' configured for use
2025-11-30 19:11:43.143 [main] INFO  o.s.s.c.a.a.c.InitializeUserDetailsBeanManagerConfigurer$InitializeUserDetailsManagerConfigurer - Global AuthenticationManager configured with UserDetailsService bean with name usuarioSecurityService
2025-11-30 19:11:43.311 [main] INFO  o.s.d.j.r.query.QueryEnhancerFactory - Hibernate is in classpath; If applicable, HQL parser will be used.
2025-11-30 19:11:45.075 [main] WARN  o.s.b.a.o.j.JpaBaseConfiguration$JpaWebConfiguration - spring.jpa.open-in-view is enabled by default. Therefore, database queries may be performed during view rendering. Explicitly configure spring.jpa.open-in-view to disable this warning
2025-11-30 19:11:45.910 [main] INFO  o.s.b.a.e.web.EndpointLinksResolver - Exposing 3 endpoints beneath base path '/actuator'
2025-11-30 19:11:46.055 [main] DEBUG o.s.s.web.DefaultSecurityFilterChain - Will secure any request with filters: DisableEncodeUrlFilter, WebAsyncManagerIntegrationFilter, SecurityContextHolderFilter, HeaderWriterFilter, CorsFilter, LogoutFilter, LogFilter, JwtFilter, RequestCacheAwareFilter, SecurityContextHolderAwareRequestFilter, AnonymousAuthenticationFilter, SessionManagementFilter, ExceptionTranslationFilter, AuthorizationFilter
2025-11-30 19:11:46.767 [main] WARN  o.s.b.w.s.c.AnnotationConfigServletWebServerApplicationContext - Exception encountered during context initialization - cancelling refresh attempt: org.springframework.beans.factory.BeanCreationException: Error creating bean with name 'dataSourceScriptDatabaseInitializer' defined in class path resource [org/springframework/boot/autoconfigure/sql/init/DataSourceInitializationConfiguration.class]: Failed to execute SQL script statement #5 of URL [jar:nested:/C:/Users/Usuario/Downloads/vinculacion/sistema-web-turnos-udipsai/sistema-web-turnos-udipsai/backend/udipsai-backend/target/udipsai-backend-0.0.1-SNAPSHOT.jar/!BOOT-INF/classes/!/data.sql]: INSERT INTO usuarios (cedula, contrasenia, estado, email, nombres, apellidos, fecha_creacion, fecha_modificacion) VALUES ('1234567890', '$2a$10$N9qo8uLOickgx2ZMRZoMyeIjZAgcfl7p92ldGxad68LJZdL17lhWy', 'A', 'secretaria@example.com', 'Ana', 'Perez', CURRENT_TIMESTAMP, CURRENT_TIMESTAMP), ('2345678901', '$2a$10$yE9RpT5pUJe7/VKPQmDdXeKEuT5xN5tHQqXLzKJQYKNZJ5kzJZH6O', 'A', 'coordinadora@example.com', 'Beatriz', 'Lopez', CURRENT_TIMESTAMP, CURRENT_TIMESTAMP), ('3456789012', '$2a$10$UqzVmKZLQXJDQQNLMDYlLeEQxqKxZ7GzQX2xq2JL5uLXqXr5sKzKO', 'A', 'doctor@example.com', 'Carlos', 'Garcia', CURRENT_TIMESTAMP, CURRENT_TIMESTAMP), ('4567890123', '$2a$10$LwKq5X2VqJWVqJWVqJWVqeHqXqXqXqXqXqXqXqXqXqXqXqXqXqXqXq', 'A', 'pasante@example.com', 'David', 'Martinez', CURRENT_TIMESTAMP, CURRENT_TIMESTAMP)
2025-11-30 19:11:46.771 [main] INFO  o.s.o.j.LocalContainerEntityManagerFactoryBean - Closing JPA EntityManagerFactory for persistence unit 'default'
2025-11-30 19:11:46.782 [main] INFO  com.zaxxer.hikari.HikariDataSource - HikariPool-1 - Shutdown initiated...
2025-11-30 19:11:46.789 [main] INFO  com.zaxxer.hikari.HikariDataSource - HikariPool-1 - Shutdown completed.
2025-11-30 19:11:46.796 [main] INFO  o.a.catalina.core.StandardService - Stopping service [Tomcat]
2025-11-30 19:11:46.825 [main] INFO  o.s.b.a.l.ConditionEvaluationReportLogger - 

Error starting ApplicationContext. To display the condition evaluation report re-run your application with 'debug' enabled.
2025-11-30 19:11:46.866 [main] ERROR o.s.boot.SpringApplication - Application run failed
org.springframework.beans.factory.BeanCreationException: Error creating bean with name 'dataSourceScriptDatabaseInitializer' defined in class path resource [org/springframework/boot/autoconfigure/sql/init/DataSourceInitializationConfiguration.class]: Failed to execute SQL script statement #5 of URL [jar:nested:/C:/Users/Usuario/Downloads/vinculacion/sistema-web-turnos-udipsai/sistema-web-turnos-udipsai/backend/udipsai-backend/target/udipsai-backend-0.0.1-SNAPSHOT.jar/!BOOT-INF/classes/!/data.sql]: INSERT INTO usuarios (cedula, contrasenia, estado, email, nombres, apellidos, fecha_creacion, fecha_modificacion) VALUES ('1234567890', '$2a$10$N9qo8uLOickgx2ZMRZoMyeIjZAgcfl7p92ldGxad68LJZdL17lhWy', 'A', 'secretaria@example.com', 'Ana', 'Perez', CURRENT_TIMESTAMP, CURRENT_TIMESTAMP), ('2345678901', '$2a$10$yE9RpT5pUJe7/VKPQmDdXeKEuT5xN5tHQqXLzKJQYKNZJ5kzJZH6O', 'A', 'coordinadora@example.com', 'Beatriz', 'Lopez', CURRENT_TIMESTAMP, CURRENT_TIMESTAMP), ('3456789012', '$2a$10$UqzVmKZLQXJDQQNLMDYlLeEQxqKxZ7GzQX2xq2JL5uLXqXr5sKzKO', 'A', 'doctor@example.com', 'Carlos', 'Garcia', CURRENT_TIMESTAMP, CURRENT_TIMESTAMP), ('4567890123', '$2a$10$LwKq5X2VqJWVqJWVqJWVqeHqXqXqXqXqXqXqXqXqXqXqXqXqXqXqXq', 'A', 'pasante@example.com', 'David', 'Martinez', CURRENT_TIMESTAMP, CURRENT_TIMESTAMP)
	at org.springframework.beans.factory.support.AbstractAutowireCapableBeanFactory.initializeBean(AbstractAutowireCapableBeanFactory.java:1788)
	at org.springframework.beans.factory.support.AbstractAutowireCapableBeanFactory.doCreateBean(AbstractAutowireCapableBeanFactory.java:600)
	at org.springframework.beans.factory.support.AbstractAutowireCapableBeanFactory.createBean(AbstractAutowireCapableBeanFactory.java:522)
	at org.springframework.beans.factory.support.AbstractBeanFactory.lambda$doGetBean$0(AbstractBeanFactory.java:337)
	at org.springframework.beans.factory.support.DefaultSingletonBeanRegistry.getSingleton(DefaultSingletonBeanRegistry.java:234)
	at org.springframework.beans.factory.support.AbstractBeanFactory.doGetBean(AbstractBeanFactory.java:335)
	at org.springframework.beans.factory.support.AbstractBeanFactory.getBean(AbstractBeanFactory.java:200)
	at org.springframework.beans.factory.support.AbstractBeanFactory.doGetBean(AbstractBeanFactory.java:313)
	at org.springframework.beans.factory.support.AbstractBeanFactory.getBean(AbstractBeanFactory.java:200)
	at org.springframework.beans.factory.support.DefaultListableBeanFactory.preInstantiateSingletons(DefaultListableBeanFactory.java:975)
	at org.springframework.context.support.AbstractApplicationContext.finishBeanFactoryInitialization(AbstractApplicationContext.java:962)
	at org.springframework.context.support.AbstractApplicationContext.refresh(AbstractApplicationContext.java:624)
	at org.springframework.boot.web.servlet.context.ServletWebServerApplicationContext.refresh(ServletWebServerApplicationContext.java:146)
	at org.springframework.boot.SpringApplication.refresh(SpringApplication.java:754)
	at org.springframework.boot.SpringApplication.refreshContext(SpringApplication.java:456)
	at org.springframework.boot.SpringApplication.run(SpringApplication.java:335)
	at org.springframework.boot.SpringApplication.run(SpringApplication.java:1363)
	at org.springframework.boot.SpringApplication.run(SpringApplication.java:1352)
	at com.udipsai.backend.UdipsaiBackendApplication.main(UdipsaiBackendApplication.java:19)
	at java.base/jdk.internal.reflect.NativeMethodAccessorImpl.invoke0(Native Method)
	at java.base/jdk.internal.reflect.NativeMethodAccessorImpl.invoke(NativeMethodAccessorImpl.java:77)
	at java.base/jdk.internal.reflect.DelegatingMethodAccessorImpl.invoke(DelegatingMethodAccessorImpl.java:43)
	at java.base/java.lang.reflect.Method.invoke(Method.java:569)
	at org.springframework.boot.loader.launch.Launcher.launch(Launcher.java:91)
	at org.springframework.boot.loader.launch.Launcher.launch(Launcher.java:53)
	at org.springframework.boot.loader.launch.JarLauncher.main(JarLauncher.java:58)
Caused by: org.springframework.jdbc.datasource.init.ScriptStatementFailedException: Failed to execute SQL script statement #5 of URL [jar:nested:/C:/Users/Usuario/Downloads/vinculacion/sistema-web-turnos-udipsai/sistema-web-turnos-udipsai/backend/udipsai-backend/target/udipsai-backend-0.0.1-SNAPSHOT.jar/!BOOT-INF/classes/!/data.sql]: INSERT INTO usuarios (cedula, contrasenia, estado, email, nombres, apellidos, fecha_creacion, fecha_modificacion) VALUES ('1234567890', '$2a$10$N9qo8uLOickgx2ZMRZoMyeIjZAgcfl7p92ldGxad68LJZdL17lhWy', 'A', 'secretaria@example.com', 'Ana', 'Perez', CURRENT_TIMESTAMP, CURRENT_TIMESTAMP), ('2345678901', '$2a$10$yE9RpT5pUJe7/VKPQmDdXeKEuT5xN5tHQqXLzKJQYKNZJ5kzJZH6O', 'A', 'coordinadora@example.com', 'Beatriz', 'Lopez', CURRENT_TIMESTAMP, CURRENT_TIMESTAMP), ('3456789012', '$2a$10$UqzVmKZLQXJDQQNLMDYlLeEQxqKxZ7GzQX2xq2JL5uLXqXr5sKzKO', 'A', 'doctor@example.com', 'Carlos', 'Garcia', CURRENT_TIMESTAMP, CURRENT_TIMESTAMP), ('4567890123', '$2a$10$LwKq5X2VqJWVqJWVqJWVqeHqXqXqXqXqXqXqXqXqXqXqXqXqXqXqXq', 'A', 'pasante@example.com', 'David', 'Martinez', CURRENT_TIMESTAMP, CURRENT_TIMESTAMP)
	at org.springframework.jdbc.datasource.init.ScriptUtils.executeSqlScript(ScriptUtils.java:282)
	at org.springframework.jdbc.datasource.init.ResourceDatabasePopulator.populate(ResourceDatabasePopulator.java:254)
	at org.springframework.jdbc.datasource.init.DatabasePopulatorUtils.execute(DatabasePopulatorUtils.java:54)
	at org.springframework.boot.jdbc.init.DataSourceScriptDatabaseInitializer.runScripts(DataSourceScriptDatabaseInitializer.java:87)
	at org.springframework.boot.sql.init.AbstractScriptDatabaseInitializer.runScripts(AbstractScriptDatabaseInitializer.java:146)
	at org.springframework.boot.sql.init.AbstractScriptDatabaseInitializer.applyScripts(AbstractScriptDatabaseInitializer.java:108)
	at org.springframework.boot.sql.init.AbstractScriptDatabaseInitializer.applyDataScripts(AbstractScriptDatabaseInitializer.java:102)
	at org.springframework.boot.sql.init.AbstractScriptDatabaseInitializer.initializeDatabase(AbstractScriptDatabaseInitializer.java:77)
	at org.springframework.boot.sql.init.AbstractScriptDatabaseInitializer.afterPropertiesSet(AbstractScriptDatabaseInitializer.java:66)
	at org.springframework.beans.factory.support.AbstractAutowireCapableBeanFactory.invokeInitMethods(AbstractAutowireCapableBeanFactory.java:1835)
	at org.springframework.beans.factory.support.AbstractAutowireCapableBeanFactory.initializeBean(AbstractAutowireCapableBeanFactory.java:1784)
	... 25 common frames omitted
Caused by: org.postgresql.util.PSQLException: ERROR: duplicate key value violates unique constraint "ukefovjjo5q5jlsa0f9eoptdjly"
  Detail: Key (cedula)=(1234567890) already exists.
	at org.postgresql.core.v3.QueryExecutorImpl.receiveErrorResponse(QueryExecutorImpl.java:2725)
	at org.postgresql.core.v3.QueryExecutorImpl.processResults(QueryExecutorImpl.java:2412)
	at org.postgresql.core.v3.QueryExecutorImpl.execute(QueryExecutorImpl.java:371)
	at org.postgresql.jdbc.PgStatement.executeInternal(PgStatement.java:502)
	at org.postgresql.jdbc.PgStatement.execute(PgStatement.java:419)
	at org.postgresql.jdbc.PgStatement.executeWithFlags(PgStatement.java:341)
	at org.postgresql.jdbc.PgStatement.executeCachedSql(PgStatement.java:326)
	at org.postgresql.jdbc.PgStatement.executeWithFlags(PgStatement.java:302)
	at org.postgresql.jdbc.PgStatement.execute(PgStatement.java:297)
	at com.zaxxer.hikari.pool.ProxyStatement.execute(ProxyStatement.java:94)
	at com.zaxxer.hikari.pool.HikariProxyStatement.execute(HikariProxyStatement.java)
	at org.springframework.jdbc.datasource.init.ScriptUtils.executeSqlScript(ScriptUtils.java:261)
	... 35 common frames omitted
2025-11-30 19:14:22.076 [main] INFO  c.u.b.UdipsaiBackendApplication - Starting UdipsaiBackendApplication v0.0.1-SNAPSHOT using Java 17.0.17 with PID 28600 (C:\Users\Usuario\Downloads\vinculacion\sistema-web-turnos-udipsai\sistema-web-turnos-udipsai\backend\udipsai-backend\target\udipsai-backend-0.0.1-SNAPSHOT.jar started by Usuario in C:\Users\Usuario\Downloads\vinculacion\sistema-web-turnos-udipsai\sistema-web-turnos-udipsai\backend\udipsai-backend)
2025-11-30 19:14:22.092 [main] DEBUG c.u.b.UdipsaiBackendApplication - Running with Spring Boot v3.3.1, Spring v6.1.10
2025-11-30 19:14:22.092 [main] INFO  c.u.b.UdipsaiBackendApplication - No active profile set, falling back to 1 default profile: "default"
2025-11-30 19:14:26.841 [main] INFO  o.s.d.r.c.RepositoryConfigurationDelegate - Bootstrapping Spring Data JPA repositories in DEFAULT mode.
2025-11-30 19:14:27.073 [main] INFO  o.s.d.r.c.RepositoryConfigurationDelegate - Finished Spring Data repository scanning in 206 ms. Found 13 JPA repository interfaces.
2025-11-30 19:14:30.488 [main] INFO  o.s.b.w.e.tomcat.TomcatWebServer - Tomcat initialized with port 8080 (http)
2025-11-30 19:14:30.538 [main] INFO  o.a.catalina.core.StandardService - Starting service [Tomcat]
2025-11-30 19:14:30.538 [main] INFO  o.a.catalina.core.StandardEngine - Starting Servlet engine: [Apache Tomcat/10.1.25]
2025-11-30 19:14:30.812 [main] INFO  o.a.c.c.C.[Tomcat].[localhost].[/] - Initializing Spring embedded WebApplicationContext
2025-11-30 19:14:30.816 [main] INFO  o.s.b.w.s.c.ServletWebServerApplicationContext - Root WebApplicationContext: initialization completed in 8565 ms
2025-11-30 19:14:32.116 [main] INFO  o.h.jpa.internal.util.LogHelper - HHH000204: Processing PersistenceUnitInfo [name: default]
2025-11-30 19:14:32.465 [main] INFO  org.hibernate.Version - HHH000412: Hibernate ORM core version 6.5.2.Final
2025-11-30 19:14:32.651 [main] INFO  o.h.c.i.RegionFactoryInitiator - HHH000026: Second-level cache disabled
2025-11-30 19:14:33.651 [main] INFO  o.s.o.j.p.SpringPersistenceUnitInfo - No LoadTimeWeaver setup: ignoring JPA class transformer
2025-11-30 19:14:33.744 [main] INFO  com.zaxxer.hikari.HikariDataSource - HikariPool-1 - Starting...
2025-11-30 19:14:34.247 [main] INFO  com.zaxxer.hikari.pool.HikariPool - HikariPool-1 - Added connection org.postgresql.jdbc.PgConnection@119f072c
2025-11-30 19:14:34.276 [main] INFO  com.zaxxer.hikari.HikariDataSource - HikariPool-1 - Start completed.
2025-11-30 19:14:34.410 [main] WARN  org.hibernate.orm.deprecation - HHH90000025: PostgreSQLDialect does not need to be specified explicitly using 'hibernate.dialect' (remove the property setting and it will be selected by default)
2025-11-30 19:14:37.950 [main] INFO  o.h.e.t.j.p.i.JtaPlatformInitiator - HHH000489: No JTA platform available (set 'hibernate.transaction.jta.platform' to enable JTA platform integration)
2025-11-30 19:14:38.249 [main] INFO  o.s.o.j.LocalContainerEntityManagerFactoryBean - Initialized JPA EntityManagerFactory for persistence unit 'default'
2025-11-30 19:14:39.173 [main] DEBUG c.u.backend.common.config.LogFilter - Filter 'logFilter' configured for use
2025-11-30 19:14:39.173 [main] DEBUG c.u.backend.common.config.JwtFilter - Filter 'jwtFilter' configured for use
2025-11-30 19:14:39.394 [main] INFO  o.s.s.c.a.a.c.InitializeUserDetailsBeanManagerConfigurer$InitializeUserDetailsManagerConfigurer - Global AuthenticationManager configured with UserDetailsService bean with name usuarioSecurityService
2025-11-30 19:14:39.856 [main] INFO  o.s.d.j.r.query.QueryEnhancerFactory - Hibernate is in classpath; If applicable, HQL parser will be used.
2025-11-30 19:14:42.823 [main] WARN  o.s.b.a.o.j.JpaBaseConfiguration$JpaWebConfiguration - spring.jpa.open-in-view is enabled by default. Therefore, database queries may be performed during view rendering. Explicitly configure spring.jpa.open-in-view to disable this warning
2025-11-30 19:14:44.075 [main] INFO  o.s.b.a.e.web.EndpointLinksResolver - Exposing 3 endpoints beneath base path '/actuator'
2025-11-30 19:14:44.266 [main] DEBUG o.s.s.web.DefaultSecurityFilterChain - Will secure any request with filters: DisableEncodeUrlFilter, WebAsyncManagerIntegrationFilter, SecurityContextHolderFilter, HeaderWriterFilter, CorsFilter, LogoutFilter, LogFilter, JwtFilter, RequestCacheAwareFilter, SecurityContextHolderAwareRequestFilter, AnonymousAuthenticationFilter, SessionManagementFilter, ExceptionTranslationFilter, AuthorizationFilter
2025-11-30 19:14:45.446 [main] INFO  o.s.b.w.e.tomcat.TomcatWebServer - Tomcat started on port 8080 (http) with context path '/'
2025-11-30 19:14:45.485 [main] INFO  c.u.b.UdipsaiBackendApplication - Started UdipsaiBackendApplication in 24.82 seconds (process running for 25.901)
2025-11-30 19:14:45.578 [main] INFO  c.u.b.UdipsaiBackendApplication - ==============================================
2025-11-30 19:14:45.578 [main] INFO  c.u.b.UdipsaiBackendApplication - Sistema UDIPSAI Backend Iniciado Correctamente
2025-11-30 19:14:45.580 [main] INFO  c.u.b.UdipsaiBackendApplication - Módulos disponibles: Autenticación, Usuarios, Citas
2025-11-30 19:14:45.580 [main] INFO  c.u.b.UdipsaiBackendApplication - ==============================================
2025-11-30 19:14:54.658 [http-nio-8080-exec-1] INFO  o.a.c.c.C.[Tomcat].[localhost].[/] - Initializing Spring DispatcherServlet 'dispatcherServlet'
2025-11-30 19:14:54.658 [http-nio-8080-exec-1] INFO  o.s.web.servlet.DispatcherServlet - Initializing Servlet 'dispatcherServlet'
2025-11-30 19:14:54.662 [http-nio-8080-exec-1] INFO  o.s.web.servlet.DispatcherServlet - Completed initialization in 0 ms
2025-11-30 19:14:54.700 [http-nio-8080-exec-1] DEBUG o.s.security.web.FilterChainProxy - Securing POST /api/auth/login
2025-11-30 19:14:54.716 [http-nio-8080-exec-1] DEBUG c.u.backend.common.config.LogFilter - ========== REQUEST DATA ==========
2025-11-30 19:14:54.716 [http-nio-8080-exec-1] DEBUG c.u.backend.common.config.LogFilter - Origin IP=[0:0:0:0:0:0:0:1]
2025-11-30 19:14:54.716 [http-nio-8080-exec-1] DEBUG c.u.backend.common.config.LogFilter - URI=[/api/auth/login]
2025-11-30 19:14:54.716 [http-nio-8080-exec-1] DEBUG c.u.backend.common.config.LogFilter - Method=[POST]
2025-11-30 19:14:54.716 [http-nio-8080-exec-1] DEBUG c.u.backend.common.config.LogFilter - Host Header=[localhost:8080]
2025-11-30 19:14:54.716 [http-nio-8080-exec-1] DEBUG c.u.backend.common.config.LogFilter - Server IP=[0:0:0:0:0:0:0:1]
2025-11-30 19:14:54.716 [http-nio-8080-exec-1] DEBUG c.u.backend.common.config.LogFilter - Content-Type=[application/json]
2025-11-30 19:14:54.716 [http-nio-8080-exec-1] DEBUG c.u.backend.common.config.LogFilter - User-Agent=[Mozilla/5.0 (Windows NT; Windows NT 10.0; es-EC) WindowsPowerShell/5.1.26100.7019]
2025-11-30 19:14:54.716 [http-nio-8080-exec-1] DEBUG o.s.s.w.a.AnonymousAuthenticationFilter - Set SecurityContextHolder to anonymous SecurityContext
2025-11-30 19:14:54.731 [http-nio-8080-exec-1] DEBUG o.s.security.web.FilterChainProxy - Secured POST /api/auth/login
2025-11-30 19:14:54.861 [http-nio-8080-exec-1] INFO  c.u.b.a.w.controller.AuthController - Login de usuario con cedula: 1234567890
2025-11-30 19:14:54.964 [http-nio-8080-exec-1] INFO  c.u.b.a.s.UsuarioSecurityService - loadUserByUsername()
2025-11-30 19:14:54.964 [http-nio-8080-exec-1] INFO  c.u.b.a.s.UsuarioSecurityService - Cargando usuario con cédula 1234567890
2025-11-30 19:14:55.224 [http-nio-8080-exec-1] INFO  c.u.b.a.s.UsuarioSecurityService - Usuario encontrado
2025-11-30 19:14:55.324 [http-nio-8080-exec-1] ERROR c.u.b.a.w.controller.AuthController - 401 UNAUTHORIZED: Credenciales inválidas
2025-11-30 19:14:55.351 [http-nio-8080-exec-1] DEBUG c.u.backend.common.config.LogFilter - Response Status=[401]
2025-11-30 19:15:10.398 [http-nio-8080-exec-2] DEBUG o.s.security.web.FilterChainProxy - Securing POST /api/auth/register
2025-11-30 19:15:10.399 [http-nio-8080-exec-2] DEBUG c.u.backend.common.config.LogFilter - ========== REQUEST DATA ==========
2025-11-30 19:15:10.399 [http-nio-8080-exec-2] DEBUG c.u.backend.common.config.LogFilter - Origin IP=[0:0:0:0:0:0:0:1]
2025-11-30 19:15:10.399 [http-nio-8080-exec-2] DEBUG c.u.backend.common.config.LogFilter - URI=[/api/auth/register]
2025-11-30 19:15:10.399 [http-nio-8080-exec-2] DEBUG c.u.backend.common.config.LogFilter - Method=[POST]
2025-11-30 19:15:10.399 [http-nio-8080-exec-2] DEBUG c.u.backend.common.config.LogFilter - Host Header=[localhost:8080]
2025-11-30 19:15:10.399 [http-nio-8080-exec-2] DEBUG c.u.backend.common.config.LogFilter - Server IP=[0:0:0:0:0:0:0:1]
2025-11-30 19:15:10.399 [http-nio-8080-exec-2] DEBUG c.u.backend.common.config.LogFilter - Content-Type=[application/json]
2025-11-30 19:15:10.399 [http-nio-8080-exec-2] DEBUG c.u.backend.common.config.LogFilter - User-Agent=[Mozilla/5.0 (Windows NT; Windows NT 10.0; es-EC) WindowsPowerShell/5.1.26100.7019]
2025-11-30 19:15:10.399 [http-nio-8080-exec-2] DEBUG o.s.s.w.a.AnonymousAuthenticationFilter - Set SecurityContextHolder to anonymous SecurityContext
2025-11-30 19:15:10.399 [http-nio-8080-exec-2] DEBUG o.s.security.web.FilterChainProxy - Secured POST /api/auth/register
2025-11-30 19:15:10.399 [http-nio-8080-exec-2] WARN  o.s.web.servlet.PageNotFound - No mapping for POST /api/auth/register
2025-11-30 19:15:10.399 [http-nio-8080-exec-2] ERROR c.u.b.c.e.GlobalExceptionHandler - 404 NOT FOUND: URL no encontrada en el servidor: /api/auth/register
2025-11-30 19:15:10.448 [http-nio-8080-exec-2] DEBUG c.u.backend.common.config.LogFilter - Response Status=[404]
2025-11-30 19:17:47.211 [http-nio-8080-exec-4] DEBUG o.s.security.web.FilterChainProxy - Securing POST /api/auth/login
2025-11-30 19:17:47.218 [http-nio-8080-exec-4] DEBUG c.u.backend.common.config.LogFilter - ========== REQUEST DATA ==========
2025-11-30 19:17:47.218 [http-nio-8080-exec-4] DEBUG c.u.backend.common.config.LogFilter - Origin IP=[0:0:0:0:0:0:0:1]
2025-11-30 19:17:47.218 [http-nio-8080-exec-4] DEBUG c.u.backend.common.config.LogFilter - URI=[/api/auth/login]
2025-11-30 19:17:47.218 [http-nio-8080-exec-4] DEBUG c.u.backend.common.config.LogFilter - Method=[POST]
2025-11-30 19:17:47.218 [http-nio-8080-exec-4] DEBUG c.u.backend.common.config.LogFilter - Host Header=[localhost:8080]
2025-11-30 19:17:47.218 [http-nio-8080-exec-4] DEBUG c.u.backend.common.config.LogFilter - Server IP=[0:0:0:0:0:0:0:1]
2025-11-30 19:17:47.218 [http-nio-8080-exec-4] DEBUG c.u.backend.common.config.LogFilter - Content-Type=[application/json]
2025-11-30 19:17:47.218 [http-nio-8080-exec-4] DEBUG c.u.backend.common.config.LogFilter - User-Agent=[Mozilla/5.0 (Windows NT 10.0; Win64; x64) AppleWebKit/537.36 (KHTML, like Gecko) Chrome/142.0.0.0 Safari/537.36]
2025-11-30 19:17:47.218 [http-nio-8080-exec-4] DEBUG o.s.s.w.a.AnonymousAuthenticationFilter - Set SecurityContextHolder to anonymous SecurityContext
2025-11-30 19:17:47.218 [http-nio-8080-exec-4] DEBUG o.s.security.web.FilterChainProxy - Secured POST /api/auth/login
2025-11-30 19:17:47.218 [http-nio-8080-exec-4] INFO  c.u.b.a.w.controller.AuthController - Login de usuario con cedula: 1234567890
2025-11-30 19:17:47.218 [http-nio-8080-exec-4] INFO  c.u.b.a.s.UsuarioSecurityService - loadUserByUsername()
2025-11-30 19:17:47.218 [http-nio-8080-exec-4] INFO  c.u.b.a.s.UsuarioSecurityService - Cargando usuario con cédula 1234567890
2025-11-30 19:17:47.234 [http-nio-8080-exec-4] INFO  c.u.b.a.s.UsuarioSecurityService - Usuario encontrado
2025-11-30 19:17:47.303 [http-nio-8080-exec-4] ERROR c.u.b.a.w.controller.AuthController - 401 UNAUTHORIZED: Credenciales inválidas
2025-11-30 19:17:47.311 [http-nio-8080-exec-4] DEBUG c.u.backend.common.config.LogFilter - Response Status=[401]
2025-11-30 19:19:25.713 [http-nio-8080-exec-6] DEBUG o.s.security.web.FilterChainProxy - Securing POST /api/auth/login
2025-11-30 19:19:25.715 [http-nio-8080-exec-6] DEBUG c.u.backend.common.config.LogFilter - ========== REQUEST DATA ==========
2025-11-30 19:19:25.716 [http-nio-8080-exec-6] DEBUG c.u.backend.common.config.LogFilter - Origin IP=[0:0:0:0:0:0:0:1]
2025-11-30 19:19:25.716 [http-nio-8080-exec-6] DEBUG c.u.backend.common.config.LogFilter - URI=[/api/auth/login]
2025-11-30 19:19:25.716 [http-nio-8080-exec-6] DEBUG c.u.backend.common.config.LogFilter - Method=[POST]
2025-11-30 19:19:25.716 [http-nio-8080-exec-6] DEBUG c.u.backend.common.config.LogFilter - Host Header=[localhost:8080]
2025-11-30 19:19:25.716 [http-nio-8080-exec-6] DEBUG c.u.backend.common.config.LogFilter - Server IP=[0:0:0:0:0:0:0:1]
2025-11-30 19:19:25.716 [http-nio-8080-exec-6] DEBUG c.u.backend.common.config.LogFilter - Content-Type=[application/json]
2025-11-30 19:19:25.716 [http-nio-8080-exec-6] DEBUG c.u.backend.common.config.LogFilter - User-Agent=[Mozilla/5.0 (Windows NT; Windows NT 10.0; es-EC) WindowsPowerShell/5.1.26100.7019]
2025-11-30 19:19:25.716 [http-nio-8080-exec-6] DEBUG o.s.s.w.a.AnonymousAuthenticationFilter - Set SecurityContextHolder to anonymous SecurityContext
2025-11-30 19:19:25.721 [http-nio-8080-exec-6] DEBUG o.s.security.web.FilterChainProxy - Secured POST /api/auth/login
2025-11-30 19:19:25.723 [http-nio-8080-exec-6] INFO  c.u.b.a.w.controller.AuthController - Login de usuario con cedula: 1234567890
2025-11-30 19:19:25.724 [http-nio-8080-exec-6] INFO  c.u.b.a.s.UsuarioSecurityService - loadUserByUsername()
2025-11-30 19:19:25.725 [http-nio-8080-exec-6] INFO  c.u.b.a.s.UsuarioSecurityService - Cargando usuario con cédula 1234567890
2025-11-30 19:19:25.733 [http-nio-8080-exec-6] INFO  c.u.b.a.s.UsuarioSecurityService - Usuario encontrado
2025-11-30 19:19:25.803 [http-nio-8080-exec-6] ERROR c.u.b.a.w.controller.AuthController - 401 UNAUTHORIZED: Credenciales inválidas
2025-11-30 19:19:25.803 [http-nio-8080-exec-6] DEBUG c.u.backend.common.config.LogFilter - Response Status=[401]
2025-11-30 19:19:49.671 [main] INFO  c.u.b.UdipsaiBackendApplication - Starting UdipsaiBackendApplication v0.0.1-SNAPSHOT using Java 17.0.17 with PID 12840 (C:\Users\Usuario\Downloads\vinculacion\sistema-web-turnos-udipsai\sistema-web-turnos-udipsai\backend\udipsai-backend\target\udipsai-backend-0.0.1-SNAPSHOT.jar started by Usuario in C:\Users\Usuario\Downloads\vinculacion\sistema-web-turnos-udipsai\sistema-web-turnos-udipsai\backend\udipsai-backend)
2025-11-30 19:19:49.678 [main] DEBUG c.u.b.UdipsaiBackendApplication - Running with Spring Boot v3.3.1, Spring v6.1.10
2025-11-30 19:19:49.680 [main] INFO  c.u.b.UdipsaiBackendApplication - No active profile set, falling back to 1 default profile: "default"
2025-11-30 19:19:51.834 [main] INFO  o.s.d.r.c.RepositoryConfigurationDelegate - Bootstrapping Spring Data JPA repositories in DEFAULT mode.
2025-11-30 19:19:51.973 [main] INFO  o.s.d.r.c.RepositoryConfigurationDelegate - Finished Spring Data repository scanning in 114 ms. Found 13 JPA repository interfaces.
2025-11-30 19:19:53.386 [main] INFO  o.s.b.w.e.tomcat.TomcatWebServer - Tomcat initialized with port 8080 (http)
2025-11-30 19:19:53.406 [main] INFO  o.a.catalina.core.StandardService - Starting service [Tomcat]
2025-11-30 19:19:53.406 [main] INFO  o.a.catalina.core.StandardEngine - Starting Servlet engine: [Apache Tomcat/10.1.25]
2025-11-30 19:19:53.498 [main] INFO  o.a.c.c.C.[Tomcat].[localhost].[/] - Initializing Spring embedded WebApplicationContext
2025-11-30 19:19:53.498 [main] INFO  o.s.b.w.s.c.ServletWebServerApplicationContext - Root WebApplicationContext: initialization completed in 3649 ms
2025-11-30 19:19:54.053 [main] INFO  o.h.jpa.internal.util.LogHelper - HHH000204: Processing PersistenceUnitInfo [name: default]
2025-11-30 19:19:54.191 [main] INFO  org.hibernate.Version - HHH000412: Hibernate ORM core version 6.5.2.Final
2025-11-30 19:19:54.243 [main] INFO  o.h.c.i.RegionFactoryInitiator - HHH000026: Second-level cache disabled
2025-11-30 19:19:54.956 [main] INFO  o.s.o.j.p.SpringPersistenceUnitInfo - No LoadTimeWeaver setup: ignoring JPA class transformer
2025-11-30 19:19:55.011 [main] INFO  com.zaxxer.hikari.HikariDataSource - HikariPool-1 - Starting...
2025-11-30 19:19:55.341 [main] INFO  com.zaxxer.hikari.pool.HikariPool - HikariPool-1 - Added connection org.postgresql.jdbc.PgConnection@58e5fbe5
2025-11-30 19:19:55.353 [main] INFO  com.zaxxer.hikari.HikariDataSource - HikariPool-1 - Start completed.
2025-11-30 19:19:55.411 [main] WARN  org.hibernate.orm.deprecation - HHH90000025: PostgreSQLDialect does not need to be specified explicitly using 'hibernate.dialect' (remove the property setting and it will be selected by default)
2025-11-30 19:19:57.806 [main] INFO  o.h.e.t.j.p.i.JtaPlatformInitiator - HHH000489: No JTA platform available (set 'hibernate.transaction.jta.platform' to enable JTA platform integration)
2025-11-30 19:19:58.046 [main] INFO  o.s.o.j.LocalContainerEntityManagerFactoryBean - Initialized JPA EntityManagerFactory for persistence unit 'default'
2025-11-30 19:19:58.897 [main] DEBUG c.u.backend.common.config.LogFilter - Filter 'logFilter' configured for use
2025-11-30 19:19:58.911 [main] DEBUG c.u.backend.common.config.JwtFilter - Filter 'jwtFilter' configured for use
2025-11-30 19:19:59.077 [main] INFO  o.s.s.c.a.a.c.InitializeUserDetailsBeanManagerConfigurer$InitializeUserDetailsManagerConfigurer - Global AuthenticationManager configured with UserDetailsService bean with name usuarioSecurityService
2025-11-30 19:19:59.273 [main] INFO  o.s.d.j.r.query.QueryEnhancerFactory - Hibernate is in classpath; If applicable, HQL parser will be used.
2025-11-30 19:20:01.283 [main] WARN  o.s.b.a.o.j.JpaBaseConfiguration$JpaWebConfiguration - spring.jpa.open-in-view is enabled by default. Therefore, database queries may be performed during view rendering. Explicitly configure spring.jpa.open-in-view to disable this warning
2025-11-30 19:20:02.265 [main] INFO  o.s.b.a.e.web.EndpointLinksResolver - Exposing 3 endpoints beneath base path '/actuator'
2025-11-30 19:20:02.421 [main] DEBUG o.s.s.web.DefaultSecurityFilterChain - Will secure any request with filters: DisableEncodeUrlFilter, WebAsyncManagerIntegrationFilter, SecurityContextHolderFilter, HeaderWriterFilter, CorsFilter, LogoutFilter, LogFilter, JwtFilter, RequestCacheAwareFilter, SecurityContextHolderAwareRequestFilter, AnonymousAuthenticationFilter, SessionManagementFilter, ExceptionTranslationFilter, AuthorizationFilter
2025-11-30 19:20:03.435 [main] INFO  o.s.b.w.e.tomcat.TomcatWebServer - Tomcat started on port 8080 (http) with context path '/'
2025-11-30 19:20:03.462 [main] INFO  c.u.b.UdipsaiBackendApplication - Started UdipsaiBackendApplication in 14.982 seconds (process running for 15.971)
2025-11-30 19:20:03.539 [main] INFO  c.u.b.UdipsaiBackendApplication - ==============================================
2025-11-30 19:20:03.540 [main] INFO  c.u.b.UdipsaiBackendApplication - Sistema UDIPSAI Backend Iniciado Correctamente
2025-11-30 19:20:03.541 [main] INFO  c.u.b.UdipsaiBackendApplication - Módulos disponibles: Autenticación, Usuarios, Citas
2025-11-30 19:20:03.542 [main] INFO  c.u.b.UdipsaiBackendApplication - ==============================================
2025-11-30 19:20:12.583 [http-nio-8080-exec-1] INFO  o.a.c.c.C.[Tomcat].[localhost].[/] - Initializing Spring DispatcherServlet 'dispatcherServlet'
2025-11-30 19:20:12.584 [http-nio-8080-exec-1] INFO  o.s.web.servlet.DispatcherServlet - Initializing Servlet 'dispatcherServlet'
2025-11-30 19:20:12.587 [http-nio-8080-exec-1] INFO  o.s.web.servlet.DispatcherServlet - Completed initialization in 2 ms
2025-11-30 19:20:12.650 [http-nio-8080-exec-1] DEBUG o.s.security.web.FilterChainProxy - Securing POST /api/auth/login
2025-11-30 19:20:12.682 [http-nio-8080-exec-1] DEBUG c.u.backend.common.config.LogFilter - ========== REQUEST DATA ==========
2025-11-30 19:20:12.684 [http-nio-8080-exec-1] DEBUG c.u.backend.common.config.LogFilter - Origin IP=[0:0:0:0:0:0:0:1]
2025-11-30 19:20:12.684 [http-nio-8080-exec-1] DEBUG c.u.backend.common.config.LogFilter - URI=[/api/auth/login]
2025-11-30 19:20:12.686 [http-nio-8080-exec-1] DEBUG c.u.backend.common.config.LogFilter - Method=[POST]
2025-11-30 19:20:12.687 [http-nio-8080-exec-1] DEBUG c.u.backend.common.config.LogFilter - Host Header=[localhost:8080]
2025-11-30 19:20:12.690 [http-nio-8080-exec-1] DEBUG c.u.backend.common.config.LogFilter - Server IP=[0:0:0:0:0:0:0:1]
2025-11-30 19:20:12.691 [http-nio-8080-exec-1] DEBUG c.u.backend.common.config.LogFilter - Content-Type=[application/json]
2025-11-30 19:20:12.692 [http-nio-8080-exec-1] DEBUG c.u.backend.common.config.LogFilter - User-Agent=[Mozilla/5.0 (Windows NT; Windows NT 10.0; es-EC) WindowsPowerShell/5.1.26100.7019]
2025-11-30 19:20:12.697 [http-nio-8080-exec-1] DEBUG o.s.s.w.a.AnonymousAuthenticationFilter - Set SecurityContextHolder to anonymous SecurityContext
2025-11-30 19:20:12.708 [http-nio-8080-exec-1] DEBUG o.s.security.web.FilterChainProxy - Secured POST /api/auth/login
2025-11-30 19:20:12.928 [http-nio-8080-exec-1] INFO  c.u.b.a.w.controller.AuthController - Login de usuario con cedula: 1234567890
2025-11-30 19:20:13.077 [http-nio-8080-exec-1] INFO  c.u.b.a.s.UsuarioSecurityService - loadUserByUsername()
2025-11-30 19:20:13.079 [http-nio-8080-exec-1] INFO  c.u.b.a.s.UsuarioSecurityService - Cargando usuario con cédula 1234567890
2025-11-30 19:20:13.439 [http-nio-8080-exec-1] INFO  c.u.b.a.s.UsuarioSecurityService - Usuario encontrado
2025-11-30 19:20:13.563 [http-nio-8080-exec-1] ERROR c.u.b.a.w.controller.AuthController - 401 UNAUTHORIZED: Credenciales inválidas
2025-11-30 19:20:13.597 [http-nio-8080-exec-1] DEBUG c.u.backend.common.config.LogFilter - Response Status=[401]
2025-11-30 19:24:54.721 [main] INFO  c.u.b.UdipsaiBackendApplication - Starting UdipsaiBackendApplication v0.0.1-SNAPSHOT using Java 17.0.17 with PID 21128 (C:\Users\Usuario\Downloads\vinculacion\sistema-web-turnos-udipsai\sistema-web-turnos-udipsai\backend\udipsai-backend\target\udipsai-backend-0.0.1-SNAPSHOT.jar started by Usuario in C:\Users\Usuario\Downloads\vinculacion\sistema-web-turnos-udipsai\sistema-web-turnos-udipsai\backend\udipsai-backend)
2025-11-30 19:24:54.727 [main] DEBUG c.u.b.UdipsaiBackendApplication - Running with Spring Boot v3.3.1, Spring v6.1.10
2025-11-30 19:24:54.727 [main] INFO  c.u.b.UdipsaiBackendApplication - No active profile set, falling back to 1 default profile: "default"
2025-11-30 19:24:56.973 [main] INFO  o.s.d.r.c.RepositoryConfigurationDelegate - Bootstrapping Spring Data JPA repositories in DEFAULT mode.
2025-11-30 19:24:57.114 [main] INFO  o.s.d.r.c.RepositoryConfigurationDelegate - Finished Spring Data repository scanning in 123 ms. Found 13 JPA repository interfaces.
2025-11-30 19:24:58.734 [main] INFO  o.s.b.w.e.tomcat.TomcatWebServer - Tomcat initialized with port 8080 (http)
2025-11-30 19:24:58.761 [main] INFO  o.a.catalina.core.StandardService - Starting service [Tomcat]
2025-11-30 19:24:58.762 [main] INFO  o.a.catalina.core.StandardEngine - Starting Servlet engine: [Apache Tomcat/10.1.25]
2025-11-30 19:24:58.857 [main] INFO  o.a.c.c.C.[Tomcat].[localhost].[/] - Initializing Spring embedded WebApplicationContext
2025-11-30 19:24:58.860 [main] INFO  o.s.b.w.s.c.ServletWebServerApplicationContext - Root WebApplicationContext: initialization completed in 3959 ms
2025-11-30 19:24:59.452 [main] INFO  o.h.jpa.internal.util.LogHelper - HHH000204: Processing PersistenceUnitInfo [name: default]
2025-11-30 19:24:59.637 [main] INFO  org.hibernate.Version - HHH000412: Hibernate ORM core version 6.5.2.Final
2025-11-30 19:24:59.725 [main] INFO  o.h.c.i.RegionFactoryInitiator - HHH000026: Second-level cache disabled
2025-11-30 19:25:00.307 [main] INFO  o.s.o.j.p.SpringPersistenceUnitInfo - No LoadTimeWeaver setup: ignoring JPA class transformer
2025-11-30 19:25:00.356 [main] INFO  com.zaxxer.hikari.HikariDataSource - HikariPool-1 - Starting...
2025-11-30 19:25:00.676 [main] INFO  com.zaxxer.hikari.pool.HikariPool - HikariPool-1 - Added connection org.postgresql.jdbc.PgConnection@46a97805
2025-11-30 19:25:00.676 [main] INFO  com.zaxxer.hikari.HikariDataSource - HikariPool-1 - Start completed.
2025-11-30 19:25:00.757 [main] WARN  org.hibernate.orm.deprecation - HHH90000025: PostgreSQLDialect does not need to be specified explicitly using 'hibernate.dialect' (remove the property setting and it will be selected by default)
2025-11-30 19:25:02.831 [main] INFO  o.h.e.t.j.p.i.JtaPlatformInitiator - HHH000489: No JTA platform available (set 'hibernate.transaction.jta.platform' to enable JTA platform integration)
2025-11-30 19:25:03.058 [main] INFO  o.s.o.j.LocalContainerEntityManagerFactoryBean - Initialized JPA EntityManagerFactory for persistence unit 'default'
2025-11-30 19:25:03.753 [main] DEBUG c.u.backend.common.config.LogFilter - Filter 'logFilter' configured for use
2025-11-30 19:25:03.755 [main] DEBUG c.u.backend.common.config.JwtFilter - Filter 'jwtFilter' configured for use
2025-11-30 19:25:03.896 [main] INFO  o.s.s.c.a.a.c.InitializeUserDetailsBeanManagerConfigurer$InitializeUserDetailsManagerConfigurer - Global AuthenticationManager configured with UserDetailsService bean with name usuarioSecurityService
2025-11-30 19:25:04.028 [main] INFO  o.s.d.j.r.query.QueryEnhancerFactory - Hibernate is in classpath; If applicable, HQL parser will be used.
2025-11-30 19:25:05.606 [main] WARN  o.s.b.a.o.j.JpaBaseConfiguration$JpaWebConfiguration - spring.jpa.open-in-view is enabled by default. Therefore, database queries may be performed during view rendering. Explicitly configure spring.jpa.open-in-view to disable this warning
2025-11-30 19:25:06.416 [main] INFO  o.s.b.a.e.web.EndpointLinksResolver - Exposing 3 endpoints beneath base path '/actuator'
2025-11-30 19:25:06.534 [main] DEBUG o.s.s.web.DefaultSecurityFilterChain - Will secure any request with filters: DisableEncodeUrlFilter, WebAsyncManagerIntegrationFilter, SecurityContextHolderFilter, HeaderWriterFilter, CorsFilter, LogoutFilter, LogFilter, JwtFilter, RequestCacheAwareFilter, SecurityContextHolderAwareRequestFilter, AnonymousAuthenticationFilter, SessionManagementFilter, ExceptionTranslationFilter, AuthorizationFilter
2025-11-30 19:25:07.366 [main] INFO  o.s.b.w.e.tomcat.TomcatWebServer - Tomcat started on port 8080 (http) with context path '/'
2025-11-30 19:25:07.392 [main] INFO  c.u.b.UdipsaiBackendApplication - Started UdipsaiBackendApplication in 14.009 seconds (process running for 14.943)
2025-11-30 19:25:07.471 [main] INFO  c.u.b.UdipsaiBackendApplication - ==============================================
2025-11-30 19:25:07.471 [main] INFO  c.u.b.UdipsaiBackendApplication - Sistema UDIPSAI Backend Iniciado Correctamente
2025-11-30 19:25:07.471 [main] INFO  c.u.b.UdipsaiBackendApplication - Módulos disponibles: Autenticación, Usuarios, Citas
2025-11-30 19:25:07.471 [main] INFO  c.u.b.UdipsaiBackendApplication - ==============================================
2025-11-30 19:25:22.524 [http-nio-8080-exec-1] INFO  o.a.c.c.C.[Tomcat].[localhost].[/] - Initializing Spring DispatcherServlet 'dispatcherServlet'
2025-11-30 19:25:22.525 [http-nio-8080-exec-1] INFO  o.s.web.servlet.DispatcherServlet - Initializing Servlet 'dispatcherServlet'
2025-11-30 19:25:22.527 [http-nio-8080-exec-1] INFO  o.s.web.servlet.DispatcherServlet - Completed initialization in 1 ms
2025-11-30 19:25:22.558 [http-nio-8080-exec-1] DEBUG o.s.security.web.FilterChainProxy - Securing POST /api/auth/login
2025-11-30 19:25:22.574 [http-nio-8080-exec-1] DEBUG c.u.backend.common.config.LogFilter - ========== REQUEST DATA ==========
2025-11-30 19:25:22.574 [http-nio-8080-exec-1] DEBUG c.u.backend.common.config.LogFilter - Origin IP=[0:0:0:0:0:0:0:1]
2025-11-30 19:25:22.574 [http-nio-8080-exec-1] DEBUG c.u.backend.common.config.LogFilter - URI=[/api/auth/login]
2025-11-30 19:25:22.574 [http-nio-8080-exec-1] DEBUG c.u.backend.common.config.LogFilter - Method=[POST]
2025-11-30 19:25:22.574 [http-nio-8080-exec-1] DEBUG c.u.backend.common.config.LogFilter - Host Header=[localhost:8080]
2025-11-30 19:25:22.574 [http-nio-8080-exec-1] DEBUG c.u.backend.common.config.LogFilter - Server IP=[0:0:0:0:0:0:0:1]
2025-11-30 19:25:22.574 [http-nio-8080-exec-1] DEBUG c.u.backend.common.config.LogFilter - Content-Type=[application/json]
2025-11-30 19:25:22.574 [http-nio-8080-exec-1] DEBUG c.u.backend.common.config.LogFilter - User-Agent=[Mozilla/5.0 (Windows NT; Windows NT 10.0; es-EC) WindowsPowerShell/5.1.26100.7019]
2025-11-30 19:25:22.587 [http-nio-8080-exec-1] DEBUG o.s.s.w.a.AnonymousAuthenticationFilter - Set SecurityContextHolder to anonymous SecurityContext
2025-11-30 19:25:22.595 [http-nio-8080-exec-1] DEBUG o.s.security.web.FilterChainProxy - Secured POST /api/auth/login
2025-11-30 19:25:22.723 [http-nio-8080-exec-1] INFO  c.u.b.a.w.controller.AuthController - Login de usuario con cedula: 1234567890
2025-11-30 19:25:22.818 [http-nio-8080-exec-1] INFO  c.u.b.a.s.UsuarioSecurityService - loadUserByUsername()
2025-11-30 19:25:22.834 [http-nio-8080-exec-1] INFO  c.u.b.a.s.UsuarioSecurityService - Cargando usuario con cédula 1234567890
2025-11-30 19:25:23.090 [http-nio-8080-exec-1] INFO  c.u.b.a.s.UsuarioSecurityService - Usuario encontrado
2025-11-30 19:25:23.263 [http-nio-8080-exec-1] INFO  c.u.b.a.w.controller.AuthController - 200 OK: Usuario autenticado
2025-11-30 19:25:23.313 [http-nio-8080-exec-1] DEBUG c.u.backend.common.config.LogFilter - Response Status=[200]
2025-11-30 19:26:05.402 [http-nio-8080-exec-2] DEBUG o.s.security.web.FilterChainProxy - Securing OPTIONS /api/auth/login
2025-11-30 19:26:05.418 [http-nio-8080-exec-3] DEBUG o.s.security.web.FilterChainProxy - Securing POST /api/auth/login
2025-11-30 19:26:05.418 [http-nio-8080-exec-3] DEBUG c.u.backend.common.config.LogFilter - ========== REQUEST DATA ==========
2025-11-30 19:26:05.418 [http-nio-8080-exec-3] DEBUG c.u.backend.common.config.LogFilter - Origin IP=[0:0:0:0:0:0:0:1]
2025-11-30 19:26:05.418 [http-nio-8080-exec-3] DEBUG c.u.backend.common.config.LogFilter - URI=[/api/auth/login]
2025-11-30 19:26:05.418 [http-nio-8080-exec-3] DEBUG c.u.backend.common.config.LogFilter - Method=[POST]
2025-11-30 19:26:05.418 [http-nio-8080-exec-3] DEBUG c.u.backend.common.config.LogFilter - Host Header=[localhost:8080]
2025-11-30 19:26:05.418 [http-nio-8080-exec-3] DEBUG c.u.backend.common.config.LogFilter - Server IP=[0:0:0:0:0:0:0:1]
2025-11-30 19:26:05.418 [http-nio-8080-exec-3] DEBUG c.u.backend.common.config.LogFilter - Content-Type=[application/json]
2025-11-30 19:26:05.418 [http-nio-8080-exec-3] DEBUG c.u.backend.common.config.LogFilter - User-Agent=[Mozilla/5.0 (Windows NT 10.0; Win64; x64) AppleWebKit/537.36 (KHTML, like Gecko) Code/1.106.2 Chrome/138.0.7204.251 Electron/37.7.0 Safari/537.36]
2025-11-30 19:26:05.434 [http-nio-8080-exec-3] DEBUG o.s.s.w.a.AnonymousAuthenticationFilter - Set SecurityContextHolder to anonymous SecurityContext
2025-11-30 19:26:05.434 [http-nio-8080-exec-3] DEBUG o.s.security.web.FilterChainProxy - Secured POST /api/auth/login
2025-11-30 19:26:05.434 [http-nio-8080-exec-3] INFO  c.u.b.a.w.controller.AuthController - Login de usuario con cedula: 1234567890
2025-11-30 19:26:05.434 [http-nio-8080-exec-3] INFO  c.u.b.a.s.UsuarioSecurityService - loadUserByUsername()
2025-11-30 19:26:05.434 [http-nio-8080-exec-3] INFO  c.u.b.a.s.UsuarioSecurityService - Cargando usuario con cédula 1234567890
2025-11-30 19:26:05.438 [http-nio-8080-exec-3] INFO  c.u.b.a.s.UsuarioSecurityService - Usuario encontrado
2025-11-30 19:26:05.513 [http-nio-8080-exec-3] INFO  c.u.b.a.w.controller.AuthController - 200 OK: Usuario autenticado
2025-11-30 19:26:05.513 [http-nio-8080-exec-3] DEBUG c.u.backend.common.config.LogFilter - Response Status=[200]
2025-11-30 19:26:19.798 [http-nio-8080-exec-4] DEBUG o.s.security.web.FilterChainProxy - Securing POST /api/auth/login
2025-11-30 19:26:19.812 [http-nio-8080-exec-4] DEBUG c.u.backend.common.config.LogFilter - ========== REQUEST DATA ==========
2025-11-30 19:26:19.812 [http-nio-8080-exec-4] DEBUG c.u.backend.common.config.LogFilter - Origin IP=[0:0:0:0:0:0:0:1]
2025-11-30 19:26:19.812 [http-nio-8080-exec-4] DEBUG c.u.backend.common.config.LogFilter - URI=[/api/auth/login]
2025-11-30 19:26:19.812 [http-nio-8080-exec-4] DEBUG c.u.backend.common.config.LogFilter - Method=[POST]
2025-11-30 19:26:19.812 [http-nio-8080-exec-4] DEBUG c.u.backend.common.config.LogFilter - Host Header=[localhost:8080]
2025-11-30 19:26:19.812 [http-nio-8080-exec-4] DEBUG c.u.backend.common.config.LogFilter - Server IP=[0:0:0:0:0:0:0:1]
2025-11-30 19:26:19.812 [http-nio-8080-exec-4] DEBUG c.u.backend.common.config.LogFilter - Content-Type=[application/json]
2025-11-30 19:26:19.812 [http-nio-8080-exec-4] DEBUG c.u.backend.common.config.LogFilter - User-Agent=[Mozilla/5.0 (Windows NT 10.0; Win64; x64) AppleWebKit/537.36 (KHTML, like Gecko) Chrome/142.0.0.0 Safari/537.36]
2025-11-30 19:26:19.812 [http-nio-8080-exec-4] DEBUG o.s.s.w.a.AnonymousAuthenticationFilter - Set SecurityContextHolder to anonymous SecurityContext
2025-11-30 19:26:19.812 [http-nio-8080-exec-4] DEBUG o.s.security.web.FilterChainProxy - Secured POST /api/auth/login
2025-11-30 19:26:19.812 [http-nio-8080-exec-4] INFO  c.u.b.a.w.controller.AuthController - Login de usuario con cedula: 1234567890
2025-11-30 19:26:19.812 [http-nio-8080-exec-4] INFO  c.u.b.a.s.UsuarioSecurityService - loadUserByUsername()
2025-11-30 19:26:19.812 [http-nio-8080-exec-4] INFO  c.u.b.a.s.UsuarioSecurityService - Cargando usuario con cédula 1234567890
2025-11-30 19:26:19.827 [http-nio-8080-exec-4] INFO  c.u.b.a.s.UsuarioSecurityService - Usuario encontrado
2025-11-30 19:26:19.905 [http-nio-8080-exec-4] INFO  c.u.b.a.w.controller.AuthController - 200 OK: Usuario autenticado
2025-11-30 19:26:19.905 [http-nio-8080-exec-4] DEBUG c.u.backend.common.config.LogFilter - Response Status=[200]
2025-11-30 19:26:27.293 [http-nio-8080-exec-6] DEBUG o.s.security.web.FilterChainProxy - Securing OPTIONS /api/pacientes?page=0&size=5
2025-11-30 19:26:27.306 [http-nio-8080-exec-7] DEBUG o.s.security.web.FilterChainProxy - Securing OPTIONS /api/areas
2025-11-30 19:26:27.307 [http-nio-8080-exec-8] DEBUG o.s.security.web.FilterChainProxy - Securing OPTIONS /api/pacientes?page=0&size=10
2025-11-30 19:26:27.309 [http-nio-8080-exec-9] DEBUG o.s.security.web.FilterChainProxy - Securing GET /api/pacientes?page=0&size=5
2025-11-30 19:26:27.315 [http-nio-8080-exec-9] DEBUG c.u.backend.common.config.LogFilter - ========== REQUEST DATA ==========
2025-11-30 19:26:27.317 [http-nio-8080-exec-9] DEBUG c.u.backend.common.config.LogFilter - Origin IP=[0:0:0:0:0:0:0:1]
2025-11-30 19:26:27.318 [http-nio-8080-exec-9] DEBUG c.u.backend.common.config.LogFilter - URI=[/api/pacientes]
2025-11-30 19:26:27.319 [http-nio-8080-exec-9] DEBUG c.u.backend.common.config.LogFilter - Method=[GET]
2025-11-30 19:26:27.321 [http-nio-8080-exec-9] DEBUG c.u.backend.common.config.LogFilter - Host Header=[localhost:8080]
2025-11-30 19:26:27.321 [http-nio-8080-exec-10] DEBUG o.s.security.web.FilterChainProxy - Securing GET /api/pacientes?page=0&size=10
2025-11-30 19:26:27.322 [http-nio-8080-exec-1] DEBUG o.s.security.web.FilterChainProxy - Securing GET /api/areas
2025-11-30 19:26:27.322 [http-nio-8080-exec-9] DEBUG c.u.backend.common.config.LogFilter - Server IP=[0:0:0:0:0:0:0:1]
2025-11-30 19:26:27.323 [http-nio-8080-exec-9] DEBUG c.u.backend.common.config.LogFilter - Content-Type=[null]
2025-11-30 19:26:27.324 [http-nio-8080-exec-10] DEBUG c.u.backend.common.config.LogFilter - ========== REQUEST DATA ==========
2025-11-30 19:26:27.324 [http-nio-8080-exec-9] DEBUG c.u.backend.common.config.LogFilter - User-Agent=[Mozilla/5.0 (Windows NT 10.0; Win64; x64) AppleWebKit/537.36 (KHTML, like Gecko) Chrome/142.0.0.0 Safari/537.36]
2025-11-30 19:26:27.325 [http-nio-8080-exec-1] DEBUG c.u.backend.common.config.LogFilter - ========== REQUEST DATA ==========
2025-11-30 19:26:27.327 [http-nio-8080-exec-1] DEBUG c.u.backend.common.config.LogFilter - Origin IP=[0:0:0:0:0:0:0:1]
2025-11-30 19:26:27.326 [http-nio-8080-exec-10] DEBUG c.u.backend.common.config.LogFilter - Origin IP=[0:0:0:0:0:0:0:1]
2025-11-30 19:26:27.328 [http-nio-8080-exec-1] DEBUG c.u.backend.common.config.LogFilter - URI=[/api/areas]
2025-11-30 19:26:27.328 [http-nio-8080-exec-10] DEBUG c.u.backend.common.config.LogFilter - URI=[/api/pacientes]
2025-11-30 19:26:27.329 [http-nio-8080-exec-1] DEBUG c.u.backend.common.config.LogFilter - Method=[GET]
2025-11-30 19:26:27.329 [http-nio-8080-exec-10] DEBUG c.u.backend.common.config.LogFilter - Method=[GET]
2025-11-30 19:26:27.331 [http-nio-8080-exec-1] DEBUG c.u.backend.common.config.LogFilter - Host Header=[localhost:8080]
2025-11-30 19:26:27.331 [http-nio-8080-exec-10] DEBUG c.u.backend.common.config.LogFilter - Host Header=[localhost:8080]
2025-11-30 19:26:27.332 [http-nio-8080-exec-1] DEBUG c.u.backend.common.config.LogFilter - Server IP=[0:0:0:0:0:0:0:1]
2025-11-30 19:26:27.332 [http-nio-8080-exec-10] DEBUG c.u.backend.common.config.LogFilter - Server IP=[0:0:0:0:0:0:0:1]
2025-11-30 19:26:27.333 [http-nio-8080-exec-1] DEBUG c.u.backend.common.config.LogFilter - Content-Type=[null]
2025-11-30 19:26:27.333 [http-nio-8080-exec-10] DEBUG c.u.backend.common.config.LogFilter - Content-Type=[null]
2025-11-30 19:26:27.334 [http-nio-8080-exec-1] DEBUG c.u.backend.common.config.LogFilter - User-Agent=[Mozilla/5.0 (Windows NT 10.0; Win64; x64) AppleWebKit/537.36 (KHTML, like Gecko) Chrome/142.0.0.0 Safari/537.36]
2025-11-30 19:26:27.335 [http-nio-8080-exec-10] DEBUG c.u.backend.common.config.LogFilter - User-Agent=[Mozilla/5.0 (Windows NT 10.0; Win64; x64) AppleWebKit/537.36 (KHTML, like Gecko) Chrome/142.0.0.0 Safari/537.36]
2025-11-30 19:26:27.382 [http-nio-8080-exec-9] INFO  c.u.b.a.s.UsuarioSecurityService - loadUserByUsername()
2025-11-30 19:26:27.382 [http-nio-8080-exec-10] INFO  c.u.b.a.s.UsuarioSecurityService - loadUserByUsername()
2025-11-30 19:26:27.383 [http-nio-8080-exec-9] INFO  c.u.b.a.s.UsuarioSecurityService - Cargando usuario con cédula 1234567890
2025-11-30 19:26:27.382 [http-nio-8080-exec-1] INFO  c.u.b.a.s.UsuarioSecurityService - loadUserByUsername()
2025-11-30 19:26:27.386 [http-nio-8080-exec-1] INFO  c.u.b.a.s.UsuarioSecurityService - Cargando usuario con cédula 1234567890
2025-11-30 19:26:27.383 [http-nio-8080-exec-10] INFO  c.u.b.a.s.UsuarioSecurityService - Cargando usuario con cédula 1234567890
2025-11-30 19:26:27.507 [http-nio-8080-exec-9] INFO  c.u.b.a.s.UsuarioSecurityService - Usuario encontrado
2025-11-30 19:26:27.522 [http-nio-8080-exec-1] INFO  c.u.b.a.s.UsuarioSecurityService - Usuario encontrado
2025-11-30 19:26:27.522 [http-nio-8080-exec-10] INFO  c.u.b.a.s.UsuarioSecurityService - Usuario encontrado
2025-11-30 19:26:27.524 [http-nio-8080-exec-1] DEBUG o.s.security.web.FilterChainProxy - Secured GET /api/areas
2025-11-30 19:26:27.524 [http-nio-8080-exec-10] DEBUG o.s.security.web.FilterChainProxy - Secured GET /api/pacientes?page=0&size=10
2025-11-30 19:26:27.524 [http-nio-8080-exec-9] DEBUG o.s.security.web.FilterChainProxy - Secured GET /api/pacientes?page=0&size=5
2025-11-30 19:26:27.533 [http-nio-8080-exec-1] INFO  c.u.b.usuarios.service.AreaService - obtenerAreas()
2025-11-30 19:26:27.533 [http-nio-8080-exec-1] INFO  c.u.b.usuarios.service.AreaService - Obteniendo todas las areas activas
2025-11-30 19:26:27.540 [http-nio-8080-exec-1] INFO  c.u.b.usuarios.service.AreaService - 200 OK: Areas activas obtenidas correctamente
2025-11-30 19:26:27.540 [http-nio-8080-exec-10] INFO  c.u.b.citas.service.PacienteService - obtenerPacientes()
2025-11-30 19:26:27.540 [http-nio-8080-exec-9] INFO  c.u.b.citas.service.PacienteService - obtenerPacientes()
2025-11-30 19:26:27.543 [http-nio-8080-exec-10] INFO  c.u.b.citas.service.PacienteService - Obteniendo todos los pacientes
2025-11-30 19:26:27.544 [http-nio-8080-exec-9] INFO  c.u.b.citas.service.PacienteService - Obteniendo todos los pacientes
2025-11-30 19:26:27.549 [http-nio-8080-exec-1] DEBUG c.u.backend.common.config.LogFilter - Response Status=[200]
2025-11-30 19:26:27.632 [http-nio-8080-exec-9] INFO  c.u.b.citas.service.PacienteService - 200 OK: Pacientes obtenidos correctamente
2025-11-30 19:26:27.633 [http-nio-8080-exec-10] INFO  c.u.b.citas.service.PacienteService - 200 OK: Pacientes obtenidos correctamente
2025-11-30 19:26:27.666 [http-nio-8080-exec-10] WARN  o.s.d.w.c.SpringDataJacksonConfiguration$PageModule$PlainPageSerializationWarning - Serializing PageImpl instances as-is is not supported, meaning that there is no guarantee about the stability of the resulting JSON structure!
	For a stable JSON structure, please use Spring Data's PagedModel (globally via @EnableSpringDataWebSupport(pageSerializationMode = VIA_DTO))
	or Spring HATEOAS and Spring Data's PagedResourcesAssembler as documented in https://docs.spring.io/spring-data/commons/reference/repositories/core-extensions.html#core.web.pageables.

2025-11-30 19:26:27.680 [http-nio-8080-exec-10] DEBUG c.u.backend.common.config.LogFilter - Response Status=[200]
2025-11-30 19:26:27.679 [http-nio-8080-exec-9] DEBUG c.u.backend.common.config.LogFilter - Response Status=[200]
2025-11-30 19:26:28.287 [http-nio-8080-exec-2] DEBUG o.s.security.web.FilterChainProxy - Securing OPTIONS /api/citas?page=0&size=10
2025-11-30 19:26:28.287 [http-nio-8080-exec-3] DEBUG o.s.security.web.FilterChainProxy - Securing OPTIONS /api/citas?page=0&size=10
2025-11-30 19:26:28.306 [http-nio-8080-exec-4] DEBUG o.s.security.web.FilterChainProxy - Securing GET /api/citas?page=0&size=10
2025-11-30 19:26:28.310 [http-nio-8080-exec-4] DEBUG c.u.backend.common.config.LogFilter - ========== REQUEST DATA ==========
2025-11-30 19:26:28.312 [http-nio-8080-exec-4] DEBUG c.u.backend.common.config.LogFilter - Origin IP=[0:0:0:0:0:0:0:1]
2025-11-30 19:26:28.314 [http-nio-8080-exec-4] DEBUG c.u.backend.common.config.LogFilter - URI=[/api/citas]
2025-11-30 19:26:28.316 [http-nio-8080-exec-4] DEBUG c.u.backend.common.config.LogFilter - Method=[GET]
2025-11-30 19:26:28.316 [http-nio-8080-exec-4] DEBUG c.u.backend.common.config.LogFilter - Host Header=[localhost:8080]
2025-11-30 19:26:28.318 [http-nio-8080-exec-4] DEBUG c.u.backend.common.config.LogFilter - Server IP=[0:0:0:0:0:0:0:1]
2025-11-30 19:26:28.318 [http-nio-8080-exec-4] DEBUG c.u.backend.common.config.LogFilter - Content-Type=[null]
2025-11-30 19:26:28.320 [http-nio-8080-exec-4] DEBUG c.u.backend.common.config.LogFilter - User-Agent=[Mozilla/5.0 (Windows NT 10.0; Win64; x64) AppleWebKit/537.36 (KHTML, like Gecko) Chrome/142.0.0.0 Safari/537.36]
2025-11-30 19:26:28.322 [http-nio-8080-exec-4] INFO  c.u.b.a.s.UsuarioSecurityService - loadUserByUsername()
2025-11-30 19:26:28.324 [http-nio-8080-exec-4] INFO  c.u.b.a.s.UsuarioSecurityService - Cargando usuario con cédula 1234567890
2025-11-30 19:26:28.341 [http-nio-8080-exec-4] INFO  c.u.b.a.s.UsuarioSecurityService - Usuario encontrado
2025-11-30 19:26:28.343 [http-nio-8080-exec-4] DEBUG o.s.security.web.FilterChainProxy - Secured GET /api/citas?page=0&size=10
2025-11-30 19:26:28.348 [http-nio-8080-exec-4] INFO  c.u.b.citas.service.CitaService - obtenerCitas()
2025-11-30 19:26:28.349 [http-nio-8080-exec-4] INFO  c.u.b.citas.service.CitaService - Obteniendo todas las Citas
2025-11-30 19:26:28.361 [http-nio-8080-exec-4] ERROR c.u.b.c.e.GlobalExceptionHandler - 404 NOT FOUND: Recurso no encontrado - No existen citas registradas
2025-11-30 19:26:28.374 [http-nio-8080-exec-4] DEBUG c.u.backend.common.config.LogFilter - Response Status=[404]
2025-11-30 19:26:28.374 [http-nio-8080-exec-5] DEBUG o.s.security.web.FilterChainProxy - Securing GET /api/citas?page=0&size=10
2025-11-30 19:26:28.382 [http-nio-8080-exec-5] DEBUG c.u.backend.common.config.LogFilter - ========== REQUEST DATA ==========
2025-11-30 19:26:28.384 [http-nio-8080-exec-5] DEBUG c.u.backend.common.config.LogFilter - Origin IP=[0:0:0:0:0:0:0:1]
2025-11-30 19:26:28.384 [http-nio-8080-exec-5] DEBUG c.u.backend.common.config.LogFilter - URI=[/api/citas]
2025-11-30 19:26:28.386 [http-nio-8080-exec-5] DEBUG c.u.backend.common.config.LogFilter - Method=[GET]
2025-11-30 19:26:28.386 [http-nio-8080-exec-5] DEBUG c.u.backend.common.config.LogFilter - Host Header=[localhost:8080]
2025-11-30 19:26:28.388 [http-nio-8080-exec-5] DEBUG c.u.backend.common.config.LogFilter - Server IP=[0:0:0:0:0:0:0:1]
2025-11-30 19:26:28.389 [http-nio-8080-exec-5] DEBUG c.u.backend.common.config.LogFilter - Content-Type=[null]
2025-11-30 19:26:28.391 [http-nio-8080-exec-5] DEBUG c.u.backend.common.config.LogFilter - User-Agent=[Mozilla/5.0 (Windows NT 10.0; Win64; x64) AppleWebKit/537.36 (KHTML, like Gecko) Chrome/142.0.0.0 Safari/537.36]
2025-11-30 19:26:28.393 [http-nio-8080-exec-5] INFO  c.u.b.a.s.UsuarioSecurityService - loadUserByUsername()
2025-11-30 19:26:28.397 [http-nio-8080-exec-5] INFO  c.u.b.a.s.UsuarioSecurityService - Cargando usuario con cédula 1234567890
2025-11-30 19:26:28.409 [http-nio-8080-exec-5] INFO  c.u.b.a.s.UsuarioSecurityService - Usuario encontrado
2025-11-30 19:26:28.414 [http-nio-8080-exec-5] DEBUG o.s.security.web.FilterChainProxy - Secured GET /api/citas?page=0&size=10
2025-11-30 19:26:28.416 [http-nio-8080-exec-5] INFO  c.u.b.citas.service.CitaService - obtenerCitas()
2025-11-30 19:26:28.417 [http-nio-8080-exec-5] INFO  c.u.b.citas.service.CitaService - Obteniendo todas las Citas
2025-11-30 19:26:28.422 [http-nio-8080-exec-5] ERROR c.u.b.c.e.GlobalExceptionHandler - 404 NOT FOUND: Recurso no encontrado - No existen citas registradas
2025-11-30 19:26:28.425 [http-nio-8080-exec-5] DEBUG c.u.backend.common.config.LogFilter - Response Status=[404]
2025-11-30 19:26:29.370 [http-nio-8080-exec-6] DEBUG o.s.security.web.FilterChainProxy - Securing OPTIONS /api/profesionales?page=0&size=10
2025-11-30 19:26:29.373 [http-nio-8080-exec-8] DEBUG o.s.security.web.FilterChainProxy - Securing GET /api/areas
2025-11-30 19:26:29.381 [http-nio-8080-exec-8] DEBUG c.u.backend.common.config.LogFilter - ========== REQUEST DATA ==========
2025-11-30 19:26:29.381 [http-nio-8080-exec-7] DEBUG o.s.security.web.FilterChainProxy - Securing GET /api/profesionales?page=0&size=10
2025-11-30 19:26:29.382 [http-nio-8080-exec-8] DEBUG c.u.backend.common.config.LogFilter - Origin IP=[0:0:0:0:0:0:0:1]
2025-11-30 19:26:29.383 [http-nio-8080-exec-8] DEBUG c.u.backend.common.config.LogFilter - URI=[/api/areas]
2025-11-30 19:26:29.384 [http-nio-8080-exec-7] DEBUG c.u.backend.common.config.LogFilter - ========== REQUEST DATA ==========
2025-11-30 19:26:29.384 [http-nio-8080-exec-8] DEBUG c.u.backend.common.config.LogFilter - Method=[GET]
2025-11-30 19:26:29.384 [http-nio-8080-exec-7] DEBUG c.u.backend.common.config.LogFilter - Origin IP=[0:0:0:0:0:0:0:1]
2025-11-30 19:26:29.385 [http-nio-8080-exec-8] DEBUG c.u.backend.common.config.LogFilter - Host Header=[localhost:8080]
2025-11-30 19:26:29.385 [http-nio-8080-exec-7] DEBUG c.u.backend.common.config.LogFilter - URI=[/api/profesionales]
2025-11-30 19:26:29.386 [http-nio-8080-exec-8] DEBUG c.u.backend.common.config.LogFilter - Server IP=[0:0:0:0:0:0:0:1]
2025-11-30 19:26:29.386 [http-nio-8080-exec-7] DEBUG c.u.backend.common.config.LogFilter - Method=[GET]
2025-11-30 19:26:29.388 [http-nio-8080-exec-7] DEBUG c.u.backend.common.config.LogFilter - Host Header=[localhost:8080]
2025-11-30 19:26:29.388 [http-nio-8080-exec-8] DEBUG c.u.backend.common.config.LogFilter - Content-Type=[null]
2025-11-30 19:26:29.388 [http-nio-8080-exec-7] DEBUG c.u.backend.common.config.LogFilter - Server IP=[0:0:0:0:0:0:0:1]
2025-11-30 19:26:29.388 [http-nio-8080-exec-8] DEBUG c.u.backend.common.config.LogFilter - User-Agent=[Mozilla/5.0 (Windows NT 10.0; Win64; x64) AppleWebKit/537.36 (KHTML, like Gecko) Chrome/142.0.0.0 Safari/537.36]
2025-11-30 19:26:29.389 [http-nio-8080-exec-7] DEBUG c.u.backend.common.config.LogFilter - Content-Type=[null]
2025-11-30 19:26:29.390 [http-nio-8080-exec-7] DEBUG c.u.backend.common.config.LogFilter - User-Agent=[Mozilla/5.0 (Windows NT 10.0; Win64; x64) AppleWebKit/537.36 (KHTML, like Gecko) Chrome/142.0.0.0 Safari/537.36]
2025-11-30 19:26:29.390 [http-nio-8080-exec-8] INFO  c.u.b.a.s.UsuarioSecurityService - loadUserByUsername()
2025-11-30 19:26:29.391 [http-nio-8080-exec-8] INFO  c.u.b.a.s.UsuarioSecurityService - Cargando usuario con cédula 1234567890
2025-11-30 19:26:29.392 [http-nio-8080-exec-7] INFO  c.u.b.a.s.UsuarioSecurityService - loadUserByUsername()
2025-11-30 19:26:29.393 [http-nio-8080-exec-7] INFO  c.u.b.a.s.UsuarioSecurityService - Cargando usuario con cédula 1234567890
2025-11-30 19:26:29.403 [http-nio-8080-exec-8] INFO  c.u.b.a.s.UsuarioSecurityService - Usuario encontrado
2025-11-30 19:26:29.404 [http-nio-8080-exec-7] INFO  c.u.b.a.s.UsuarioSecurityService - Usuario encontrado
2025-11-30 19:26:29.405 [http-nio-8080-exec-8] DEBUG o.s.security.web.FilterChainProxy - Secured GET /api/areas
2025-11-30 19:26:29.406 [http-nio-8080-exec-7] DEBUG o.s.security.web.FilterChainProxy - Secured GET /api/profesionales?page=0&size=10
2025-11-30 19:26:29.407 [http-nio-8080-exec-8] INFO  c.u.b.usuarios.service.AreaService - obtenerAreas()
2025-11-30 19:26:29.409 [http-nio-8080-exec-8] INFO  c.u.b.usuarios.service.AreaService - Obteniendo todas las areas activas
2025-11-30 19:26:29.409 [http-nio-8080-exec-7] INFO  c.u.b.u.service.ProfesionalService - obtenerProfesionales()
2025-11-30 19:26:29.412 [http-nio-8080-exec-7] INFO  c.u.b.u.service.ProfesionalService - Obteniendo profesionales activos
2025-11-30 19:26:29.416 [http-nio-8080-exec-8] INFO  c.u.b.usuarios.service.AreaService - 200 OK: Areas activas obtenidas correctamente
2025-11-30 19:26:29.421 [http-nio-8080-exec-8] DEBUG c.u.backend.common.config.LogFilter - Response Status=[200]
2025-11-30 19:26:29.434 [http-nio-8080-exec-7] INFO  c.u.b.u.service.ProfesionalService - 200 OK: Profesionales activos obtenidos correctamente
2025-11-30 19:26:29.441 [http-nio-8080-exec-7] DEBUG c.u.backend.common.config.LogFilter - Response Status=[200]
2025-11-30 19:26:30.530 [http-nio-8080-exec-1] DEBUG o.s.security.web.FilterChainProxy - Securing OPTIONS /api/pasantes?page=0&size=5
2025-11-30 19:26:30.533 [http-nio-8080-exec-9] DEBUG o.s.security.web.FilterChainProxy - Securing GET /api/areas
2025-11-30 19:26:30.536 [http-nio-8080-exec-10] DEBUG o.s.security.web.FilterChainProxy - Securing OPTIONS /api/pasantes?page=0&size=10
2025-11-30 19:26:30.548 [http-nio-8080-exec-9] DEBUG c.u.backend.common.config.LogFilter - ========== REQUEST DATA ==========
2025-11-30 19:26:30.549 [http-nio-8080-exec-9] DEBUG c.u.backend.common.config.LogFilter - Origin IP=[0:0:0:0:0:0:0:1]
2025-11-30 19:26:30.550 [http-nio-8080-exec-9] DEBUG c.u.backend.common.config.LogFilter - URI=[/api/areas]
2025-11-30 19:26:30.551 [http-nio-8080-exec-9] DEBUG c.u.backend.common.config.LogFilter - Method=[GET]
2025-11-30 19:26:30.552 [http-nio-8080-exec-9] DEBUG c.u.backend.common.config.LogFilter - Host Header=[localhost:8080]
2025-11-30 19:26:30.553 [http-nio-8080-exec-9] DEBUG c.u.backend.common.config.LogFilter - Server IP=[0:0:0:0:0:0:0:1]
2025-11-30 19:26:30.554 [http-nio-8080-exec-9] DEBUG c.u.backend.common.config.LogFilter - Content-Type=[null]
2025-11-30 19:26:30.554 [http-nio-8080-exec-9] DEBUG c.u.backend.common.config.LogFilter - User-Agent=[Mozilla/5.0 (Windows NT 10.0; Win64; x64) AppleWebKit/537.36 (KHTML, like Gecko) Chrome/142.0.0.0 Safari/537.36]
2025-11-30 19:26:30.555 [http-nio-8080-exec-2] DEBUG o.s.security.web.FilterChainProxy - Securing GET /api/pasantes?page=0&size=5
2025-11-30 19:26:30.555 [http-nio-8080-exec-3] DEBUG o.s.security.web.FilterChainProxy - Securing GET /api/pasantes?page=0&size=10
2025-11-30 19:26:30.556 [http-nio-8080-exec-9] INFO  c.u.b.a.s.UsuarioSecurityService - loadUserByUsername()
2025-11-30 19:26:30.557 [http-nio-8080-exec-2] DEBUG c.u.backend.common.config.LogFilter - ========== REQUEST DATA ==========
2025-11-30 19:26:30.557 [http-nio-8080-exec-9] INFO  c.u.b.a.s.UsuarioSecurityService - Cargando usuario con cédula 1234567890
2025-11-30 19:26:30.558 [http-nio-8080-exec-2] DEBUG c.u.backend.common.config.LogFilter - Origin IP=[0:0:0:0:0:0:0:1]
2025-11-30 19:26:30.558 [http-nio-8080-exec-3] DEBUG c.u.backend.common.config.LogFilter - ========== REQUEST DATA ==========
2025-11-30 19:26:30.559 [http-nio-8080-exec-2] DEBUG c.u.backend.common.config.LogFilter - URI=[/api/pasantes]
2025-11-30 19:26:30.559 [http-nio-8080-exec-3] DEBUG c.u.backend.common.config.LogFilter - Origin IP=[0:0:0:0:0:0:0:1]
2025-11-30 19:26:30.560 [http-nio-8080-exec-2] DEBUG c.u.backend.common.config.LogFilter - Method=[GET]
2025-11-30 19:26:30.560 [http-nio-8080-exec-3] DEBUG c.u.backend.common.config.LogFilter - URI=[/api/pasantes]
2025-11-30 19:26:30.562 [http-nio-8080-exec-3] DEBUG c.u.backend.common.config.LogFilter - Method=[GET]
2025-11-30 19:26:30.564 [http-nio-8080-exec-3] DEBUG c.u.backend.common.config.LogFilter - Host Header=[localhost:8080]
2025-11-30 19:26:30.566 [http-nio-8080-exec-3] DEBUG c.u.backend.common.config.LogFilter - Server IP=[0:0:0:0:0:0:0:1]
2025-11-30 19:26:30.561 [http-nio-8080-exec-2] DEBUG c.u.backend.common.config.LogFilter - Host Header=[localhost:8080]
2025-11-30 19:26:30.567 [http-nio-8080-exec-2] DEBUG c.u.backend.common.config.LogFilter - Server IP=[0:0:0:0:0:0:0:1]
2025-11-30 19:26:30.567 [http-nio-8080-exec-3] DEBUG c.u.backend.common.config.LogFilter - Content-Type=[null]
2025-11-30 19:26:30.569 [http-nio-8080-exec-2] DEBUG c.u.backend.common.config.LogFilter - Content-Type=[null]
2025-11-30 19:26:30.569 [http-nio-8080-exec-3] DEBUG c.u.backend.common.config.LogFilter - User-Agent=[Mozilla/5.0 (Windows NT 10.0; Win64; x64) AppleWebKit/537.36 (KHTML, like Gecko) Chrome/142.0.0.0 Safari/537.36]
2025-11-30 19:26:30.571 [http-nio-8080-exec-2] DEBUG c.u.backend.common.config.LogFilter - User-Agent=[Mozilla/5.0 (Windows NT 10.0; Win64; x64) AppleWebKit/537.36 (KHTML, like Gecko) Chrome/142.0.0.0 Safari/537.36]
2025-11-30 19:26:30.573 [http-nio-8080-exec-3] INFO  c.u.b.a.s.UsuarioSecurityService - loadUserByUsername()
2025-11-30 19:26:30.573 [http-nio-8080-exec-2] INFO  c.u.b.a.s.UsuarioSecurityService - loadUserByUsername()
2025-11-30 19:26:30.574 [http-nio-8080-exec-3] INFO  c.u.b.a.s.UsuarioSecurityService - Cargando usuario con cédula 1234567890
2025-11-30 19:26:30.574 [http-nio-8080-exec-2] INFO  c.u.b.a.s.UsuarioSecurityService - Cargando usuario con cédula 1234567890
2025-11-30 19:26:30.575 [http-nio-8080-exec-9] INFO  c.u.b.a.s.UsuarioSecurityService - Usuario encontrado
2025-11-30 19:26:30.577 [http-nio-8080-exec-9] DEBUG o.s.security.web.FilterChainProxy - Secured GET /api/areas
2025-11-30 19:26:30.579 [http-nio-8080-exec-9] INFO  c.u.b.usuarios.service.AreaService - obtenerAreas()
2025-11-30 19:26:30.582 [http-nio-8080-exec-9] INFO  c.u.b.usuarios.service.AreaService - Obteniendo todas las areas activas
2025-11-30 19:26:30.587 [http-nio-8080-exec-9] INFO  c.u.b.usuarios.service.AreaService - 200 OK: Areas activas obtenidas correctamente
2025-11-30 19:26:30.587 [http-nio-8080-exec-3] INFO  c.u.b.a.s.UsuarioSecurityService - Usuario encontrado
2025-11-30 19:26:30.589 [http-nio-8080-exec-2] INFO  c.u.b.a.s.UsuarioSecurityService - Usuario encontrado
2025-11-30 19:26:30.591 [http-nio-8080-exec-3] DEBUG o.s.security.web.FilterChainProxy - Secured GET /api/pasantes?page=0&size=10
2025-11-30 19:26:30.591 [http-nio-8080-exec-2] DEBUG o.s.security.web.FilterChainProxy - Secured GET /api/pasantes?page=0&size=5
2025-11-30 19:26:30.627 [http-nio-8080-exec-9] DEBUG c.u.backend.common.config.LogFilter - Response Status=[200]
2025-11-30 19:26:30.631 [http-nio-8080-exec-2] INFO  c.u.b.u.service.PasanteService - obtenerPasantes()
2025-11-30 19:26:30.631 [http-nio-8080-exec-3] INFO  c.u.b.u.service.PasanteService - obtenerPasantes()
2025-11-30 19:26:30.631 [http-nio-8080-exec-2] INFO  c.u.b.u.service.PasanteService - Obteniendo pasantes activos
2025-11-30 19:26:30.631 [http-nio-8080-exec-3] INFO  c.u.b.u.service.PasanteService - Obteniendo pasantes activos
2025-11-30 19:26:30.641 [http-nio-8080-exec-3] INFO  c.u.b.u.service.PasanteService - 200 OK: Pasantes activos obtenidos correctamente
2025-11-30 19:26:30.641 [http-nio-8080-exec-2] INFO  c.u.b.u.service.PasanteService - 200 OK: Pasantes activos obtenidos correctamente
2025-11-30 19:26:30.647 [http-nio-8080-exec-2] DEBUG c.u.backend.common.config.LogFilter - Response Status=[200]
2025-11-30 19:26:30.652 [http-nio-8080-exec-3] DEBUG c.u.backend.common.config.LogFilter - Response Status=[200]
2025-11-30 19:26:32.083 [http-nio-8080-exec-6] DEBUG o.s.security.web.FilterChainProxy - Securing GET /api/areas
2025-11-30 19:26:32.083 [http-nio-8080-exec-4] DEBUG o.s.security.web.FilterChainProxy - Securing OPTIONS /api/coordinadores?page=0&size=10
2025-11-30 19:26:32.083 [http-nio-8080-exec-5] DEBUG o.s.security.web.FilterChainProxy - Securing OPTIONS /api/coordinadores?page=0&size=10
2025-11-30 19:26:32.097 [http-nio-8080-exec-6] DEBUG c.u.backend.common.config.LogFilter - ========== REQUEST DATA ==========
2025-11-30 19:26:32.098 [http-nio-8080-exec-6] DEBUG c.u.backend.common.config.LogFilter - Origin IP=[0:0:0:0:0:0:0:1]
2025-11-30 19:26:32.100 [http-nio-8080-exec-6] DEBUG c.u.backend.common.config.LogFilter - URI=[/api/areas]
2025-11-30 19:26:32.101 [http-nio-8080-exec-6] DEBUG c.u.backend.common.config.LogFilter - Method=[GET]
2025-11-30 19:26:32.102 [http-nio-8080-exec-6] DEBUG c.u.backend.common.config.LogFilter - Host Header=[localhost:8080]
2025-11-30 19:26:32.103 [http-nio-8080-exec-6] DEBUG c.u.backend.common.config.LogFilter - Server IP=[0:0:0:0:0:0:0:1]
2025-11-30 19:26:32.103 [http-nio-8080-exec-6] DEBUG c.u.backend.common.config.LogFilter - Content-Type=[null]
2025-11-30 19:26:32.105 [http-nio-8080-exec-6] DEBUG c.u.backend.common.config.LogFilter - User-Agent=[Mozilla/5.0 (Windows NT 10.0; Win64; x64) AppleWebKit/537.36 (KHTML, like Gecko) Chrome/142.0.0.0 Safari/537.36]
2025-11-30 19:26:32.106 [http-nio-8080-exec-8] DEBUG o.s.security.web.FilterChainProxy - Securing GET /api/coordinadores?page=0&size=10
2025-11-30 19:26:32.107 [http-nio-8080-exec-6] INFO  c.u.b.a.s.UsuarioSecurityService - loadUserByUsername()
2025-11-30 19:26:32.107 [http-nio-8080-exec-8] DEBUG c.u.backend.common.config.LogFilter - ========== REQUEST DATA ==========
2025-11-30 19:26:32.108 [http-nio-8080-exec-6] INFO  c.u.b.a.s.UsuarioSecurityService - Cargando usuario con cédula 1234567890
2025-11-30 19:26:32.108 [http-nio-8080-exec-8] DEBUG c.u.backend.common.config.LogFilter - Origin IP=[0:0:0:0:0:0:0:1]
2025-11-30 19:26:32.109 [http-nio-8080-exec-8] DEBUG c.u.backend.common.config.LogFilter - URI=[/api/coordinadores]
2025-11-30 19:26:32.109 [http-nio-8080-exec-8] DEBUG c.u.backend.common.config.LogFilter - Method=[GET]
2025-11-30 19:26:32.110 [http-nio-8080-exec-8] DEBUG c.u.backend.common.config.LogFilter - Host Header=[localhost:8080]
2025-11-30 19:26:32.111 [http-nio-8080-exec-8] DEBUG c.u.backend.common.config.LogFilter - Server IP=[0:0:0:0:0:0:0:1]
2025-11-30 19:26:32.112 [http-nio-8080-exec-8] DEBUG c.u.backend.common.config.LogFilter - Content-Type=[null]
2025-11-30 19:26:32.113 [http-nio-8080-exec-8] DEBUG c.u.backend.common.config.LogFilter - User-Agent=[Mozilla/5.0 (Windows NT 10.0; Win64; x64) AppleWebKit/537.36 (KHTML, like Gecko) Chrome/142.0.0.0 Safari/537.36]
2025-11-30 19:26:32.116 [http-nio-8080-exec-8] INFO  c.u.b.a.s.UsuarioSecurityService - loadUserByUsername()
2025-11-30 19:26:32.116 [http-nio-8080-exec-8] INFO  c.u.b.a.s.UsuarioSecurityService - Cargando usuario con cédula 1234567890
2025-11-30 19:26:32.116 [http-nio-8080-exec-6] INFO  c.u.b.a.s.UsuarioSecurityService - Usuario encontrado
2025-11-30 19:26:32.116 [http-nio-8080-exec-6] DEBUG o.s.security.web.FilterChainProxy - Secured GET /api/areas
2025-11-30 19:26:32.116 [http-nio-8080-exec-6] INFO  c.u.b.usuarios.service.AreaService - obtenerAreas()
2025-11-30 19:26:32.116 [http-nio-8080-exec-6] INFO  c.u.b.usuarios.service.AreaService - Obteniendo todas las areas activas
2025-11-30 19:26:32.129 [http-nio-8080-exec-6] INFO  c.u.b.usuarios.service.AreaService - 200 OK: Areas activas obtenidas correctamente
2025-11-30 19:26:32.129 [http-nio-8080-exec-8] INFO  c.u.b.a.s.UsuarioSecurityService - Usuario encontrado
2025-11-30 19:26:32.129 [http-nio-8080-exec-8] DEBUG o.s.security.web.FilterChainProxy - Secured GET /api/coordinadores?page=0&size=10
2025-11-30 19:26:32.129 [http-nio-8080-exec-6] DEBUG c.u.backend.common.config.LogFilter - Response Status=[200]
2025-11-30 19:26:32.129 [http-nio-8080-exec-8] INFO  c.u.b.u.service.CoordinadorService - obtenerCoordinadores()
2025-11-30 19:26:32.129 [http-nio-8080-exec-8] INFO  c.u.b.u.service.CoordinadorService - Obteniendo coordinadores activos
2025-11-30 19:26:32.129 [http-nio-8080-exec-8] INFO  c.u.b.u.service.CoordinadorService - 200 OK: Coordinadores activos obtenidos correctamente
2025-11-30 19:26:32.148 [http-nio-8080-exec-8] DEBUG c.u.backend.common.config.LogFilter - Response Status=[200]
2025-11-30 19:26:32.148 [http-nio-8080-exec-7] DEBUG o.s.security.web.FilterChainProxy - Securing GET /api/coordinadores?page=0&size=10
2025-11-30 19:26:32.150 [http-nio-8080-exec-7] DEBUG c.u.backend.common.config.LogFilter - ========== REQUEST DATA ==========
2025-11-30 19:26:32.151 [http-nio-8080-exec-7] DEBUG c.u.backend.common.config.LogFilter - Origin IP=[0:0:0:0:0:0:0:1]
2025-11-30 19:26:32.151 [http-nio-8080-exec-7] DEBUG c.u.backend.common.config.LogFilter - URI=[/api/coordinadores]
2025-11-30 19:26:32.151 [http-nio-8080-exec-7] DEBUG c.u.backend.common.config.LogFilter - Method=[GET]
2025-11-30 19:26:32.152 [http-nio-8080-exec-7] DEBUG c.u.backend.common.config.LogFilter - Host Header=[localhost:8080]
2025-11-30 19:26:32.152 [http-nio-8080-exec-7] DEBUG c.u.backend.common.config.LogFilter - Server IP=[0:0:0:0:0:0:0:1]
2025-11-30 19:26:32.152 [http-nio-8080-exec-7] DEBUG c.u.backend.common.config.LogFilter - Content-Type=[null]
2025-11-30 19:26:32.153 [http-nio-8080-exec-7] DEBUG c.u.backend.common.config.LogFilter - User-Agent=[Mozilla/5.0 (Windows NT 10.0; Win64; x64) AppleWebKit/537.36 (KHTML, like Gecko) Chrome/142.0.0.0 Safari/537.36]
2025-11-30 19:26:32.154 [http-nio-8080-exec-7] INFO  c.u.b.a.s.UsuarioSecurityService - loadUserByUsername()
2025-11-30 19:26:32.154 [http-nio-8080-exec-7] INFO  c.u.b.a.s.UsuarioSecurityService - Cargando usuario con cédula 1234567890
2025-11-30 19:26:32.163 [http-nio-8080-exec-7] INFO  c.u.b.a.s.UsuarioSecurityService - Usuario encontrado
2025-11-30 19:26:32.163 [http-nio-8080-exec-7] DEBUG o.s.security.web.FilterChainProxy - Secured GET /api/coordinadores?page=0&size=10
2025-11-30 19:26:32.163 [http-nio-8080-exec-7] INFO  c.u.b.u.service.CoordinadorService - obtenerCoordinadores()
2025-11-30 19:26:32.163 [http-nio-8080-exec-7] INFO  c.u.b.u.service.CoordinadorService - Obteniendo coordinadores activos
2025-11-30 19:26:32.163 [http-nio-8080-exec-7] INFO  c.u.b.u.service.CoordinadorService - 200 OK: Coordinadores activos obtenidos correctamente
2025-11-30 19:26:32.163 [http-nio-8080-exec-7] DEBUG c.u.backend.common.config.LogFilter - Response Status=[200]
2025-11-30 19:26:33.217 [http-nio-8080-exec-1] DEBUG o.s.security.web.FilterChainProxy - Securing OPTIONS /api/secretarias?page=0&size=5
2025-11-30 19:26:33.222 [http-nio-8080-exec-10] DEBUG o.s.security.web.FilterChainProxy - Securing GET /api/areas
2025-11-30 19:26:33.224 [http-nio-8080-exec-10] DEBUG c.u.backend.common.config.LogFilter - ========== REQUEST DATA ==========
2025-11-30 19:26:33.225 [http-nio-8080-exec-10] DEBUG c.u.backend.common.config.LogFilter - Origin IP=[0:0:0:0:0:0:0:1]
2025-11-30 19:26:33.235 [http-nio-8080-exec-10] DEBUG c.u.backend.common.config.LogFilter - URI=[/api/areas]
2025-11-30 19:26:33.236 [http-nio-8080-exec-10] DEBUG c.u.backend.common.config.LogFilter - Method=[GET]
2025-11-30 19:26:33.236 [http-nio-8080-exec-10] DEBUG c.u.backend.common.config.LogFilter - Host Header=[localhost:8080]
2025-11-30 19:26:33.236 [http-nio-8080-exec-9] DEBUG o.s.security.web.FilterChainProxy - Securing GET /api/secretarias?page=0&size=5
2025-11-30 19:26:33.237 [http-nio-8080-exec-10] DEBUG c.u.backend.common.config.LogFilter - Server IP=[0:0:0:0:0:0:0:1]
2025-11-30 19:26:33.238 [http-nio-8080-exec-10] DEBUG c.u.backend.common.config.LogFilter - Content-Type=[null]
2025-11-30 19:26:33.238 [http-nio-8080-exec-9] DEBUG c.u.backend.common.config.LogFilter - ========== REQUEST DATA ==========
2025-11-30 19:26:33.239 [http-nio-8080-exec-10] DEBUG c.u.backend.common.config.LogFilter - User-Agent=[Mozilla/5.0 (Windows NT 10.0; Win64; x64) AppleWebKit/537.36 (KHTML, like Gecko) Chrome/142.0.0.0 Safari/537.36]
2025-11-30 19:26:33.239 [http-nio-8080-exec-9] DEBUG c.u.backend.common.config.LogFilter - Origin IP=[0:0:0:0:0:0:0:1]
2025-11-30 19:26:33.241 [http-nio-8080-exec-9] DEBUG c.u.backend.common.config.LogFilter - URI=[/api/secretarias]
2025-11-30 19:26:33.241 [http-nio-8080-exec-10] INFO  c.u.b.a.s.UsuarioSecurityService - loadUserByUsername()
2025-11-30 19:26:33.243 [http-nio-8080-exec-9] DEBUG c.u.backend.common.config.LogFilter - Method=[GET]
2025-11-30 19:26:33.243 [http-nio-8080-exec-10] INFO  c.u.b.a.s.UsuarioSecurityService - Cargando usuario con cédula 1234567890
2025-11-30 19:26:33.243 [http-nio-8080-exec-9] DEBUG c.u.backend.common.config.LogFilter - Host Header=[localhost:8080]
2025-11-30 19:26:33.243 [http-nio-8080-exec-9] DEBUG c.u.backend.common.config.LogFilter - Server IP=[0:0:0:0:0:0:0:1]
2025-11-30 19:26:33.243 [http-nio-8080-exec-9] DEBUG c.u.backend.common.config.LogFilter - Content-Type=[null]
2025-11-30 19:26:33.243 [http-nio-8080-exec-9] DEBUG c.u.backend.common.config.LogFilter - User-Agent=[Mozilla/5.0 (Windows NT 10.0; Win64; x64) AppleWebKit/537.36 (KHTML, like Gecko) Chrome/142.0.0.0 Safari/537.36]
2025-11-30 19:26:33.247 [http-nio-8080-exec-9] INFO  c.u.b.a.s.UsuarioSecurityService - loadUserByUsername()
2025-11-30 19:26:33.248 [http-nio-8080-exec-9] INFO  c.u.b.a.s.UsuarioSecurityService - Cargando usuario con cédula 1234567890
2025-11-30 19:26:33.255 [http-nio-8080-exec-10] INFO  c.u.b.a.s.UsuarioSecurityService - Usuario encontrado
2025-11-30 19:26:33.257 [http-nio-8080-exec-10] DEBUG o.s.security.web.FilterChainProxy - Secured GET /api/areas
2025-11-30 19:26:33.258 [http-nio-8080-exec-9] INFO  c.u.b.a.s.UsuarioSecurityService - Usuario encontrado
2025-11-30 19:26:33.259 [http-nio-8080-exec-10] INFO  c.u.b.usuarios.service.AreaService - obtenerAreas()
2025-11-30 19:26:33.259 [http-nio-8080-exec-10] INFO  c.u.b.usuarios.service.AreaService - Obteniendo todas las areas activas
2025-11-30 19:26:33.260 [http-nio-8080-exec-9] DEBUG o.s.security.web.FilterChainProxy - Secured GET /api/secretarias?page=0&size=5
2025-11-30 19:26:33.264 [http-nio-8080-exec-9] INFO  c.u.b.u.service.SecretariaService - obtenerSecretarias()
2025-11-30 19:26:33.266 [http-nio-8080-exec-10] INFO  c.u.b.usuarios.service.AreaService - 200 OK: Areas activas obtenidas correctamente
2025-11-30 19:26:33.266 [http-nio-8080-exec-9] INFO  c.u.b.u.service.SecretariaService - Obteniendo secretarias activas
2025-11-30 19:26:33.268 [http-nio-8080-exec-10] DEBUG c.u.backend.common.config.LogFilter - Response Status=[200]
2025-11-30 19:26:33.277 [http-nio-8080-exec-9] INFO  c.u.b.u.service.SecretariaService - 200 OK: Secretarias activas obtenidas correctamente
2025-11-30 19:26:33.283 [http-nio-8080-exec-9] DEBUG c.u.backend.common.config.LogFilter - Response Status=[200]
2025-11-30 19:26:34.542 [http-nio-8080-exec-2] DEBUG o.s.security.web.FilterChainProxy - Securing GET /api/coordinadores?page=0&size=10
2025-11-30 19:26:34.545 [http-nio-8080-exec-3] DEBUG o.s.security.web.FilterChainProxy - Securing GET /api/areas
2025-11-30 19:26:34.546 [http-nio-8080-exec-2] DEBUG c.u.backend.common.config.LogFilter - ========== REQUEST DATA ==========
2025-11-30 19:26:34.549 [http-nio-8080-exec-2] DEBUG c.u.backend.common.config.LogFilter - Origin IP=[0:0:0:0:0:0:0:1]
2025-11-30 19:26:34.549 [http-nio-8080-exec-3] DEBUG c.u.backend.common.config.LogFilter - ========== REQUEST DATA ==========
2025-11-30 19:26:34.549 [http-nio-8080-exec-2] DEBUG c.u.backend.common.config.LogFilter - URI=[/api/coordinadores]
2025-11-30 19:26:34.551 [http-nio-8080-exec-3] DEBUG c.u.backend.common.config.LogFilter - Origin IP=[0:0:0:0:0:0:0:1]
2025-11-30 19:26:34.551 [http-nio-8080-exec-2] DEBUG c.u.backend.common.config.LogFilter - Method=[GET]
2025-11-30 19:26:34.553 [http-nio-8080-exec-3] DEBUG c.u.backend.common.config.LogFilter - URI=[/api/areas]
2025-11-30 19:26:34.553 [http-nio-8080-exec-2] DEBUG c.u.backend.common.config.LogFilter - Host Header=[localhost:8080]
2025-11-30 19:26:34.553 [http-nio-8080-exec-3] DEBUG c.u.backend.common.config.LogFilter - Method=[GET]
2025-11-30 19:26:34.553 [http-nio-8080-exec-2] DEBUG c.u.backend.common.config.LogFilter - Server IP=[0:0:0:0:0:0:0:1]
2025-11-30 19:26:34.553 [http-nio-8080-exec-3] DEBUG c.u.backend.common.config.LogFilter - Host Header=[localhost:8080]
2025-11-30 19:26:34.553 [http-nio-8080-exec-2] DEBUG c.u.backend.common.config.LogFilter - Content-Type=[null]
2025-11-30 19:26:34.553 [http-nio-8080-exec-3] DEBUG c.u.backend.common.config.LogFilter - Server IP=[0:0:0:0:0:0:0:1]
2025-11-30 19:26:34.553 [http-nio-8080-exec-2] DEBUG c.u.backend.common.config.LogFilter - User-Agent=[Mozilla/5.0 (Windows NT 10.0; Win64; x64) AppleWebKit/537.36 (KHTML, like Gecko) Chrome/142.0.0.0 Safari/537.36]
2025-11-30 19:26:34.553 [http-nio-8080-exec-3] DEBUG c.u.backend.common.config.LogFilter - Content-Type=[null]
2025-11-30 19:26:34.553 [http-nio-8080-exec-3] DEBUG c.u.backend.common.config.LogFilter - User-Agent=[Mozilla/5.0 (Windows NT 10.0; Win64; x64) AppleWebKit/537.36 (KHTML, like Gecko) Chrome/142.0.0.0 Safari/537.36]
2025-11-30 19:26:34.557 [http-nio-8080-exec-2] INFO  c.u.b.a.s.UsuarioSecurityService - loadUserByUsername()
2025-11-30 19:26:34.557 [http-nio-8080-exec-2] INFO  c.u.b.a.s.UsuarioSecurityService - Cargando usuario con cédula 1234567890
2025-11-30 19:26:34.557 [http-nio-8080-exec-3] INFO  c.u.b.a.s.UsuarioSecurityService - loadUserByUsername()
2025-11-30 19:26:34.557 [http-nio-8080-exec-3] INFO  c.u.b.a.s.UsuarioSecurityService - Cargando usuario con cédula 1234567890
2025-11-30 19:26:34.564 [http-nio-8080-exec-3] INFO  c.u.b.a.s.UsuarioSecurityService - Usuario encontrado
2025-11-30 19:26:34.564 [http-nio-8080-exec-2] INFO  c.u.b.a.s.UsuarioSecurityService - Usuario encontrado
2025-11-30 19:26:34.564 [http-nio-8080-exec-2] DEBUG o.s.security.web.FilterChainProxy - Secured GET /api/coordinadores?page=0&size=10
2025-11-30 19:26:34.564 [http-nio-8080-exec-3] DEBUG o.s.security.web.FilterChainProxy - Secured GET /api/areas
2025-11-30 19:26:34.564 [http-nio-8080-exec-3] INFO  c.u.b.usuarios.service.AreaService - obtenerAreas()
2025-11-30 19:26:34.564 [http-nio-8080-exec-2] INFO  c.u.b.u.service.CoordinadorService - obtenerCoordinadores()
2025-11-30 19:26:34.564 [http-nio-8080-exec-3] INFO  c.u.b.usuarios.service.AreaService - Obteniendo todas las areas activas
2025-11-30 19:26:34.564 [http-nio-8080-exec-2] INFO  c.u.b.u.service.CoordinadorService - Obteniendo coordinadores activos
2025-11-30 19:26:34.577 [http-nio-8080-exec-2] INFO  c.u.b.u.service.CoordinadorService - 200 OK: Coordinadores activos obtenidos correctamente
2025-11-30 19:26:34.577 [http-nio-8080-exec-3] INFO  c.u.b.usuarios.service.AreaService - 200 OK: Areas activas obtenidas correctamente
2025-11-30 19:26:34.582 [http-nio-8080-exec-3] DEBUG c.u.backend.common.config.LogFilter - Response Status=[200]
2025-11-30 19:26:34.583 [http-nio-8080-exec-2] DEBUG c.u.backend.common.config.LogFilter - Response Status=[200]
2025-11-30 19:26:34.586 [http-nio-8080-exec-3] DEBUG o.s.security.web.FilterChainProxy - Securing GET /api/coordinadores?page=0&size=10
2025-11-30 19:26:34.588 [http-nio-8080-exec-3] DEBUG c.u.backend.common.config.LogFilter - ========== REQUEST DATA ==========
2025-11-30 19:26:34.589 [http-nio-8080-exec-3] DEBUG c.u.backend.common.config.LogFilter - Origin IP=[0:0:0:0:0:0:0:1]
2025-11-30 19:26:34.589 [http-nio-8080-exec-3] DEBUG c.u.backend.common.config.LogFilter - URI=[/api/coordinadores]
2025-11-30 19:26:34.590 [http-nio-8080-exec-3] DEBUG c.u.backend.common.config.LogFilter - Method=[GET]
2025-11-30 19:26:34.590 [http-nio-8080-exec-3] DEBUG c.u.backend.common.config.LogFilter - Host Header=[localhost:8080]
2025-11-30 19:26:34.590 [http-nio-8080-exec-3] DEBUG c.u.backend.common.config.LogFilter - Server IP=[0:0:0:0:0:0:0:1]
2025-11-30 19:26:34.590 [http-nio-8080-exec-3] DEBUG c.u.backend.common.config.LogFilter - Content-Type=[null]
2025-11-30 19:26:34.591 [http-nio-8080-exec-3] DEBUG c.u.backend.common.config.LogFilter - User-Agent=[Mozilla/5.0 (Windows NT 10.0; Win64; x64) AppleWebKit/537.36 (KHTML, like Gecko) Chrome/142.0.0.0 Safari/537.36]
2025-11-30 19:26:34.592 [http-nio-8080-exec-3] INFO  c.u.b.a.s.UsuarioSecurityService - loadUserByUsername()
2025-11-30 19:26:34.592 [http-nio-8080-exec-3] INFO  c.u.b.a.s.UsuarioSecurityService - Cargando usuario con cédula 1234567890
2025-11-30 19:26:34.603 [http-nio-8080-exec-3] INFO  c.u.b.a.s.UsuarioSecurityService - Usuario encontrado
2025-11-30 19:26:34.603 [http-nio-8080-exec-3] DEBUG o.s.security.web.FilterChainProxy - Secured GET /api/coordinadores?page=0&size=10
2025-11-30 19:26:34.603 [http-nio-8080-exec-3] INFO  c.u.b.u.service.CoordinadorService - obtenerCoordinadores()
2025-11-30 19:26:34.603 [http-nio-8080-exec-3] INFO  c.u.b.u.service.CoordinadorService - Obteniendo coordinadores activos
2025-11-30 19:26:34.603 [http-nio-8080-exec-3] INFO  c.u.b.u.service.CoordinadorService - 200 OK: Coordinadores activos obtenidos correctamente
2025-11-30 19:26:34.613 [http-nio-8080-exec-3] DEBUG c.u.backend.common.config.LogFilter - Response Status=[200]
2025-11-30 19:26:35.193 [http-nio-8080-exec-5] DEBUG o.s.security.web.FilterChainProxy - Securing GET /api/pasantes?page=0&size=5
2025-11-30 19:26:35.196 [http-nio-8080-exec-8] DEBUG o.s.security.web.FilterChainProxy - Securing GET /api/pasantes?page=0&size=10
2025-11-30 19:26:35.198 [http-nio-8080-exec-6] DEBUG o.s.security.web.FilterChainProxy - Securing GET /api/areas
2025-11-30 19:26:35.204 [http-nio-8080-exec-8] DEBUG c.u.backend.common.config.LogFilter - ========== REQUEST DATA ==========
2025-11-30 19:26:35.204 [http-nio-8080-exec-5] DEBUG c.u.backend.common.config.LogFilter - ========== REQUEST DATA ==========
2025-11-30 19:26:35.209 [http-nio-8080-exec-8] DEBUG c.u.backend.common.config.LogFilter - Origin IP=[0:0:0:0:0:0:0:1]
2025-11-30 19:26:35.209 [http-nio-8080-exec-6] DEBUG c.u.backend.common.config.LogFilter - ========== REQUEST DATA ==========
2025-11-30 19:26:35.209 [http-nio-8080-exec-5] DEBUG c.u.backend.common.config.LogFilter - Origin IP=[0:0:0:0:0:0:0:1]
2025-11-30 19:26:35.209 [http-nio-8080-exec-8] DEBUG c.u.backend.common.config.LogFilter - URI=[/api/pasantes]
2025-11-30 19:26:35.211 [http-nio-8080-exec-6] DEBUG c.u.backend.common.config.LogFilter - Origin IP=[0:0:0:0:0:0:0:1]
2025-11-30 19:26:35.211 [http-nio-8080-exec-5] DEBUG c.u.backend.common.config.LogFilter - URI=[/api/pasantes]
2025-11-30 19:26:35.211 [http-nio-8080-exec-8] DEBUG c.u.backend.common.config.LogFilter - Method=[GET]
2025-11-30 19:26:35.211 [http-nio-8080-exec-6] DEBUG c.u.backend.common.config.LogFilter - URI=[/api/areas]
2025-11-30 19:26:35.212 [http-nio-8080-exec-5] DEBUG c.u.backend.common.config.LogFilter - Method=[GET]
2025-11-30 19:26:35.212 [http-nio-8080-exec-8] DEBUG c.u.backend.common.config.LogFilter - Host Header=[localhost:8080]
2025-11-30 19:26:35.212 [http-nio-8080-exec-6] DEBUG c.u.backend.common.config.LogFilter - Method=[GET]
2025-11-30 19:26:35.214 [http-nio-8080-exec-5] DEBUG c.u.backend.common.config.LogFilter - Host Header=[localhost:8080]
2025-11-30 19:26:35.214 [http-nio-8080-exec-8] DEBUG c.u.backend.common.config.LogFilter - Server IP=[0:0:0:0:0:0:0:1]
2025-11-30 19:26:35.214 [http-nio-8080-exec-6] DEBUG c.u.backend.common.config.LogFilter - Host Header=[localhost:8080]
2025-11-30 19:26:35.214 [http-nio-8080-exec-5] DEBUG c.u.backend.common.config.LogFilter - Server IP=[0:0:0:0:0:0:0:1]
2025-11-30 19:26:35.214 [http-nio-8080-exec-8] DEBUG c.u.backend.common.config.LogFilter - Content-Type=[null]
2025-11-30 19:26:35.214 [http-nio-8080-exec-6] DEBUG c.u.backend.common.config.LogFilter - Server IP=[0:0:0:0:0:0:0:1]
2025-11-30 19:26:35.214 [http-nio-8080-exec-5] DEBUG c.u.backend.common.config.LogFilter - Content-Type=[null]
2025-11-30 19:26:35.214 [http-nio-8080-exec-8] DEBUG c.u.backend.common.config.LogFilter - User-Agent=[Mozilla/5.0 (Windows NT 10.0; Win64; x64) AppleWebKit/537.36 (KHTML, like Gecko) Chrome/142.0.0.0 Safari/537.36]
2025-11-30 19:26:35.214 [http-nio-8080-exec-6] DEBUG c.u.backend.common.config.LogFilter - Content-Type=[null]
2025-11-30 19:26:35.214 [http-nio-8080-exec-5] DEBUG c.u.backend.common.config.LogFilter - User-Agent=[Mozilla/5.0 (Windows NT 10.0; Win64; x64) AppleWebKit/537.36 (KHTML, like Gecko) Chrome/142.0.0.0 Safari/537.36]
2025-11-30 19:26:35.214 [http-nio-8080-exec-6] DEBUG c.u.backend.common.config.LogFilter - User-Agent=[Mozilla/5.0 (Windows NT 10.0; Win64; x64) AppleWebKit/537.36 (KHTML, like Gecko) Chrome/142.0.0.0 Safari/537.36]
2025-11-30 19:26:35.214 [http-nio-8080-exec-8] INFO  c.u.b.a.s.UsuarioSecurityService - loadUserByUsername()
2025-11-30 19:26:35.214 [http-nio-8080-exec-5] INFO  c.u.b.a.s.UsuarioSecurityService - loadUserByUsername()
2025-11-30 19:26:35.214 [http-nio-8080-exec-8] INFO  c.u.b.a.s.UsuarioSecurityService - Cargando usuario con cédula 1234567890
2025-11-30 19:26:35.214 [http-nio-8080-exec-5] INFO  c.u.b.a.s.UsuarioSecurityService - Cargando usuario con cédula 1234567890
2025-11-30 19:26:35.214 [http-nio-8080-exec-6] INFO  c.u.b.a.s.UsuarioSecurityService - loadUserByUsername()
2025-11-30 19:26:35.220 [http-nio-8080-exec-6] INFO  c.u.b.a.s.UsuarioSecurityService - Cargando usuario con cédula 1234567890
2025-11-30 19:26:35.230 [http-nio-8080-exec-8] INFO  c.u.b.a.s.UsuarioSecurityService - Usuario encontrado
2025-11-30 19:26:35.230 [http-nio-8080-exec-5] INFO  c.u.b.a.s.UsuarioSecurityService - Usuario encontrado
2025-11-30 19:26:35.233 [http-nio-8080-exec-8] DEBUG o.s.security.web.FilterChainProxy - Secured GET /api/pasantes?page=0&size=10
2025-11-30 19:26:35.234 [http-nio-8080-exec-5] DEBUG o.s.security.web.FilterChainProxy - Secured GET /api/pasantes?page=0&size=5
2025-11-30 19:26:35.234 [http-nio-8080-exec-6] INFO  c.u.b.a.s.UsuarioSecurityService - Usuario encontrado
2025-11-30 19:26:35.236 [http-nio-8080-exec-8] INFO  c.u.b.u.service.PasanteService - obtenerPasantes()
2025-11-30 19:26:35.236 [http-nio-8080-exec-5] INFO  c.u.b.u.service.PasanteService - obtenerPasantes()
2025-11-30 19:26:35.236 [http-nio-8080-exec-6] DEBUG o.s.security.web.FilterChainProxy - Secured GET /api/areas
2025-11-30 19:26:35.236 [http-nio-8080-exec-8] INFO  c.u.b.u.service.PasanteService - Obteniendo pasantes activos
2025-11-30 19:26:35.237 [http-nio-8080-exec-5] INFO  c.u.b.u.service.PasanteService - Obteniendo pasantes activos
2025-11-30 19:26:35.238 [http-nio-8080-exec-6] INFO  c.u.b.usuarios.service.AreaService - obtenerAreas()
2025-11-30 19:26:35.238 [http-nio-8080-exec-6] INFO  c.u.b.usuarios.service.AreaService - Obteniendo todas las areas activas
2025-11-30 19:26:35.239 [http-nio-8080-exec-8] INFO  c.u.b.u.service.PasanteService - 200 OK: Pasantes activos obtenidos correctamente
2025-11-30 19:26:35.239 [http-nio-8080-exec-5] INFO  c.u.b.u.service.PasanteService - 200 OK: Pasantes activos obtenidos correctamente
2025-11-30 19:26:35.242 [http-nio-8080-exec-8] DEBUG c.u.backend.common.config.LogFilter - Response Status=[200]
2025-11-30 19:26:35.241 [http-nio-8080-exec-5] DEBUG c.u.backend.common.config.LogFilter - Response Status=[200]
2025-11-30 19:26:35.242 [http-nio-8080-exec-6] INFO  c.u.b.usuarios.service.AreaService - 200 OK: Areas activas obtenidas correctamente
2025-11-30 19:26:35.247 [http-nio-8080-exec-6] DEBUG c.u.backend.common.config.LogFilter - Response Status=[200]
2025-11-30 19:26:35.853 [http-nio-8080-exec-7] DEBUG o.s.security.web.FilterChainProxy - Securing GET /api/profesionales?page=0&size=10
2025-11-30 19:26:35.855 [http-nio-8080-exec-7] DEBUG c.u.backend.common.config.LogFilter - ========== REQUEST DATA ==========
2025-11-30 19:26:35.856 [http-nio-8080-exec-7] DEBUG c.u.backend.common.config.LogFilter - Origin IP=[0:0:0:0:0:0:0:1]
2025-11-30 19:26:35.858 [http-nio-8080-exec-7] DEBUG c.u.backend.common.config.LogFilter - URI=[/api/profesionales]
2025-11-30 19:26:35.859 [http-nio-8080-exec-7] DEBUG c.u.backend.common.config.LogFilter - Method=[GET]
2025-11-30 19:26:35.860 [http-nio-8080-exec-7] DEBUG c.u.backend.common.config.LogFilter - Host Header=[localhost:8080]
2025-11-30 19:26:35.860 [http-nio-8080-exec-1] DEBUG o.s.security.web.FilterChainProxy - Securing GET /api/areas
2025-11-30 19:26:35.861 [http-nio-8080-exec-7] DEBUG c.u.backend.common.config.LogFilter - Server IP=[0:0:0:0:0:0:0:1]
2025-11-30 19:26:35.863 [http-nio-8080-exec-7] DEBUG c.u.backend.common.config.LogFilter - Content-Type=[null]
2025-11-30 19:26:35.865 [http-nio-8080-exec-7] DEBUG c.u.backend.common.config.LogFilter - User-Agent=[Mozilla/5.0 (Windows NT 10.0; Win64; x64) AppleWebKit/537.36 (KHTML, like Gecko) Chrome/142.0.0.0 Safari/537.36]
2025-11-30 19:26:35.863 [http-nio-8080-exec-1] DEBUG c.u.backend.common.config.LogFilter - ========== REQUEST DATA ==========
2025-11-30 19:26:35.867 [http-nio-8080-exec-1] DEBUG c.u.backend.common.config.LogFilter - Origin IP=[0:0:0:0:0:0:0:1]
2025-11-30 19:26:35.868 [http-nio-8080-exec-1] DEBUG c.u.backend.common.config.LogFilter - URI=[/api/areas]
2025-11-30 19:26:35.868 [http-nio-8080-exec-7] INFO  c.u.b.a.s.UsuarioSecurityService - loadUserByUsername()
2025-11-30 19:26:35.869 [http-nio-8080-exec-1] DEBUG c.u.backend.common.config.LogFilter - Method=[GET]
2025-11-30 19:26:35.869 [http-nio-8080-exec-7] INFO  c.u.b.a.s.UsuarioSecurityService - Cargando usuario con cédula 1234567890
2025-11-30 19:26:35.870 [http-nio-8080-exec-1] DEBUG c.u.backend.common.config.LogFilter - Host Header=[localhost:8080]
2025-11-30 19:26:35.871 [http-nio-8080-exec-1] DEBUG c.u.backend.common.config.LogFilter - Server IP=[0:0:0:0:0:0:0:1]
2025-11-30 19:26:35.871 [http-nio-8080-exec-1] DEBUG c.u.backend.common.config.LogFilter - Content-Type=[null]
2025-11-30 19:26:35.872 [http-nio-8080-exec-1] DEBUG c.u.backend.common.config.LogFilter - User-Agent=[Mozilla/5.0 (Windows NT 10.0; Win64; x64) AppleWebKit/537.36 (KHTML, like Gecko) Chrome/142.0.0.0 Safari/537.36]
2025-11-30 19:26:35.874 [http-nio-8080-exec-1] INFO  c.u.b.a.s.UsuarioSecurityService - loadUserByUsername()
2025-11-30 19:26:35.876 [http-nio-8080-exec-1] INFO  c.u.b.a.s.UsuarioSecurityService - Cargando usuario con cédula 1234567890
2025-11-30 19:26:35.882 [http-nio-8080-exec-7] INFO  c.u.b.a.s.UsuarioSecurityService - Usuario encontrado
2025-11-30 19:26:35.884 [http-nio-8080-exec-7] DEBUG o.s.security.web.FilterChainProxy - Secured GET /api/profesionales?page=0&size=10
2025-11-30 19:26:35.886 [http-nio-8080-exec-7] INFO  c.u.b.u.service.ProfesionalService - obtenerProfesionales()
2025-11-30 19:26:35.886 [http-nio-8080-exec-7] INFO  c.u.b.u.service.ProfesionalService - Obteniendo profesionales activos
2025-11-30 19:26:35.887 [http-nio-8080-exec-1] INFO  c.u.b.a.s.UsuarioSecurityService - Usuario encontrado
2025-11-30 19:26:35.889 [http-nio-8080-exec-1] DEBUG o.s.security.web.FilterChainProxy - Secured GET /api/areas
2025-11-30 19:26:35.890 [http-nio-8080-exec-7] INFO  c.u.b.u.service.ProfesionalService - 200 OK: Profesionales activos obtenidos correctamente
2025-11-30 19:26:35.890 [http-nio-8080-exec-1] INFO  c.u.b.usuarios.service.AreaService - obtenerAreas()
2025-11-30 19:26:35.890 [http-nio-8080-exec-1] INFO  c.u.b.usuarios.service.AreaService - Obteniendo todas las areas activas
2025-11-30 19:26:35.890 [http-nio-8080-exec-7] DEBUG c.u.backend.common.config.LogFilter - Response Status=[200]
2025-11-30 19:26:35.896 [http-nio-8080-exec-1] INFO  c.u.b.usuarios.service.AreaService - 200 OK: Areas activas obtenidas correctamente
2025-11-30 19:26:35.898 [http-nio-8080-exec-1] DEBUG c.u.backend.common.config.LogFilter - Response Status=[200]
2025-11-30 19:26:43.330 [http-nio-8080-exec-10] DEBUG o.s.security.web.FilterChainProxy - Securing OPTIONS /api/pacientes?page=0&size=5
2025-11-30 19:26:43.330 [http-nio-8080-exec-9] DEBUG o.s.security.web.FilterChainProxy - Securing OPTIONS /api/areas
2025-11-30 19:26:43.345 [http-nio-8080-exec-4] DEBUG o.s.security.web.FilterChainProxy - Securing GET /api/pacientes?page=0&size=5
2025-11-30 19:26:43.345 [http-nio-8080-exec-2] DEBUG o.s.security.web.FilterChainProxy - Securing GET /api/areas
2025-11-30 19:26:43.348 [http-nio-8080-exec-4] DEBUG c.u.backend.common.config.LogFilter - ========== REQUEST DATA ==========
2025-11-30 19:26:43.348 [http-nio-8080-exec-2] DEBUG c.u.backend.common.config.LogFilter - ========== REQUEST DATA ==========
2025-11-30 19:26:43.348 [http-nio-8080-exec-4] DEBUG c.u.backend.common.config.LogFilter - Origin IP=[0:0:0:0:0:0:0:1]
2025-11-30 19:26:43.349 [http-nio-8080-exec-2] DEBUG c.u.backend.common.config.LogFilter - Origin IP=[0:0:0:0:0:0:0:1]
2025-11-30 19:26:43.349 [http-nio-8080-exec-4] DEBUG c.u.backend.common.config.LogFilter - URI=[/api/pacientes]
2025-11-30 19:26:43.350 [http-nio-8080-exec-2] DEBUG c.u.backend.common.config.LogFilter - URI=[/api/areas]
2025-11-30 19:26:43.350 [http-nio-8080-exec-4] DEBUG c.u.backend.common.config.LogFilter - Method=[GET]
2025-11-30 19:26:43.352 [http-nio-8080-exec-2] DEBUG c.u.backend.common.config.LogFilter - Method=[GET]
2025-11-30 19:26:43.352 [http-nio-8080-exec-4] DEBUG c.u.backend.common.config.LogFilter - Host Header=[localhost:8080]
2025-11-30 19:26:43.352 [http-nio-8080-exec-2] DEBUG c.u.backend.common.config.LogFilter - Host Header=[localhost:8080]
2025-11-30 19:26:43.353 [http-nio-8080-exec-4] DEBUG c.u.backend.common.config.LogFilter - Server IP=[0:0:0:0:0:0:0:1]
2025-11-30 19:26:43.353 [http-nio-8080-exec-2] DEBUG c.u.backend.common.config.LogFilter - Server IP=[0:0:0:0:0:0:0:1]
2025-11-30 19:26:43.353 [http-nio-8080-exec-4] DEBUG c.u.backend.common.config.LogFilter - Content-Type=[null]
2025-11-30 19:26:43.353 [http-nio-8080-exec-2] DEBUG c.u.backend.common.config.LogFilter - Content-Type=[null]
2025-11-30 19:26:43.354 [http-nio-8080-exec-4] DEBUG c.u.backend.common.config.LogFilter - User-Agent=[Mozilla/5.0 (Windows NT 10.0; Win64; x64) AppleWebKit/537.36 (KHTML, like Gecko) Code/1.106.2 Chrome/138.0.7204.251 Electron/37.7.0 Safari/537.36]
2025-11-30 19:26:43.354 [http-nio-8080-exec-2] DEBUG c.u.backend.common.config.LogFilter - User-Agent=[Mozilla/5.0 (Windows NT 10.0; Win64; x64) AppleWebKit/537.36 (KHTML, like Gecko) Code/1.106.2 Chrome/138.0.7204.251 Electron/37.7.0 Safari/537.36]
2025-11-30 19:26:43.355 [http-nio-8080-exec-4] INFO  c.u.b.a.s.UsuarioSecurityService - loadUserByUsername()
2025-11-30 19:26:43.355 [http-nio-8080-exec-2] INFO  c.u.b.a.s.UsuarioSecurityService - loadUserByUsername()
2025-11-30 19:26:43.356 [http-nio-8080-exec-4] INFO  c.u.b.a.s.UsuarioSecurityService - Cargando usuario con cédula 1234567890
2025-11-30 19:26:43.356 [http-nio-8080-exec-2] INFO  c.u.b.a.s.UsuarioSecurityService - Cargando usuario con cédula 1234567890
2025-11-30 19:26:43.365 [http-nio-8080-exec-4] INFO  c.u.b.a.s.UsuarioSecurityService - Usuario encontrado
2025-11-30 19:26:43.365 [http-nio-8080-exec-2] INFO  c.u.b.a.s.UsuarioSecurityService - Usuario encontrado
2025-11-30 19:26:43.366 [http-nio-8080-exec-4] DEBUG o.s.security.web.FilterChainProxy - Secured GET /api/pacientes?page=0&size=5
2025-11-30 19:26:43.366 [http-nio-8080-exec-2] DEBUG o.s.security.web.FilterChainProxy - Secured GET /api/areas
2025-11-30 19:26:43.367 [http-nio-8080-exec-2] INFO  c.u.b.usuarios.service.AreaService - obtenerAreas()
2025-11-30 19:26:43.368 [http-nio-8080-exec-4] INFO  c.u.b.citas.service.PacienteService - obtenerPacientes()
2025-11-30 19:26:43.368 [http-nio-8080-exec-2] INFO  c.u.b.usuarios.service.AreaService - Obteniendo todas las areas activas
2025-11-30 19:26:43.368 [http-nio-8080-exec-4] INFO  c.u.b.citas.service.PacienteService - Obteniendo todos los pacientes
2025-11-30 19:26:43.372 [http-nio-8080-exec-3] DEBUG o.s.security.web.FilterChainProxy - Securing OPTIONS /api/pacientes?page=0&size=10
2025-11-30 19:26:43.372 [http-nio-8080-exec-2] INFO  c.u.b.usuarios.service.AreaService - 200 OK: Areas activas obtenidas correctamente
2025-11-30 19:26:43.374 [http-nio-8080-exec-4] INFO  c.u.b.citas.service.PacienteService - 200 OK: Pacientes obtenidos correctamente
2025-11-30 19:26:43.375 [http-nio-8080-exec-2] DEBUG c.u.backend.common.config.LogFilter - Response Status=[200]
2025-11-30 19:26:43.378 [http-nio-8080-exec-4] DEBUG c.u.backend.common.config.LogFilter - Response Status=[200]
2025-11-30 19:26:43.382 [http-nio-8080-exec-8] DEBUG o.s.security.web.FilterChainProxy - Securing GET /api/pacientes?page=0&size=10
2025-11-30 19:26:43.384 [http-nio-8080-exec-8] DEBUG c.u.backend.common.config.LogFilter - ========== REQUEST DATA ==========
2025-11-30 19:26:43.384 [http-nio-8080-exec-8] DEBUG c.u.backend.common.config.LogFilter - Origin IP=[0:0:0:0:0:0:0:1]
2025-11-30 19:26:43.385 [http-nio-8080-exec-8] DEBUG c.u.backend.common.config.LogFilter - URI=[/api/pacientes]
2025-11-30 19:26:43.385 [http-nio-8080-exec-8] DEBUG c.u.backend.common.config.LogFilter - Method=[GET]
2025-11-30 19:26:43.385 [http-nio-8080-exec-8] DEBUG c.u.backend.common.config.LogFilter - Host Header=[localhost:8080]
2025-11-30 19:26:43.385 [http-nio-8080-exec-8] DEBUG c.u.backend.common.config.LogFilter - Server IP=[0:0:0:0:0:0:0:1]
2025-11-30 19:26:43.385 [http-nio-8080-exec-8] DEBUG c.u.backend.common.config.LogFilter - Content-Type=[null]
2025-11-30 19:26:43.385 [http-nio-8080-exec-8] DEBUG c.u.backend.common.config.LogFilter - User-Agent=[Mozilla/5.0 (Windows NT 10.0; Win64; x64) AppleWebKit/537.36 (KHTML, like Gecko) Code/1.106.2 Chrome/138.0.7204.251 Electron/37.7.0 Safari/537.36]
2025-11-30 19:26:43.387 [http-nio-8080-exec-8] INFO  c.u.b.a.s.UsuarioSecurityService - loadUserByUsername()
2025-11-30 19:26:43.388 [http-nio-8080-exec-8] INFO  c.u.b.a.s.UsuarioSecurityService - Cargando usuario con cédula 1234567890
2025-11-30 19:26:43.397 [http-nio-8080-exec-8] INFO  c.u.b.a.s.UsuarioSecurityService - Usuario encontrado
2025-11-30 19:26:43.398 [http-nio-8080-exec-8] DEBUG o.s.security.web.FilterChainProxy - Secured GET /api/pacientes?page=0&size=10
2025-11-30 19:26:43.400 [http-nio-8080-exec-8] INFO  c.u.b.citas.service.PacienteService - obtenerPacientes()
2025-11-30 19:26:43.400 [http-nio-8080-exec-8] INFO  c.u.b.citas.service.PacienteService - Obteniendo todos los pacientes
2025-11-30 19:26:43.406 [http-nio-8080-exec-8] INFO  c.u.b.citas.service.PacienteService - 200 OK: Pacientes obtenidos correctamente
2025-11-30 19:26:43.408 [http-nio-8080-exec-8] DEBUG c.u.backend.common.config.LogFilter - Response Status=[200]
2025-11-30 19:26:47.054 [http-nio-8080-exec-5] DEBUG o.s.security.web.FilterChainProxy - Securing OPTIONS /api/citas?page=0&size=10
2025-11-30 19:26:47.058 [http-nio-8080-exec-6] DEBUG o.s.security.web.FilterChainProxy - Securing OPTIONS /api/citas?page=0&size=10
2025-11-30 19:26:47.072 [http-nio-8080-exec-7] DEBUG o.s.security.web.FilterChainProxy - Securing GET /api/citas?page=0&size=10
2025-11-30 19:26:47.073 [http-nio-8080-exec-7] DEBUG c.u.backend.common.config.LogFilter - ========== REQUEST DATA ==========
2025-11-30 19:26:47.074 [http-nio-8080-exec-7] DEBUG c.u.backend.common.config.LogFilter - Origin IP=[0:0:0:0:0:0:0:1]
2025-11-30 19:26:47.074 [http-nio-8080-exec-7] DEBUG c.u.backend.common.config.LogFilter - URI=[/api/citas]
2025-11-30 19:26:47.075 [http-nio-8080-exec-7] DEBUG c.u.backend.common.config.LogFilter - Method=[GET]
2025-11-30 19:26:47.076 [http-nio-8080-exec-7] DEBUG c.u.backend.common.config.LogFilter - Host Header=[localhost:8080]
2025-11-30 19:26:47.076 [http-nio-8080-exec-7] DEBUG c.u.backend.common.config.LogFilter - Server IP=[0:0:0:0:0:0:0:1]
2025-11-30 19:26:47.076 [http-nio-8080-exec-7] DEBUG c.u.backend.common.config.LogFilter - Content-Type=[null]
2025-11-30 19:26:47.076 [http-nio-8080-exec-7] DEBUG c.u.backend.common.config.LogFilter - User-Agent=[Mozilla/5.0 (Windows NT 10.0; Win64; x64) AppleWebKit/537.36 (KHTML, like Gecko) Code/1.106.2 Chrome/138.0.7204.251 Electron/37.7.0 Safari/537.36]
2025-11-30 19:26:47.076 [http-nio-8080-exec-7] INFO  c.u.b.a.s.UsuarioSecurityService - loadUserByUsername()
2025-11-30 19:26:47.079 [http-nio-8080-exec-7] INFO  c.u.b.a.s.UsuarioSecurityService - Cargando usuario con cédula 1234567890
2025-11-30 19:26:47.084 [http-nio-8080-exec-7] INFO  c.u.b.a.s.UsuarioSecurityService - Usuario encontrado
2025-11-30 19:26:47.084 [http-nio-8080-exec-7] DEBUG o.s.security.web.FilterChainProxy - Secured GET /api/citas?page=0&size=10
2025-11-30 19:26:47.084 [http-nio-8080-exec-7] INFO  c.u.b.citas.service.CitaService - obtenerCitas()
2025-11-30 19:26:47.084 [http-nio-8080-exec-7] INFO  c.u.b.citas.service.CitaService - Obteniendo todas las Citas
2025-11-30 19:26:47.095 [http-nio-8080-exec-7] ERROR c.u.b.c.e.GlobalExceptionHandler - 404 NOT FOUND: Recurso no encontrado - No existen citas registradas
2025-11-30 19:26:47.098 [http-nio-8080-exec-7] DEBUG c.u.backend.common.config.LogFilter - Response Status=[404]
2025-11-30 19:26:47.098 [http-nio-8080-exec-1] DEBUG o.s.security.web.FilterChainProxy - Securing GET /api/citas?page=0&size=10
2025-11-30 19:26:47.098 [http-nio-8080-exec-1] DEBUG c.u.backend.common.config.LogFilter - ========== REQUEST DATA ==========
2025-11-30 19:26:47.098 [http-nio-8080-exec-1] DEBUG c.u.backend.common.config.LogFilter - Origin IP=[0:0:0:0:0:0:0:1]
2025-11-30 19:26:47.098 [http-nio-8080-exec-1] DEBUG c.u.backend.common.config.LogFilter - URI=[/api/citas]
2025-11-30 19:26:47.098 [http-nio-8080-exec-1] DEBUG c.u.backend.common.config.LogFilter - Method=[GET]
2025-11-30 19:26:47.098 [http-nio-8080-exec-1] DEBUG c.u.backend.common.config.LogFilter - Host Header=[localhost:8080]
2025-11-30 19:26:47.098 [http-nio-8080-exec-1] DEBUG c.u.backend.common.config.LogFilter - Server IP=[0:0:0:0:0:0:0:1]
2025-11-30 19:26:47.098 [http-nio-8080-exec-1] DEBUG c.u.backend.common.config.LogFilter - Content-Type=[null]
2025-11-30 19:26:47.098 [http-nio-8080-exec-1] DEBUG c.u.backend.common.config.LogFilter - User-Agent=[Mozilla/5.0 (Windows NT 10.0; Win64; x64) AppleWebKit/537.36 (KHTML, like Gecko) Code/1.106.2 Chrome/138.0.7204.251 Electron/37.7.0 Safari/537.36]
2025-11-30 19:26:47.098 [http-nio-8080-exec-1] INFO  c.u.b.a.s.UsuarioSecurityService - loadUserByUsername()
2025-11-30 19:26:47.098 [http-nio-8080-exec-1] INFO  c.u.b.a.s.UsuarioSecurityService - Cargando usuario con cédula 1234567890
2025-11-30 19:26:47.113 [http-nio-8080-exec-1] INFO  c.u.b.a.s.UsuarioSecurityService - Usuario encontrado
2025-11-30 19:26:47.113 [http-nio-8080-exec-1] DEBUG o.s.security.web.FilterChainProxy - Secured GET /api/citas?page=0&size=10
2025-11-30 19:26:47.113 [http-nio-8080-exec-1] INFO  c.u.b.citas.service.CitaService - obtenerCitas()
2025-11-30 19:26:47.113 [http-nio-8080-exec-1] INFO  c.u.b.citas.service.CitaService - Obteniendo todas las Citas
2025-11-30 19:26:47.113 [http-nio-8080-exec-1] ERROR c.u.b.c.e.GlobalExceptionHandler - 404 NOT FOUND: Recurso no encontrado - No existen citas registradas
2025-11-30 19:26:47.113 [http-nio-8080-exec-1] DEBUG c.u.backend.common.config.LogFilter - Response Status=[404]
2025-11-30 19:26:48.747 [http-nio-8080-exec-10] DEBUG o.s.security.web.FilterChainProxy - Securing OPTIONS /api/profesionales?page=0&size=10
2025-11-30 19:26:48.747 [http-nio-8080-exec-9] DEBUG o.s.security.web.FilterChainProxy - Securing GET /api/areas
2025-11-30 19:26:48.747 [http-nio-8080-exec-9] DEBUG c.u.backend.common.config.LogFilter - ========== REQUEST DATA ==========
2025-11-30 19:26:48.747 [http-nio-8080-exec-9] DEBUG c.u.backend.common.config.LogFilter - Origin IP=[0:0:0:0:0:0:0:1]
2025-11-30 19:26:48.747 [http-nio-8080-exec-9] DEBUG c.u.backend.common.config.LogFilter - URI=[/api/areas]
2025-11-30 19:26:48.747 [http-nio-8080-exec-9] DEBUG c.u.backend.common.config.LogFilter - Method=[GET]
2025-11-30 19:26:48.762 [http-nio-8080-exec-9] DEBUG c.u.backend.common.config.LogFilter - Host Header=[localhost:8080]
2025-11-30 19:26:48.763 [http-nio-8080-exec-9] DEBUG c.u.backend.common.config.LogFilter - Server IP=[0:0:0:0:0:0:0:1]
2025-11-30 19:26:48.764 [http-nio-8080-exec-9] DEBUG c.u.backend.common.config.LogFilter - Content-Type=[null]
2025-11-30 19:26:48.764 [http-nio-8080-exec-3] DEBUG o.s.security.web.FilterChainProxy - Securing GET /api/profesionales?page=0&size=10
2025-11-30 19:26:48.764 [http-nio-8080-exec-9] DEBUG c.u.backend.common.config.LogFilter - User-Agent=[Mozilla/5.0 (Windows NT 10.0; Win64; x64) AppleWebKit/537.36 (KHTML, like Gecko) Code/1.106.2 Chrome/138.0.7204.251 Electron/37.7.0 Safari/537.36]
2025-11-30 19:26:48.765 [http-nio-8080-exec-3] DEBUG c.u.backend.common.config.LogFilter - ========== REQUEST DATA ==========
2025-11-30 19:26:48.765 [http-nio-8080-exec-9] INFO  c.u.b.a.s.UsuarioSecurityService - loadUserByUsername()
2025-11-30 19:26:48.766 [http-nio-8080-exec-3] DEBUG c.u.backend.common.config.LogFilter - Origin IP=[0:0:0:0:0:0:0:1]
2025-11-30 19:26:48.766 [http-nio-8080-exec-9] INFO  c.u.b.a.s.UsuarioSecurityService - Cargando usuario con cédula 1234567890
2025-11-30 19:26:48.766 [http-nio-8080-exec-3] DEBUG c.u.backend.common.config.LogFilter - URI=[/api/profesionales]
2025-11-30 19:26:48.767 [http-nio-8080-exec-3] DEBUG c.u.backend.common.config.LogFilter - Method=[GET]
2025-11-30 19:26:48.767 [http-nio-8080-exec-3] DEBUG c.u.backend.common.config.LogFilter - Host Header=[localhost:8080]
2025-11-30 19:26:48.767 [http-nio-8080-exec-3] DEBUG c.u.backend.common.config.LogFilter - Server IP=[0:0:0:0:0:0:0:1]
2025-11-30 19:26:48.768 [http-nio-8080-exec-3] DEBUG c.u.backend.common.config.LogFilter - Content-Type=[null]
2025-11-30 19:26:48.769 [http-nio-8080-exec-3] DEBUG c.u.backend.common.config.LogFilter - User-Agent=[Mozilla/5.0 (Windows NT 10.0; Win64; x64) AppleWebKit/537.36 (KHTML, like Gecko) Code/1.106.2 Chrome/138.0.7204.251 Electron/37.7.0 Safari/537.36]
2025-11-30 19:26:48.770 [http-nio-8080-exec-3] INFO  c.u.b.a.s.UsuarioSecurityService - loadUserByUsername()
2025-11-30 19:26:48.771 [http-nio-8080-exec-3] INFO  c.u.b.a.s.UsuarioSecurityService - Cargando usuario con cédula 1234567890
2025-11-30 19:26:48.777 [http-nio-8080-exec-9] INFO  c.u.b.a.s.UsuarioSecurityService - Usuario encontrado
2025-11-30 19:26:48.778 [http-nio-8080-exec-9] DEBUG o.s.security.web.FilterChainProxy - Secured GET /api/areas
2025-11-30 19:26:48.780 [http-nio-8080-exec-9] INFO  c.u.b.usuarios.service.AreaService - obtenerAreas()
2025-11-30 19:26:48.781 [http-nio-8080-exec-9] INFO  c.u.b.usuarios.service.AreaService - Obteniendo todas las areas activas
2025-11-30 19:26:48.781 [http-nio-8080-exec-3] INFO  c.u.b.a.s.UsuarioSecurityService - Usuario encontrado
2025-11-30 19:26:48.783 [http-nio-8080-exec-3] DEBUG o.s.security.web.FilterChainProxy - Secured GET /api/profesionales?page=0&size=10
2025-11-30 19:26:48.784 [http-nio-8080-exec-9] INFO  c.u.b.usuarios.service.AreaService - 200 OK: Areas activas obtenidas correctamente
2025-11-30 19:26:48.785 [http-nio-8080-exec-3] INFO  c.u.b.u.service.ProfesionalService - obtenerProfesionales()
2025-11-30 19:26:48.786 [http-nio-8080-exec-3] INFO  c.u.b.u.service.ProfesionalService - Obteniendo profesionales activos
2025-11-30 19:26:48.786 [http-nio-8080-exec-9] DEBUG c.u.backend.common.config.LogFilter - Response Status=[200]
2025-11-30 19:26:48.789 [http-nio-8080-exec-3] INFO  c.u.b.u.service.ProfesionalService - 200 OK: Profesionales activos obtenidos correctamente
2025-11-30 19:26:48.793 [http-nio-8080-exec-3] DEBUG c.u.backend.common.config.LogFilter - Response Status=[200]
2025-11-30 19:26:51.580 [http-nio-8080-exec-2] DEBUG o.s.security.web.FilterChainProxy - Securing OPTIONS /api/pasantes?page=0&size=5
2025-11-30 19:26:51.596 [http-nio-8080-exec-4] DEBUG o.s.security.web.FilterChainProxy - Securing GET /api/areas
2025-11-30 19:26:51.597 [http-nio-8080-exec-4] DEBUG c.u.backend.common.config.LogFilter - ========== REQUEST DATA ==========
2025-11-30 19:26:51.598 [http-nio-8080-exec-4] DEBUG c.u.backend.common.config.LogFilter - Origin IP=[0:0:0:0:0:0:0:1]
2025-11-30 19:26:51.599 [http-nio-8080-exec-4] DEBUG c.u.backend.common.config.LogFilter - URI=[/api/areas]
2025-11-30 19:26:51.599 [http-nio-8080-exec-4] DEBUG c.u.backend.common.config.LogFilter - Method=[GET]
2025-11-30 19:26:51.600 [http-nio-8080-exec-4] DEBUG c.u.backend.common.config.LogFilter - Host Header=[localhost:8080]
2025-11-30 19:26:51.600 [http-nio-8080-exec-4] DEBUG c.u.backend.common.config.LogFilter - Server IP=[0:0:0:0:0:0:0:1]
2025-11-30 19:26:51.601 [http-nio-8080-exec-4] DEBUG c.u.backend.common.config.LogFilter - Content-Type=[null]
2025-11-30 19:26:51.601 [http-nio-8080-exec-8] DEBUG o.s.security.web.FilterChainProxy - Securing GET /api/pasantes?page=0&size=5
2025-11-30 19:26:51.602 [http-nio-8080-exec-4] DEBUG c.u.backend.common.config.LogFilter - User-Agent=[Mozilla/5.0 (Windows NT 10.0; Win64; x64) AppleWebKit/537.36 (KHTML, like Gecko) Code/1.106.2 Chrome/138.0.7204.251 Electron/37.7.0 Safari/537.36]
2025-11-30 19:26:51.603 [http-nio-8080-exec-8] DEBUG c.u.backend.common.config.LogFilter - ========== REQUEST DATA ==========
2025-11-30 19:26:51.603 [http-nio-8080-exec-4] INFO  c.u.b.a.s.UsuarioSecurityService - loadUserByUsername()
2025-11-30 19:26:51.603 [http-nio-8080-exec-8] DEBUG c.u.backend.common.config.LogFilter - Origin IP=[0:0:0:0:0:0:0:1]
2025-11-30 19:26:51.604 [http-nio-8080-exec-4] INFO  c.u.b.a.s.UsuarioSecurityService - Cargando usuario con cédula 1234567890
2025-11-30 19:26:51.604 [http-nio-8080-exec-8] DEBUG c.u.backend.common.config.LogFilter - URI=[/api/pasantes]
2025-11-30 19:26:51.605 [http-nio-8080-exec-8] DEBUG c.u.backend.common.config.LogFilter - Method=[GET]
2025-11-30 19:26:51.606 [http-nio-8080-exec-8] DEBUG c.u.backend.common.config.LogFilter - Host Header=[localhost:8080]
2025-11-30 19:26:51.606 [http-nio-8080-exec-8] DEBUG c.u.backend.common.config.LogFilter - Server IP=[0:0:0:0:0:0:0:1]
2025-11-30 19:26:51.607 [http-nio-8080-exec-8] DEBUG c.u.backend.common.config.LogFilter - Content-Type=[null]
2025-11-30 19:26:51.607 [http-nio-8080-exec-8] DEBUG c.u.backend.common.config.LogFilter - User-Agent=[Mozilla/5.0 (Windows NT 10.0; Win64; x64) AppleWebKit/537.36 (KHTML, like Gecko) Code/1.106.2 Chrome/138.0.7204.251 Electron/37.7.0 Safari/537.36]
2025-11-30 19:26:51.609 [http-nio-8080-exec-8] INFO  c.u.b.a.s.UsuarioSecurityService - loadUserByUsername()
2025-11-30 19:26:51.610 [http-nio-8080-exec-8] INFO  c.u.b.a.s.UsuarioSecurityService - Cargando usuario con cédula 1234567890
2025-11-30 19:26:51.612 [http-nio-8080-exec-5] DEBUG o.s.security.web.FilterChainProxy - Securing OPTIONS /api/pasantes?page=0&size=10
2025-11-30 19:26:51.615 [http-nio-8080-exec-4] INFO  c.u.b.a.s.UsuarioSecurityService - Usuario encontrado
2025-11-30 19:26:51.616 [http-nio-8080-exec-4] DEBUG o.s.security.web.FilterChainProxy - Secured GET /api/areas
2025-11-30 19:26:51.618 [http-nio-8080-exec-4] INFO  c.u.b.usuarios.service.AreaService - obtenerAreas()
2025-11-30 19:26:51.619 [http-nio-8080-exec-4] INFO  c.u.b.usuarios.service.AreaService - Obteniendo todas las areas activas
2025-11-30 19:26:51.619 [http-nio-8080-exec-6] DEBUG o.s.security.web.FilterChainProxy - Securing GET /api/pasantes?page=0&size=10
2025-11-30 19:26:51.621 [http-nio-8080-exec-6] DEBUG c.u.backend.common.config.LogFilter - ========== REQUEST DATA ==========
2025-11-30 19:26:51.621 [http-nio-8080-exec-6] DEBUG c.u.backend.common.config.LogFilter - Origin IP=[0:0:0:0:0:0:0:1]
2025-11-30 19:26:51.622 [http-nio-8080-exec-8] INFO  c.u.b.a.s.UsuarioSecurityService - Usuario encontrado
2025-11-30 19:26:51.622 [http-nio-8080-exec-6] DEBUG c.u.backend.common.config.LogFilter - URI=[/api/pasantes]
2025-11-30 19:26:51.623 [http-nio-8080-exec-6] DEBUG c.u.backend.common.config.LogFilter - Method=[GET]
2025-11-30 19:26:51.623 [http-nio-8080-exec-4] INFO  c.u.b.usuarios.service.AreaService - 200 OK: Areas activas obtenidas correctamente
2025-11-30 19:26:51.623 [http-nio-8080-exec-6] DEBUG c.u.backend.common.config.LogFilter - Host Header=[localhost:8080]
2025-11-30 19:26:51.623 [http-nio-8080-exec-8] DEBUG o.s.security.web.FilterChainProxy - Secured GET /api/pasantes?page=0&size=5
2025-11-30 19:26:51.624 [http-nio-8080-exec-6] DEBUG c.u.backend.common.config.LogFilter - Server IP=[0:0:0:0:0:0:0:1]
2025-11-30 19:26:51.625 [http-nio-8080-exec-6] DEBUG c.u.backend.common.config.LogFilter - Content-Type=[null]
2025-11-30 19:26:51.625 [http-nio-8080-exec-4] DEBUG c.u.backend.common.config.LogFilter - Response Status=[200]
2025-11-30 19:26:51.625 [http-nio-8080-exec-6] DEBUG c.u.backend.common.config.LogFilter - User-Agent=[Mozilla/5.0 (Windows NT 10.0; Win64; x64) AppleWebKit/537.36 (KHTML, like Gecko) Code/1.106.2 Chrome/138.0.7204.251 Electron/37.7.0 Safari/537.36]
2025-11-30 19:26:51.625 [http-nio-8080-exec-8] INFO  c.u.b.u.service.PasanteService - obtenerPasantes()
2025-11-30 19:26:51.627 [http-nio-8080-exec-8] INFO  c.u.b.u.service.PasanteService - Obteniendo pasantes activos
2025-11-30 19:26:51.627 [http-nio-8080-exec-6] INFO  c.u.b.a.s.UsuarioSecurityService - loadUserByUsername()
2025-11-30 19:26:51.628 [http-nio-8080-exec-6] INFO  c.u.b.a.s.UsuarioSecurityService - Cargando usuario con cédula 1234567890
2025-11-30 19:26:51.633 [http-nio-8080-exec-8] INFO  c.u.b.u.service.PasanteService - 200 OK: Pasantes activos obtenidos correctamente
2025-11-30 19:26:51.638 [http-nio-8080-exec-8] DEBUG c.u.backend.common.config.LogFilter - Response Status=[200]
2025-11-30 19:26:51.640 [http-nio-8080-exec-6] INFO  c.u.b.a.s.UsuarioSecurityService - Usuario encontrado
2025-11-30 19:26:51.642 [http-nio-8080-exec-6] DEBUG o.s.security.web.FilterChainProxy - Secured GET /api/pasantes?page=0&size=10
2025-11-30 19:26:51.644 [http-nio-8080-exec-6] INFO  c.u.b.u.service.PasanteService - obtenerPasantes()
2025-11-30 19:26:51.644 [http-nio-8080-exec-6] INFO  c.u.b.u.service.PasanteService - Obteniendo pasantes activos
2025-11-30 19:26:51.647 [http-nio-8080-exec-6] INFO  c.u.b.u.service.PasanteService - 200 OK: Pasantes activos obtenidos correctamente
2025-11-30 19:26:51.647 [http-nio-8080-exec-6] DEBUG c.u.backend.common.config.LogFilter - Response Status=[200]
2025-11-30 19:26:53.912 [http-nio-8080-exec-7] DEBUG o.s.security.web.FilterChainProxy - Securing OPTIONS /api/coordinadores?page=0&size=10
2025-11-30 19:26:53.913 [http-nio-8080-exec-1] DEBUG o.s.security.web.FilterChainProxy - Securing GET /api/areas
2025-11-30 19:26:53.914 [http-nio-8080-exec-10] DEBUG o.s.security.web.FilterChainProxy - Securing OPTIONS /api/coordinadores?page=0&size=10
2025-11-30 19:26:53.915 [http-nio-8080-exec-1] DEBUG c.u.backend.common.config.LogFilter - ========== REQUEST DATA ==========
2025-11-30 19:26:53.916 [http-nio-8080-exec-1] DEBUG c.u.backend.common.config.LogFilter - Origin IP=[0:0:0:0:0:0:0:1]
2025-11-30 19:26:53.917 [http-nio-8080-exec-1] DEBUG c.u.backend.common.config.LogFilter - URI=[/api/areas]
2025-11-30 19:26:53.918 [http-nio-8080-exec-1] DEBUG c.u.backend.common.config.LogFilter - Method=[GET]
2025-11-30 19:26:53.919 [http-nio-8080-exec-1] DEBUG c.u.backend.common.config.LogFilter - Host Header=[localhost:8080]
2025-11-30 19:26:53.919 [http-nio-8080-exec-1] DEBUG c.u.backend.common.config.LogFilter - Server IP=[0:0:0:0:0:0:0:1]
2025-11-30 19:26:53.920 [http-nio-8080-exec-1] DEBUG c.u.backend.common.config.LogFilter - Content-Type=[null]
2025-11-30 19:26:53.920 [http-nio-8080-exec-1] DEBUG c.u.backend.common.config.LogFilter - User-Agent=[Mozilla/5.0 (Windows NT 10.0; Win64; x64) AppleWebKit/537.36 (KHTML, like Gecko) Code/1.106.2 Chrome/138.0.7204.251 Electron/37.7.0 Safari/537.36]
2025-11-30 19:26:53.920 [http-nio-8080-exec-9] DEBUG o.s.security.web.FilterChainProxy - Securing GET /api/coordinadores?page=0&size=10
2025-11-30 19:26:53.922 [http-nio-8080-exec-1] INFO  c.u.b.a.s.UsuarioSecurityService - loadUserByUsername()
2025-11-30 19:26:53.922 [http-nio-8080-exec-9] DEBUG c.u.backend.common.config.LogFilter - ========== REQUEST DATA ==========
2025-11-30 19:26:53.923 [http-nio-8080-exec-1] INFO  c.u.b.a.s.UsuarioSecurityService - Cargando usuario con cédula 1234567890
2025-11-30 19:26:53.924 [http-nio-8080-exec-9] DEBUG c.u.backend.common.config.LogFilter - Origin IP=[0:0:0:0:0:0:0:1]
2025-11-30 19:26:53.925 [http-nio-8080-exec-9] DEBUG c.u.backend.common.config.LogFilter - URI=[/api/coordinadores]
2025-11-30 19:26:53.925 [http-nio-8080-exec-9] DEBUG c.u.backend.common.config.LogFilter - Method=[GET]
2025-11-30 19:26:53.926 [http-nio-8080-exec-9] DEBUG c.u.backend.common.config.LogFilter - Host Header=[localhost:8080]
2025-11-30 19:26:53.927 [http-nio-8080-exec-9] DEBUG c.u.backend.common.config.LogFilter - Server IP=[0:0:0:0:0:0:0:1]
2025-11-30 19:26:53.927 [http-nio-8080-exec-9] DEBUG c.u.backend.common.config.LogFilter - Content-Type=[null]
2025-11-30 19:26:53.928 [http-nio-8080-exec-9] DEBUG c.u.backend.common.config.LogFilter - User-Agent=[Mozilla/5.0 (Windows NT 10.0; Win64; x64) AppleWebKit/537.36 (KHTML, like Gecko) Code/1.106.2 Chrome/138.0.7204.251 Electron/37.7.0 Safari/537.36]
2025-11-30 19:26:53.930 [http-nio-8080-exec-9] INFO  c.u.b.a.s.UsuarioSecurityService - loadUserByUsername()
2025-11-30 19:26:53.931 [http-nio-8080-exec-9] INFO  c.u.b.a.s.UsuarioSecurityService - Cargando usuario con cédula 1234567890
2025-11-30 19:26:53.934 [http-nio-8080-exec-1] INFO  c.u.b.a.s.UsuarioSecurityService - Usuario encontrado
2025-11-30 19:26:53.935 [http-nio-8080-exec-1] DEBUG o.s.security.web.FilterChainProxy - Secured GET /api/areas
2025-11-30 19:26:53.937 [http-nio-8080-exec-1] INFO  c.u.b.usuarios.service.AreaService - obtenerAreas()
2025-11-30 19:26:53.938 [http-nio-8080-exec-1] INFO  c.u.b.usuarios.service.AreaService - Obteniendo todas las areas activas
2025-11-30 19:26:53.940 [http-nio-8080-exec-9] INFO  c.u.b.a.s.UsuarioSecurityService - Usuario encontrado
2025-11-30 19:26:53.942 [http-nio-8080-exec-1] INFO  c.u.b.usuarios.service.AreaService - 200 OK: Areas activas obtenidas correctamente
2025-11-30 19:26:53.942 [http-nio-8080-exec-9] DEBUG o.s.security.web.FilterChainProxy - Secured GET /api/coordinadores?page=0&size=10
2025-11-30 19:26:53.942 [http-nio-8080-exec-9] INFO  c.u.b.u.service.CoordinadorService - obtenerCoordinadores()
2025-11-30 19:26:53.946 [http-nio-8080-exec-1] DEBUG c.u.backend.common.config.LogFilter - Response Status=[200]
2025-11-30 19:26:53.946 [http-nio-8080-exec-9] INFO  c.u.b.u.service.CoordinadorService - Obteniendo coordinadores activos
2025-11-30 19:26:53.947 [http-nio-8080-exec-9] INFO  c.u.b.u.service.CoordinadorService - 200 OK: Coordinadores activos obtenidos correctamente
2025-11-30 19:26:53.947 [http-nio-8080-exec-9] DEBUG c.u.backend.common.config.LogFilter - Response Status=[200]
2025-11-30 19:26:53.947 [http-nio-8080-exec-3] DEBUG o.s.security.web.FilterChainProxy - Securing GET /api/coordinadores?page=0&size=10
2025-11-30 19:26:53.947 [http-nio-8080-exec-3] DEBUG c.u.backend.common.config.LogFilter - ========== REQUEST DATA ==========
2025-11-30 19:26:53.947 [http-nio-8080-exec-3] DEBUG c.u.backend.common.config.LogFilter - Origin IP=[0:0:0:0:0:0:0:1]
2025-11-30 19:26:53.947 [http-nio-8080-exec-3] DEBUG c.u.backend.common.config.LogFilter - URI=[/api/coordinadores]
2025-11-30 19:26:53.947 [http-nio-8080-exec-3] DEBUG c.u.backend.common.config.LogFilter - Method=[GET]
2025-11-30 19:26:53.947 [http-nio-8080-exec-3] DEBUG c.u.backend.common.config.LogFilter - Host Header=[localhost:8080]
2025-11-30 19:26:53.947 [http-nio-8080-exec-3] DEBUG c.u.backend.common.config.LogFilter - Server IP=[0:0:0:0:0:0:0:1]
2025-11-30 19:26:53.947 [http-nio-8080-exec-3] DEBUG c.u.backend.common.config.LogFilter - Content-Type=[null]
2025-11-30 19:26:53.947 [http-nio-8080-exec-3] DEBUG c.u.backend.common.config.LogFilter - User-Agent=[Mozilla/5.0 (Windows NT 10.0; Win64; x64) AppleWebKit/537.36 (KHTML, like Gecko) Code/1.106.2 Chrome/138.0.7204.251 Electron/37.7.0 Safari/537.36]
2025-11-30 19:26:53.947 [http-nio-8080-exec-3] INFO  c.u.b.a.s.UsuarioSecurityService - loadUserByUsername()
2025-11-30 19:26:53.947 [http-nio-8080-exec-3] INFO  c.u.b.a.s.UsuarioSecurityService - Cargando usuario con cédula 1234567890
2025-11-30 19:26:53.963 [http-nio-8080-exec-3] INFO  c.u.b.a.s.UsuarioSecurityService - Usuario encontrado
2025-11-30 19:26:53.963 [http-nio-8080-exec-3] DEBUG o.s.security.web.FilterChainProxy - Secured GET /api/coordinadores?page=0&size=10
2025-11-30 19:26:53.963 [http-nio-8080-exec-3] INFO  c.u.b.u.service.CoordinadorService - obtenerCoordinadores()
2025-11-30 19:26:53.963 [http-nio-8080-exec-3] INFO  c.u.b.u.service.CoordinadorService - Obteniendo coordinadores activos
2025-11-30 19:26:53.963 [http-nio-8080-exec-3] INFO  c.u.b.u.service.CoordinadorService - 200 OK: Coordinadores activos obtenidos correctamente
2025-11-30 19:26:53.963 [http-nio-8080-exec-3] DEBUG c.u.backend.common.config.LogFilter - Response Status=[200]
2025-11-30 19:26:57.365 [http-nio-8080-exec-2] DEBUG o.s.security.web.FilterChainProxy - Securing OPTIONS /api/secretarias?page=0&size=5
2025-11-30 19:26:57.365 [http-nio-8080-exec-5] DEBUG o.s.security.web.FilterChainProxy - Securing GET /api/areas
2025-11-30 19:26:57.366 [http-nio-8080-exec-5] DEBUG c.u.backend.common.config.LogFilter - ========== REQUEST DATA ==========
2025-11-30 19:26:57.367 [http-nio-8080-exec-5] DEBUG c.u.backend.common.config.LogFilter - Origin IP=[0:0:0:0:0:0:0:1]
2025-11-30 19:26:57.368 [http-nio-8080-exec-5] DEBUG c.u.backend.common.config.LogFilter - URI=[/api/areas]
2025-11-30 19:26:57.368 [http-nio-8080-exec-5] DEBUG c.u.backend.common.config.LogFilter - Method=[GET]
2025-11-30 19:26:57.369 [http-nio-8080-exec-5] DEBUG c.u.backend.common.config.LogFilter - Host Header=[localhost:8080]
2025-11-30 19:26:57.369 [http-nio-8080-exec-5] DEBUG c.u.backend.common.config.LogFilter - Server IP=[0:0:0:0:0:0:0:1]
2025-11-30 19:26:57.370 [http-nio-8080-exec-5] DEBUG c.u.backend.common.config.LogFilter - Content-Type=[null]
2025-11-30 19:26:57.370 [http-nio-8080-exec-5] DEBUG c.u.backend.common.config.LogFilter - User-Agent=[Mozilla/5.0 (Windows NT 10.0; Win64; x64) AppleWebKit/537.36 (KHTML, like Gecko) Code/1.106.2 Chrome/138.0.7204.251 Electron/37.7.0 Safari/537.36]
2025-11-30 19:26:57.371 [http-nio-8080-exec-4] DEBUG o.s.security.web.FilterChainProxy - Securing GET /api/secretarias?page=0&size=5
2025-11-30 19:26:57.371 [http-nio-8080-exec-5] INFO  c.u.b.a.s.UsuarioSecurityService - loadUserByUsername()
2025-11-30 19:26:57.372 [http-nio-8080-exec-5] INFO  c.u.b.a.s.UsuarioSecurityService - Cargando usuario con cédula 1234567890
2025-11-30 19:26:57.373 [http-nio-8080-exec-4] DEBUG c.u.backend.common.config.LogFilter - ========== REQUEST DATA ==========
2025-11-30 19:26:57.373 [http-nio-8080-exec-4] DEBUG c.u.backend.common.config.LogFilter - Origin IP=[0:0:0:0:0:0:0:1]
2025-11-30 19:26:57.374 [http-nio-8080-exec-4] DEBUG c.u.backend.common.config.LogFilter - URI=[/api/secretarias]
2025-11-30 19:26:57.374 [http-nio-8080-exec-4] DEBUG c.u.backend.common.config.LogFilter - Method=[GET]
2025-11-30 19:26:57.375 [http-nio-8080-exec-4] DEBUG c.u.backend.common.config.LogFilter - Host Header=[localhost:8080]
2025-11-30 19:26:57.375 [http-nio-8080-exec-4] DEBUG c.u.backend.common.config.LogFilter - Server IP=[0:0:0:0:0:0:0:1]
2025-11-30 19:26:57.376 [http-nio-8080-exec-4] DEBUG c.u.backend.common.config.LogFilter - Content-Type=[null]
2025-11-30 19:26:57.376 [http-nio-8080-exec-4] DEBUG c.u.backend.common.config.LogFilter - User-Agent=[Mozilla/5.0 (Windows NT 10.0; Win64; x64) AppleWebKit/537.36 (KHTML, like Gecko) Code/1.106.2 Chrome/138.0.7204.251 Electron/37.7.0 Safari/537.36]
2025-11-30 19:26:57.378 [http-nio-8080-exec-4] INFO  c.u.b.a.s.UsuarioSecurityService - loadUserByUsername()
2025-11-30 19:26:57.378 [http-nio-8080-exec-4] INFO  c.u.b.a.s.UsuarioSecurityService - Cargando usuario con cédula 1234567890
2025-11-30 19:26:57.381 [http-nio-8080-exec-5] INFO  c.u.b.a.s.UsuarioSecurityService - Usuario encontrado
2025-11-30 19:26:57.382 [http-nio-8080-exec-5] DEBUG o.s.security.web.FilterChainProxy - Secured GET /api/areas
2025-11-30 19:26:57.384 [http-nio-8080-exec-5] INFO  c.u.b.usuarios.service.AreaService - obtenerAreas()
2025-11-30 19:26:57.385 [http-nio-8080-exec-5] INFO  c.u.b.usuarios.service.AreaService - Obteniendo todas las areas activas
2025-11-30 19:26:57.387 [http-nio-8080-exec-5] INFO  c.u.b.usuarios.service.AreaService - 200 OK: Areas activas obtenidas correctamente
2025-11-30 19:26:57.387 [http-nio-8080-exec-4] INFO  c.u.b.a.s.UsuarioSecurityService - Usuario encontrado
2025-11-30 19:26:57.387 [http-nio-8080-exec-4] DEBUG o.s.security.web.FilterChainProxy - Secured GET /api/secretarias?page=0&size=5
2025-11-30 19:26:57.387 [http-nio-8080-exec-5] DEBUG c.u.backend.common.config.LogFilter - Response Status=[200]
2025-11-30 19:26:57.387 [http-nio-8080-exec-4] INFO  c.u.b.u.service.SecretariaService - obtenerSecretarias()
2025-11-30 19:26:57.387 [http-nio-8080-exec-4] INFO  c.u.b.u.service.SecretariaService - Obteniendo secretarias activas
2025-11-30 19:26:57.387 [http-nio-8080-exec-4] INFO  c.u.b.u.service.SecretariaService - 200 OK: Secretarias activas obtenidas correctamente
2025-11-30 19:26:57.398 [http-nio-8080-exec-4] DEBUG c.u.backend.common.config.LogFilter - Response Status=[200]
2025-11-30 20:06:58.034 [http-nio-8080-exec-3] DEBUG o.s.security.web.FilterChainProxy - Securing GET /api/pasantes?page=0&size=5
2025-11-30 20:06:58.036 [http-nio-8080-exec-2] DEBUG o.s.security.web.FilterChainProxy - Securing GET /api/areas
2025-11-30 20:06:58.036 [http-nio-8080-exec-5] DEBUG o.s.security.web.FilterChainProxy - Securing GET /api/pasantes?page=0&size=10
2025-11-30 20:06:58.036 [http-nio-8080-exec-2] DEBUG c.u.backend.common.config.LogFilter - ========== REQUEST DATA ==========
2025-11-30 20:06:58.036 [http-nio-8080-exec-5] DEBUG c.u.backend.common.config.LogFilter - ========== REQUEST DATA ==========
2025-11-30 20:06:58.040 [http-nio-8080-exec-3] DEBUG c.u.backend.common.config.LogFilter - ========== REQUEST DATA ==========
2025-11-30 20:06:58.040 [http-nio-8080-exec-2] DEBUG c.u.backend.common.config.LogFilter - Origin IP=[0:0:0:0:0:0:0:1]
2025-11-30 20:06:58.040 [http-nio-8080-exec-5] DEBUG c.u.backend.common.config.LogFilter - Origin IP=[0:0:0:0:0:0:0:1]
2025-11-30 20:06:58.040 [http-nio-8080-exec-3] DEBUG c.u.backend.common.config.LogFilter - Origin IP=[0:0:0:0:0:0:0:1]
2025-11-30 20:06:58.040 [http-nio-8080-exec-2] DEBUG c.u.backend.common.config.LogFilter - URI=[/api/areas]
2025-11-30 20:06:58.040 [http-nio-8080-exec-5] DEBUG c.u.backend.common.config.LogFilter - URI=[/api/pasantes]
2025-11-30 20:06:58.043 [http-nio-8080-exec-3] DEBUG c.u.backend.common.config.LogFilter - URI=[/api/pasantes]
2025-11-30 20:06:58.043 [http-nio-8080-exec-2] DEBUG c.u.backend.common.config.LogFilter - Method=[GET]
2025-11-30 20:06:58.043 [http-nio-8080-exec-5] DEBUG c.u.backend.common.config.LogFilter - Method=[GET]
2025-11-30 20:06:58.043 [http-nio-8080-exec-3] DEBUG c.u.backend.common.config.LogFilter - Method=[GET]
2025-11-30 20:06:58.045 [http-nio-8080-exec-2] DEBUG c.u.backend.common.config.LogFilter - Host Header=[localhost:8080]
2025-11-30 20:06:58.047 [http-nio-8080-exec-5] DEBUG c.u.backend.common.config.LogFilter - Host Header=[localhost:8080]
2025-11-30 20:06:58.047 [http-nio-8080-exec-3] DEBUG c.u.backend.common.config.LogFilter - Host Header=[localhost:8080]
2025-11-30 20:06:58.047 [http-nio-8080-exec-2] DEBUG c.u.backend.common.config.LogFilter - Server IP=[0:0:0:0:0:0:0:1]
2025-11-30 20:06:58.048 [http-nio-8080-exec-5] DEBUG c.u.backend.common.config.LogFilter - Server IP=[0:0:0:0:0:0:0:1]
2025-11-30 20:06:58.048 [http-nio-8080-exec-3] DEBUG c.u.backend.common.config.LogFilter - Server IP=[0:0:0:0:0:0:0:1]
2025-11-30 20:06:58.048 [http-nio-8080-exec-2] DEBUG c.u.backend.common.config.LogFilter - Content-Type=[null]
2025-11-30 20:06:58.049 [http-nio-8080-exec-5] DEBUG c.u.backend.common.config.LogFilter - Content-Type=[null]
2025-11-30 20:06:58.049 [http-nio-8080-exec-3] DEBUG c.u.backend.common.config.LogFilter - Content-Type=[null]
2025-11-30 20:06:58.050 [http-nio-8080-exec-2] DEBUG c.u.backend.common.config.LogFilter - User-Agent=[Mozilla/5.0 (Windows NT 10.0; Win64; x64) AppleWebKit/537.36 (KHTML, like Gecko) Chrome/142.0.0.0 Safari/537.36]
2025-11-30 20:06:58.050 [http-nio-8080-exec-5] DEBUG c.u.backend.common.config.LogFilter - User-Agent=[Mozilla/5.0 (Windows NT 10.0; Win64; x64) AppleWebKit/537.36 (KHTML, like Gecko) Chrome/142.0.0.0 Safari/537.36]
2025-11-30 20:06:58.051 [http-nio-8080-exec-3] DEBUG c.u.backend.common.config.LogFilter - User-Agent=[Mozilla/5.0 (Windows NT 10.0; Win64; x64) AppleWebKit/537.36 (KHTML, like Gecko) Chrome/142.0.0.0 Safari/537.36]
2025-11-30 20:06:58.053 [http-nio-8080-exec-5] INFO  c.u.b.a.s.UsuarioSecurityService - loadUserByUsername()
2025-11-30 20:06:58.052 [http-nio-8080-exec-2] INFO  c.u.b.a.s.UsuarioSecurityService - loadUserByUsername()
2025-11-30 20:06:58.053 [http-nio-8080-exec-3] INFO  c.u.b.a.s.UsuarioSecurityService - loadUserByUsername()
2025-11-30 20:06:58.053 [http-nio-8080-exec-5] INFO  c.u.b.a.s.UsuarioSecurityService - Cargando usuario con cédula 1234567890
2025-11-30 20:06:58.053 [http-nio-8080-exec-2] INFO  c.u.b.a.s.UsuarioSecurityService - Cargando usuario con cédula 1234567890
2025-11-30 20:06:58.053 [http-nio-8080-exec-3] INFO  c.u.b.a.s.UsuarioSecurityService - Cargando usuario con cédula 1234567890
2025-11-30 20:06:58.087 [http-nio-8080-exec-2] INFO  c.u.b.a.s.UsuarioSecurityService - Usuario encontrado
2025-11-30 20:06:58.087 [http-nio-8080-exec-3] INFO  c.u.b.a.s.UsuarioSecurityService - Usuario encontrado
2025-11-30 20:06:58.087 [http-nio-8080-exec-5] INFO  c.u.b.a.s.UsuarioSecurityService - Usuario encontrado
2025-11-30 20:06:58.089 [http-nio-8080-exec-2] DEBUG o.s.security.web.FilterChainProxy - Secured GET /api/areas
2025-11-30 20:06:58.089 [http-nio-8080-exec-3] DEBUG o.s.security.web.FilterChainProxy - Secured GET /api/pasantes?page=0&size=5
2025-11-30 20:06:58.089 [http-nio-8080-exec-5] DEBUG o.s.security.web.FilterChainProxy - Secured GET /api/pasantes?page=0&size=10
2025-11-30 20:06:58.091 [http-nio-8080-exec-2] INFO  c.u.b.usuarios.service.AreaService - obtenerAreas()
2025-11-30 20:06:58.091 [http-nio-8080-exec-5] INFO  c.u.b.u.service.PasanteService - obtenerPasantes()
2025-11-30 20:06:58.091 [http-nio-8080-exec-3] INFO  c.u.b.u.service.PasanteService - obtenerPasantes()
2025-11-30 20:06:58.091 [http-nio-8080-exec-2] INFO  c.u.b.usuarios.service.AreaService - Obteniendo todas las areas activas
2025-11-30 20:06:58.091 [http-nio-8080-exec-5] INFO  c.u.b.u.service.PasanteService - Obteniendo pasantes activos
2025-11-30 20:06:58.093 [http-nio-8080-exec-3] INFO  c.u.b.u.service.PasanteService - Obteniendo pasantes activos
2025-11-30 20:06:58.100 [http-nio-8080-exec-2] INFO  c.u.b.usuarios.service.AreaService - 200 OK: Areas activas obtenidas correctamente
2025-11-30 20:06:58.100 [http-nio-8080-exec-5] INFO  c.u.b.u.service.PasanteService - 200 OK: Pasantes activos obtenidos correctamente
2025-11-30 20:06:58.102 [http-nio-8080-exec-3] INFO  c.u.b.u.service.PasanteService - 200 OK: Pasantes activos obtenidos correctamente
2025-11-30 20:06:58.104 [http-nio-8080-exec-2] DEBUG c.u.backend.common.config.LogFilter - Response Status=[200]
2025-11-30 20:06:58.104 [http-nio-8080-exec-5] DEBUG c.u.backend.common.config.LogFilter - Response Status=[200]
2025-11-30 20:06:58.104 [http-nio-8080-exec-3] DEBUG c.u.backend.common.config.LogFilter - Response Status=[200]
2025-11-30 20:07:00.596 [http-nio-8080-exec-4] DEBUG o.s.security.web.FilterChainProxy - Securing GET /api/citas?page=0&size=10
2025-11-30 20:07:00.599 [http-nio-8080-exec-4] DEBUG c.u.backend.common.config.LogFilter - ========== REQUEST DATA ==========
2025-11-30 20:07:00.600 [http-nio-8080-exec-4] DEBUG c.u.backend.common.config.LogFilter - Origin IP=[0:0:0:0:0:0:0:1]
2025-11-30 20:07:00.601 [http-nio-8080-exec-4] DEBUG c.u.backend.common.config.LogFilter - URI=[/api/citas]
2025-11-30 20:07:00.602 [http-nio-8080-exec-4] DEBUG c.u.backend.common.config.LogFilter - Method=[GET]
2025-11-30 20:07:00.603 [http-nio-8080-exec-4] DEBUG c.u.backend.common.config.LogFilter - Host Header=[localhost:8080]
2025-11-30 20:07:00.603 [http-nio-8080-exec-4] DEBUG c.u.backend.common.config.LogFilter - Server IP=[0:0:0:0:0:0:0:1]
2025-11-30 20:07:00.604 [http-nio-8080-exec-4] DEBUG c.u.backend.common.config.LogFilter - Content-Type=[null]
2025-11-30 20:07:00.604 [http-nio-8080-exec-4] DEBUG c.u.backend.common.config.LogFilter - User-Agent=[Mozilla/5.0 (Windows NT 10.0; Win64; x64) AppleWebKit/537.36 (KHTML, like Gecko) Chrome/142.0.0.0 Safari/537.36]
2025-11-30 20:07:00.606 [http-nio-8080-exec-4] INFO  c.u.b.a.s.UsuarioSecurityService - loadUserByUsername()
2025-11-30 20:07:00.607 [http-nio-8080-exec-4] INFO  c.u.b.a.s.UsuarioSecurityService - Cargando usuario con cédula 1234567890
2025-11-30 20:07:00.613 [http-nio-8080-exec-4] INFO  c.u.b.a.s.UsuarioSecurityService - Usuario encontrado
2025-11-30 20:07:00.613 [http-nio-8080-exec-4] DEBUG o.s.security.web.FilterChainProxy - Secured GET /api/citas?page=0&size=10
2025-11-30 20:07:00.624 [http-nio-8080-exec-4] INFO  c.u.b.citas.service.CitaService - obtenerCitas()
2025-11-30 20:07:00.624 [http-nio-8080-exec-4] INFO  c.u.b.citas.service.CitaService - Obteniendo todas las Citas
2025-11-30 20:07:00.639 [http-nio-8080-exec-4] ERROR c.u.b.c.e.GlobalExceptionHandler - 404 NOT FOUND: Recurso no encontrado - No existen citas registradas
2025-11-30 20:07:00.641 [http-nio-8080-exec-4] DEBUG c.u.backend.common.config.LogFilter - Response Status=[404]
2025-11-30 20:07:00.645 [http-nio-8080-exec-8] DEBUG o.s.security.web.FilterChainProxy - Securing GET /api/citas?page=0&size=10
2025-11-30 20:07:00.647 [http-nio-8080-exec-8] DEBUG c.u.backend.common.config.LogFilter - ========== REQUEST DATA ==========
2025-11-30 20:07:00.648 [http-nio-8080-exec-8] DEBUG c.u.backend.common.config.LogFilter - Origin IP=[0:0:0:0:0:0:0:1]
2025-11-30 20:07:00.649 [http-nio-8080-exec-8] DEBUG c.u.backend.common.config.LogFilter - URI=[/api/citas]
2025-11-30 20:07:00.649 [http-nio-8080-exec-8] DEBUG c.u.backend.common.config.LogFilter - Method=[GET]
2025-11-30 20:07:00.651 [http-nio-8080-exec-8] DEBUG c.u.backend.common.config.LogFilter - Host Header=[localhost:8080]
2025-11-30 20:07:00.651 [http-nio-8080-exec-8] DEBUG c.u.backend.common.config.LogFilter - Server IP=[0:0:0:0:0:0:0:1]
2025-11-30 20:07:00.651 [http-nio-8080-exec-8] DEBUG c.u.backend.common.config.LogFilter - Content-Type=[null]
2025-11-30 20:07:00.651 [http-nio-8080-exec-8] DEBUG c.u.backend.common.config.LogFilter - User-Agent=[Mozilla/5.0 (Windows NT 10.0; Win64; x64) AppleWebKit/537.36 (KHTML, like Gecko) Chrome/142.0.0.0 Safari/537.36]
2025-11-30 20:07:00.654 [http-nio-8080-exec-8] INFO  c.u.b.a.s.UsuarioSecurityService - loadUserByUsername()
2025-11-30 20:07:00.656 [http-nio-8080-exec-8] INFO  c.u.b.a.s.UsuarioSecurityService - Cargando usuario con cédula 1234567890
2025-11-30 20:07:00.664 [http-nio-8080-exec-8] INFO  c.u.b.a.s.UsuarioSecurityService - Usuario encontrado
2025-11-30 20:07:00.664 [http-nio-8080-exec-8] DEBUG o.s.security.web.FilterChainProxy - Secured GET /api/citas?page=0&size=10
2025-11-30 20:07:00.664 [http-nio-8080-exec-8] INFO  c.u.b.citas.service.CitaService - obtenerCitas()
2025-11-30 20:07:00.664 [http-nio-8080-exec-8] INFO  c.u.b.citas.service.CitaService - Obteniendo todas las Citas
2025-11-30 20:07:00.664 [http-nio-8080-exec-8] ERROR c.u.b.c.e.GlobalExceptionHandler - 404 NOT FOUND: Recurso no encontrado - No existen citas registradas
2025-11-30 20:07:00.677 [http-nio-8080-exec-8] DEBUG c.u.backend.common.config.LogFilter - Response Status=[404]
2025-11-30 20:07:01.285 [http-nio-8080-exec-7] DEBUG o.s.security.web.FilterChainProxy - Securing GET /api/pacientes?page=0&size=5
2025-11-30 20:07:01.290 [http-nio-8080-exec-6] DEBUG o.s.security.web.FilterChainProxy - Securing GET /api/areas
2025-11-30 20:07:01.291 [http-nio-8080-exec-10] DEBUG o.s.security.web.FilterChainProxy - Securing GET /api/pacientes?page=0&size=10
2025-11-30 20:07:01.301 [http-nio-8080-exec-7] DEBUG c.u.backend.common.config.LogFilter - ========== REQUEST DATA ==========
2025-11-30 20:07:01.301 [http-nio-8080-exec-7] DEBUG c.u.backend.common.config.LogFilter - Origin IP=[0:0:0:0:0:0:0:1]
2025-11-30 20:07:01.301 [http-nio-8080-exec-7] DEBUG c.u.backend.common.config.LogFilter - URI=[/api/pacientes]
2025-11-30 20:07:01.301 [http-nio-8080-exec-10] DEBUG c.u.backend.common.config.LogFilter - ========== REQUEST DATA ==========
2025-11-30 20:07:01.301 [http-nio-8080-exec-7] DEBUG c.u.backend.common.config.LogFilter - Method=[GET]
2025-11-30 20:07:01.312 [http-nio-8080-exec-6] DEBUG c.u.backend.common.config.LogFilter - ========== REQUEST DATA ==========
2025-11-30 20:07:01.313 [http-nio-8080-exec-10] DEBUG c.u.backend.common.config.LogFilter - Origin IP=[0:0:0:0:0:0:0:1]
2025-11-30 20:07:01.313 [http-nio-8080-exec-7] DEBUG c.u.backend.common.config.LogFilter - Host Header=[localhost:8080]
2025-11-30 20:07:01.313 [http-nio-8080-exec-6] DEBUG c.u.backend.common.config.LogFilter - Origin IP=[0:0:0:0:0:0:0:1]
2025-11-30 20:07:01.315 [http-nio-8080-exec-10] DEBUG c.u.backend.common.config.LogFilter - URI=[/api/pacientes]
2025-11-30 20:07:01.315 [http-nio-8080-exec-7] DEBUG c.u.backend.common.config.LogFilter - Server IP=[0:0:0:0:0:0:0:1]
2025-11-30 20:07:01.315 [http-nio-8080-exec-6] DEBUG c.u.backend.common.config.LogFilter - URI=[/api/areas]
2025-11-30 20:07:01.315 [http-nio-8080-exec-10] DEBUG c.u.backend.common.config.LogFilter - Method=[GET]
2025-11-30 20:07:01.315 [http-nio-8080-exec-7] DEBUG c.u.backend.common.config.LogFilter - Content-Type=[null]
2025-11-30 20:07:01.317 [http-nio-8080-exec-6] DEBUG c.u.backend.common.config.LogFilter - Method=[GET]
2025-11-30 20:07:01.317 [http-nio-8080-exec-10] DEBUG c.u.backend.common.config.LogFilter - Host Header=[localhost:8080]
2025-11-30 20:07:01.317 [http-nio-8080-exec-7] DEBUG c.u.backend.common.config.LogFilter - User-Agent=[Mozilla/5.0 (Windows NT 10.0; Win64; x64) AppleWebKit/537.36 (KHTML, like Gecko) Chrome/142.0.0.0 Safari/537.36]
2025-11-30 20:07:01.317 [http-nio-8080-exec-6] DEBUG c.u.backend.common.config.LogFilter - Host Header=[localhost:8080]
2025-11-30 20:07:01.317 [http-nio-8080-exec-10] DEBUG c.u.backend.common.config.LogFilter - Server IP=[0:0:0:0:0:0:0:1]
2025-11-30 20:07:01.317 [http-nio-8080-exec-6] DEBUG c.u.backend.common.config.LogFilter - Server IP=[0:0:0:0:0:0:0:1]
2025-11-30 20:07:01.317 [http-nio-8080-exec-10] DEBUG c.u.backend.common.config.LogFilter - Content-Type=[null]
2025-11-30 20:07:01.317 [http-nio-8080-exec-6] DEBUG c.u.backend.common.config.LogFilter - Content-Type=[null]
2025-11-30 20:07:01.317 [http-nio-8080-exec-7] INFO  c.u.b.a.s.UsuarioSecurityService - loadUserByUsername()
2025-11-30 20:07:01.317 [http-nio-8080-exec-10] DEBUG c.u.backend.common.config.LogFilter - User-Agent=[Mozilla/5.0 (Windows NT 10.0; Win64; x64) AppleWebKit/537.36 (KHTML, like Gecko) Chrome/142.0.0.0 Safari/537.36]
2025-11-30 20:07:01.317 [http-nio-8080-exec-6] DEBUG c.u.backend.common.config.LogFilter - User-Agent=[Mozilla/5.0 (Windows NT 10.0; Win64; x64) AppleWebKit/537.36 (KHTML, like Gecko) Chrome/142.0.0.0 Safari/537.36]
2025-11-30 20:07:01.322 [http-nio-8080-exec-7] INFO  c.u.b.a.s.UsuarioSecurityService - Cargando usuario con cédula 1234567890
2025-11-30 20:07:01.322 [http-nio-8080-exec-10] INFO  c.u.b.a.s.UsuarioSecurityService - loadUserByUsername()
2025-11-30 20:07:01.322 [http-nio-8080-exec-6] INFO  c.u.b.a.s.UsuarioSecurityService - loadUserByUsername()
2025-11-30 20:07:01.322 [http-nio-8080-exec-10] INFO  c.u.b.a.s.UsuarioSecurityService - Cargando usuario con cédula 1234567890
2025-11-30 20:07:01.324 [http-nio-8080-exec-6] INFO  c.u.b.a.s.UsuarioSecurityService - Cargando usuario con cédula 1234567890
2025-11-30 20:07:01.337 [http-nio-8080-exec-6] INFO  c.u.b.a.s.UsuarioSecurityService - Usuario encontrado
2025-11-30 20:07:01.338 [http-nio-8080-exec-10] INFO  c.u.b.a.s.UsuarioSecurityService - Usuario encontrado
2025-11-30 20:07:01.339 [http-nio-8080-exec-6] DEBUG o.s.security.web.FilterChainProxy - Secured GET /api/areas
2025-11-30 20:07:01.340 [http-nio-8080-exec-7] INFO  c.u.b.a.s.UsuarioSecurityService - Usuario encontrado
2025-11-30 20:07:01.340 [http-nio-8080-exec-10] DEBUG o.s.security.web.FilterChainProxy - Secured GET /api/pacientes?page=0&size=10
2025-11-30 20:07:01.341 [http-nio-8080-exec-6] INFO  c.u.b.usuarios.service.AreaService - obtenerAreas()
2025-11-30 20:07:01.341 [http-nio-8080-exec-7] DEBUG o.s.security.web.FilterChainProxy - Secured GET /api/pacientes?page=0&size=5
2025-11-30 20:07:01.341 [http-nio-8080-exec-6] INFO  c.u.b.usuarios.service.AreaService - Obteniendo todas las areas activas
2025-11-30 20:07:01.341 [http-nio-8080-exec-10] INFO  c.u.b.citas.service.PacienteService - obtenerPacientes()
2025-11-30 20:07:01.343 [http-nio-8080-exec-10] INFO  c.u.b.citas.service.PacienteService - Obteniendo todos los pacientes
2025-11-30 20:07:01.343 [http-nio-8080-exec-7] INFO  c.u.b.citas.service.PacienteService - obtenerPacientes()
2025-11-30 20:07:01.344 [http-nio-8080-exec-7] INFO  c.u.b.citas.service.PacienteService - Obteniendo todos los pacientes
2025-11-30 20:07:01.346 [http-nio-8080-exec-6] INFO  c.u.b.usuarios.service.AreaService - 200 OK: Areas activas obtenidas correctamente
2025-11-30 20:07:01.349 [http-nio-8080-exec-6] DEBUG c.u.backend.common.config.LogFilter - Response Status=[200]
2025-11-30 20:07:01.358 [http-nio-8080-exec-10] INFO  c.u.b.citas.service.PacienteService - 200 OK: Pacientes obtenidos correctamente
2025-11-30 20:07:01.365 [http-nio-8080-exec-10] DEBUG c.u.backend.common.config.LogFilter - Response Status=[200]
2025-11-30 20:07:01.377 [http-nio-8080-exec-7] INFO  c.u.b.citas.service.PacienteService - 200 OK: Pacientes obtenidos correctamente
2025-11-30 20:07:01.381 [http-nio-8080-exec-7] DEBUG c.u.backend.common.config.LogFilter - Response Status=[200]
2025-11-30 20:14:29.841 [http-nio-8080-exec-3] DEBUG o.s.security.web.FilterChainProxy - Securing GET /api/areas
2025-11-30 20:14:29.841 [http-nio-8080-exec-5] DEBUG o.s.security.web.FilterChainProxy - Securing GET /api/pacientes?page=0&size=5
2025-11-30 20:14:29.843 [http-nio-8080-exec-3] DEBUG c.u.backend.common.config.LogFilter - ========== REQUEST DATA ==========
2025-11-30 20:14:29.843 [http-nio-8080-exec-5] DEBUG c.u.backend.common.config.LogFilter - ========== REQUEST DATA ==========
2025-11-30 20:14:29.843 [http-nio-8080-exec-3] DEBUG c.u.backend.common.config.LogFilter - Origin IP=[0:0:0:0:0:0:0:1]
2025-11-30 20:14:29.844 [http-nio-8080-exec-5] DEBUG c.u.backend.common.config.LogFilter - Origin IP=[0:0:0:0:0:0:0:1]
2025-11-30 20:14:29.844 [http-nio-8080-exec-3] DEBUG c.u.backend.common.config.LogFilter - URI=[/api/areas]
2025-11-30 20:14:29.845 [http-nio-8080-exec-5] DEBUG c.u.backend.common.config.LogFilter - URI=[/api/pacientes]
2025-11-30 20:14:29.845 [http-nio-8080-exec-3] DEBUG c.u.backend.common.config.LogFilter - Method=[GET]
2025-11-30 20:14:29.845 [http-nio-8080-exec-5] DEBUG c.u.backend.common.config.LogFilter - Method=[GET]
2025-11-30 20:14:29.845 [http-nio-8080-exec-3] DEBUG c.u.backend.common.config.LogFilter - Host Header=[localhost:8080]
2025-11-30 20:14:29.846 [http-nio-8080-exec-5] DEBUG c.u.backend.common.config.LogFilter - Host Header=[localhost:8080]
2025-11-30 20:14:29.846 [http-nio-8080-exec-3] DEBUG c.u.backend.common.config.LogFilter - Server IP=[0:0:0:0:0:0:0:1]
2025-11-30 20:14:29.846 [http-nio-8080-exec-5] DEBUG c.u.backend.common.config.LogFilter - Server IP=[0:0:0:0:0:0:0:1]
2025-11-30 20:14:29.847 [http-nio-8080-exec-3] DEBUG c.u.backend.common.config.LogFilter - Content-Type=[null]
2025-11-30 20:14:29.847 [http-nio-8080-exec-5] DEBUG c.u.backend.common.config.LogFilter - Content-Type=[null]
2025-11-30 20:14:29.847 [http-nio-8080-exec-3] DEBUG c.u.backend.common.config.LogFilter - User-Agent=[Mozilla/5.0 (Windows NT 10.0; Win64; x64) AppleWebKit/537.36 (KHTML, like Gecko) Chrome/142.0.0.0 Safari/537.36]
2025-11-30 20:14:29.847 [http-nio-8080-exec-5] DEBUG c.u.backend.common.config.LogFilter - User-Agent=[Mozilla/5.0 (Windows NT 10.0; Win64; x64) AppleWebKit/537.36 (KHTML, like Gecko) Chrome/142.0.0.0 Safari/537.36]
2025-11-30 20:14:29.848 [http-nio-8080-exec-3] INFO  c.u.b.a.s.UsuarioSecurityService - loadUserByUsername()
2025-11-30 20:14:29.848 [http-nio-8080-exec-5] INFO  c.u.b.a.s.UsuarioSecurityService - loadUserByUsername()
2025-11-30 20:14:29.849 [http-nio-8080-exec-3] INFO  c.u.b.a.s.UsuarioSecurityService - Cargando usuario con cédula 1234567890
2025-11-30 20:14:29.849 [http-nio-8080-exec-5] INFO  c.u.b.a.s.UsuarioSecurityService - Cargando usuario con cédula 1234567890
2025-11-30 20:14:29.860 [http-nio-8080-exec-3] INFO  c.u.b.a.s.UsuarioSecurityService - Usuario encontrado
2025-11-30 20:14:29.860 [http-nio-8080-exec-5] INFO  c.u.b.a.s.UsuarioSecurityService - Usuario encontrado
2025-11-30 20:14:29.861 [http-nio-8080-exec-3] DEBUG o.s.security.web.FilterChainProxy - Secured GET /api/areas
2025-11-30 20:14:29.861 [http-nio-8080-exec-5] DEBUG o.s.security.web.FilterChainProxy - Secured GET /api/pacientes?page=0&size=5
2025-11-30 20:14:29.863 [http-nio-8080-exec-5] INFO  c.u.b.citas.service.PacienteService - obtenerPacientes()
2025-11-30 20:14:29.863 [http-nio-8080-exec-3] INFO  c.u.b.usuarios.service.AreaService - obtenerAreas()
2025-11-30 20:14:29.864 [http-nio-8080-exec-5] INFO  c.u.b.citas.service.PacienteService - Obteniendo todos los pacientes
2025-11-30 20:14:29.864 [http-nio-8080-exec-3] INFO  c.u.b.usuarios.service.AreaService - Obteniendo todas las areas activas
2025-11-30 20:14:29.868 [http-nio-8080-exec-3] INFO  c.u.b.usuarios.service.AreaService - 200 OK: Areas activas obtenidas correctamente
2025-11-30 20:14:29.870 [http-nio-8080-exec-3] DEBUG c.u.backend.common.config.LogFilter - Response Status=[200]
2025-11-30 20:14:29.874 [http-nio-8080-exec-4] DEBUG o.s.security.web.FilterChainProxy - Securing GET /api/pacientes?page=0&size=10
2025-11-30 20:14:29.876 [http-nio-8080-exec-4] DEBUG c.u.backend.common.config.LogFilter - ========== REQUEST DATA ==========
2025-11-30 20:14:29.876 [http-nio-8080-exec-4] DEBUG c.u.backend.common.config.LogFilter - Origin IP=[0:0:0:0:0:0:0:1]
2025-11-30 20:14:29.877 [http-nio-8080-exec-4] DEBUG c.u.backend.common.config.LogFilter - URI=[/api/pacientes]
2025-11-30 20:14:29.878 [http-nio-8080-exec-4] DEBUG c.u.backend.common.config.LogFilter - Method=[GET]
2025-11-30 20:14:29.878 [http-nio-8080-exec-5] INFO  c.u.b.citas.service.PacienteService - 200 OK: Pacientes obtenidos correctamente
2025-11-30 20:14:29.878 [http-nio-8080-exec-4] DEBUG c.u.backend.common.config.LogFilter - Host Header=[localhost:8080]
2025-11-30 20:14:29.879 [http-nio-8080-exec-4] DEBUG c.u.backend.common.config.LogFilter - Server IP=[0:0:0:0:0:0:0:1]
2025-11-30 20:14:29.880 [http-nio-8080-exec-4] DEBUG c.u.backend.common.config.LogFilter - Content-Type=[null]
2025-11-30 20:14:29.880 [http-nio-8080-exec-4] DEBUG c.u.backend.common.config.LogFilter - User-Agent=[Mozilla/5.0 (Windows NT 10.0; Win64; x64) AppleWebKit/537.36 (KHTML, like Gecko) Chrome/142.0.0.0 Safari/537.36]
2025-11-30 20:14:29.882 [http-nio-8080-exec-4] INFO  c.u.b.a.s.UsuarioSecurityService - loadUserByUsername()
2025-11-30 20:14:29.882 [http-nio-8080-exec-4] INFO  c.u.b.a.s.UsuarioSecurityService - Cargando usuario con cédula 1234567890
2025-11-30 20:14:29.894 [http-nio-8080-exec-4] INFO  c.u.b.a.s.UsuarioSecurityService - Usuario encontrado
2025-11-30 20:14:29.895 [http-nio-8080-exec-4] DEBUG o.s.security.web.FilterChainProxy - Secured GET /api/pacientes?page=0&size=10
2025-11-30 20:14:29.898 [http-nio-8080-exec-4] INFO  c.u.b.citas.service.PacienteService - obtenerPacientes()
2025-11-30 20:14:29.897 [http-nio-8080-exec-5] DEBUG c.u.backend.common.config.LogFilter - Response Status=[200]
2025-11-30 20:14:29.898 [http-nio-8080-exec-4] INFO  c.u.b.citas.service.PacienteService - Obteniendo todos los pacientes
2025-11-30 20:14:29.915 [http-nio-8080-exec-4] INFO  c.u.b.citas.service.PacienteService - 200 OK: Pacientes obtenidos correctamente
2025-11-30 20:14:29.918 [http-nio-8080-exec-4] DEBUG c.u.backend.common.config.LogFilter - Response Status=[200]
2025-11-30 20:16:08.544 [http-nio-8080-exec-7] DEBUG o.s.security.web.FilterChainProxy - Securing GET /api/citas?page=0&size=10
2025-11-30 20:16:08.546 [http-nio-8080-exec-7] DEBUG c.u.backend.common.config.LogFilter - ========== REQUEST DATA ==========
2025-11-30 20:16:08.547 [http-nio-8080-exec-7] DEBUG c.u.backend.common.config.LogFilter - Origin IP=[0:0:0:0:0:0:0:1]
2025-11-30 20:16:08.547 [http-nio-8080-exec-7] DEBUG c.u.backend.common.config.LogFilter - URI=[/api/citas]
2025-11-30 20:16:08.548 [http-nio-8080-exec-7] DEBUG c.u.backend.common.config.LogFilter - Method=[GET]
2025-11-30 20:16:08.549 [http-nio-8080-exec-7] DEBUG c.u.backend.common.config.LogFilter - Host Header=[localhost:8080]
2025-11-30 20:16:08.549 [http-nio-8080-exec-7] DEBUG c.u.backend.common.config.LogFilter - Server IP=[0:0:0:0:0:0:0:1]
2025-11-30 20:16:08.550 [http-nio-8080-exec-7] DEBUG c.u.backend.common.config.LogFilter - Content-Type=[null]
2025-11-30 20:16:08.551 [http-nio-8080-exec-7] DEBUG c.u.backend.common.config.LogFilter - User-Agent=[Mozilla/5.0 (Windows NT 10.0; Win64; x64) AppleWebKit/537.36 (KHTML, like Gecko) Chrome/142.0.0.0 Safari/537.36]
2025-11-30 20:16:08.554 [http-nio-8080-exec-7] INFO  c.u.b.a.s.UsuarioSecurityService - loadUserByUsername()
2025-11-30 20:16:08.556 [http-nio-8080-exec-7] INFO  c.u.b.a.s.UsuarioSecurityService - Cargando usuario con cédula 1234567890
2025-11-30 20:16:08.568 [http-nio-8080-exec-7] INFO  c.u.b.a.s.UsuarioSecurityService - Usuario encontrado
2025-11-30 20:16:08.569 [http-nio-8080-exec-7] DEBUG o.s.security.web.FilterChainProxy - Secured GET /api/citas?page=0&size=10
2025-11-30 20:16:08.572 [http-nio-8080-exec-7] INFO  c.u.b.citas.service.CitaService - obtenerCitas()
2025-11-30 20:16:08.572 [http-nio-8080-exec-7] INFO  c.u.b.citas.service.CitaService - Obteniendo todas las Citas
2025-11-30 20:16:08.579 [http-nio-8080-exec-7] ERROR c.u.b.c.e.GlobalExceptionHandler - 404 NOT FOUND: Recurso no encontrado - No existen citas registradas
2025-11-30 20:16:08.581 [http-nio-8080-exec-7] DEBUG c.u.backend.common.config.LogFilter - Response Status=[404]
2025-11-30 20:16:08.583 [http-nio-8080-exec-2] DEBUG o.s.security.web.FilterChainProxy - Securing GET /api/citas?page=0&size=10
2025-11-30 20:16:08.585 [http-nio-8080-exec-2] DEBUG c.u.backend.common.config.LogFilter - ========== REQUEST DATA ==========
2025-11-30 20:16:08.586 [http-nio-8080-exec-2] DEBUG c.u.backend.common.config.LogFilter - Origin IP=[0:0:0:0:0:0:0:1]
2025-11-30 20:16:08.586 [http-nio-8080-exec-2] DEBUG c.u.backend.common.config.LogFilter - URI=[/api/citas]
2025-11-30 20:16:08.587 [http-nio-8080-exec-2] DEBUG c.u.backend.common.config.LogFilter - Method=[GET]
2025-11-30 20:16:08.587 [http-nio-8080-exec-2] DEBUG c.u.backend.common.config.LogFilter - Host Header=[localhost:8080]
2025-11-30 20:16:08.588 [http-nio-8080-exec-2] DEBUG c.u.backend.common.config.LogFilter - Server IP=[0:0:0:0:0:0:0:1]
2025-11-30 20:16:08.588 [http-nio-8080-exec-2] DEBUG c.u.backend.common.config.LogFilter - Content-Type=[null]
2025-11-30 20:16:08.589 [http-nio-8080-exec-2] DEBUG c.u.backend.common.config.LogFilter - User-Agent=[Mozilla/5.0 (Windows NT 10.0; Win64; x64) AppleWebKit/537.36 (KHTML, like Gecko) Chrome/142.0.0.0 Safari/537.36]
2025-11-30 20:16:08.590 [http-nio-8080-exec-2] INFO  c.u.b.a.s.UsuarioSecurityService - loadUserByUsername()
2025-11-30 20:16:08.591 [http-nio-8080-exec-2] INFO  c.u.b.a.s.UsuarioSecurityService - Cargando usuario con cédula 1234567890
2025-11-30 20:16:08.603 [http-nio-8080-exec-2] INFO  c.u.b.a.s.UsuarioSecurityService - Usuario encontrado
2025-11-30 20:16:08.605 [http-nio-8080-exec-2] DEBUG o.s.security.web.FilterChainProxy - Secured GET /api/citas?page=0&size=10
2025-11-30 20:16:08.608 [http-nio-8080-exec-2] INFO  c.u.b.citas.service.CitaService - obtenerCitas()
2025-11-30 20:16:08.608 [http-nio-8080-exec-2] INFO  c.u.b.citas.service.CitaService - Obteniendo todas las Citas
2025-11-30 20:16:08.617 [http-nio-8080-exec-2] ERROR c.u.b.c.e.GlobalExceptionHandler - 404 NOT FOUND: Recurso no encontrado - No existen citas registradas
2025-11-30 20:16:08.619 [http-nio-8080-exec-2] DEBUG c.u.backend.common.config.LogFilter - Response Status=[404]
2025-11-30 20:16:10.662 [http-nio-8080-exec-1] DEBUG o.s.security.web.FilterChainProxy - Securing GET /api/profesionales?page=0&size=10
2025-11-30 20:16:10.663 [http-nio-8080-exec-9] DEBUG o.s.security.web.FilterChainProxy - Securing GET /api/areas
2025-11-30 20:16:10.664 [http-nio-8080-exec-1] DEBUG c.u.backend.common.config.LogFilter - ========== REQUEST DATA ==========
2025-11-30 20:16:10.665 [http-nio-8080-exec-9] DEBUG c.u.backend.common.config.LogFilter - ========== REQUEST DATA ==========
2025-11-30 20:16:10.665 [http-nio-8080-exec-1] DEBUG c.u.backend.common.config.LogFilter - Origin IP=[0:0:0:0:0:0:0:1]
2025-11-30 20:16:10.667 [http-nio-8080-exec-9] DEBUG c.u.backend.common.config.LogFilter - Origin IP=[0:0:0:0:0:0:0:1]
2025-11-30 20:16:10.667 [http-nio-8080-exec-1] DEBUG c.u.backend.common.config.LogFilter - URI=[/api/profesionales]
2025-11-30 20:16:10.667 [http-nio-8080-exec-9] DEBUG c.u.backend.common.config.LogFilter - URI=[/api/areas]
2025-11-30 20:16:10.668 [http-nio-8080-exec-1] DEBUG c.u.backend.common.config.LogFilter - Method=[GET]
2025-11-30 20:16:10.669 [http-nio-8080-exec-9] DEBUG c.u.backend.common.config.LogFilter - Method=[GET]
2025-11-30 20:16:10.669 [http-nio-8080-exec-1] DEBUG c.u.backend.common.config.LogFilter - Host Header=[localhost:8080]
2025-11-30 20:16:10.670 [http-nio-8080-exec-9] DEBUG c.u.backend.common.config.LogFilter - Host Header=[localhost:8080]
2025-11-30 20:16:10.670 [http-nio-8080-exec-1] DEBUG c.u.backend.common.config.LogFilter - Server IP=[0:0:0:0:0:0:0:1]
2025-11-30 20:16:10.671 [http-nio-8080-exec-9] DEBUG c.u.backend.common.config.LogFilter - Server IP=[0:0:0:0:0:0:0:1]
2025-11-30 20:16:10.671 [http-nio-8080-exec-1] DEBUG c.u.backend.common.config.LogFilter - Content-Type=[null]
2025-11-30 20:16:10.671 [http-nio-8080-exec-9] DEBUG c.u.backend.common.config.LogFilter - Content-Type=[null]
2025-11-30 20:16:10.672 [http-nio-8080-exec-1] DEBUG c.u.backend.common.config.LogFilter - User-Agent=[Mozilla/5.0 (Windows NT 10.0; Win64; x64) AppleWebKit/537.36 (KHTML, like Gecko) Chrome/142.0.0.0 Safari/537.36]
2025-11-30 20:16:10.673 [http-nio-8080-exec-9] DEBUG c.u.backend.common.config.LogFilter - User-Agent=[Mozilla/5.0 (Windows NT 10.0; Win64; x64) AppleWebKit/537.36 (KHTML, like Gecko) Chrome/142.0.0.0 Safari/537.36]
2025-11-30 20:16:10.674 [http-nio-8080-exec-1] INFO  c.u.b.a.s.UsuarioSecurityService - loadUserByUsername()
2025-11-30 20:16:10.675 [http-nio-8080-exec-9] INFO  c.u.b.a.s.UsuarioSecurityService - loadUserByUsername()
2025-11-30 20:16:10.675 [http-nio-8080-exec-1] INFO  c.u.b.a.s.UsuarioSecurityService - Cargando usuario con cédula 1234567890
2025-11-30 20:16:10.675 [http-nio-8080-exec-9] INFO  c.u.b.a.s.UsuarioSecurityService - Cargando usuario con cédula 1234567890
2025-11-30 20:16:10.684 [http-nio-8080-exec-1] INFO  c.u.b.a.s.UsuarioSecurityService - Usuario encontrado
2025-11-30 20:16:10.685 [http-nio-8080-exec-9] INFO  c.u.b.a.s.UsuarioSecurityService - Usuario encontrado
2025-11-30 20:16:10.686 [http-nio-8080-exec-1] DEBUG o.s.security.web.FilterChainProxy - Secured GET /api/profesionales?page=0&size=10
2025-11-30 20:16:10.686 [http-nio-8080-exec-9] DEBUG o.s.security.web.FilterChainProxy - Secured GET /api/areas
2025-11-30 20:16:10.687 [http-nio-8080-exec-1] INFO  c.u.b.u.service.ProfesionalService - obtenerProfesionales()
2025-11-30 20:16:10.688 [http-nio-8080-exec-9] INFO  c.u.b.usuarios.service.AreaService - obtenerAreas()
2025-11-30 20:16:10.688 [http-nio-8080-exec-1] INFO  c.u.b.u.service.ProfesionalService - Obteniendo profesionales activos
2025-11-30 20:16:10.688 [http-nio-8080-exec-9] INFO  c.u.b.usuarios.service.AreaService - Obteniendo todas las areas activas
2025-11-30 20:16:10.693 [http-nio-8080-exec-9] INFO  c.u.b.usuarios.service.AreaService - 200 OK: Areas activas obtenidas correctamente
2025-11-30 20:16:10.695 [http-nio-8080-exec-1] INFO  c.u.b.u.service.ProfesionalService - 200 OK: Profesionales activos obtenidos correctamente
2025-11-30 20:16:10.698 [http-nio-8080-exec-1] DEBUG c.u.backend.common.config.LogFilter - Response Status=[200]
2025-11-30 20:16:10.695 [http-nio-8080-exec-9] DEBUG c.u.backend.common.config.LogFilter - Response Status=[200]
2025-11-30 20:17:50.587 [http-nio-8080-exec-4] DEBUG o.s.security.web.FilterChainProxy - Securing GET /api/profesionales?page=0&size=10
2025-11-30 20:17:50.587 [http-nio-8080-exec-8] DEBUG o.s.security.web.FilterChainProxy - Securing GET /api/areas
2025-11-30 20:17:50.589 [http-nio-8080-exec-8] DEBUG c.u.backend.common.config.LogFilter - ========== REQUEST DATA ==========
2025-11-30 20:17:50.589 [http-nio-8080-exec-4] DEBUG c.u.backend.common.config.LogFilter - ========== REQUEST DATA ==========
2025-11-30 20:17:50.590 [http-nio-8080-exec-8] DEBUG c.u.backend.common.config.LogFilter - Origin IP=[0:0:0:0:0:0:0:1]
2025-11-30 20:17:50.590 [http-nio-8080-exec-4] DEBUG c.u.backend.common.config.LogFilter - Origin IP=[0:0:0:0:0:0:0:1]
2025-11-30 20:17:50.591 [http-nio-8080-exec-8] DEBUG c.u.backend.common.config.LogFilter - URI=[/api/areas]
2025-11-30 20:17:50.592 [http-nio-8080-exec-4] DEBUG c.u.backend.common.config.LogFilter - URI=[/api/profesionales]
2025-11-30 20:17:50.592 [http-nio-8080-exec-8] DEBUG c.u.backend.common.config.LogFilter - Method=[GET]
2025-11-30 20:17:50.593 [http-nio-8080-exec-4] DEBUG c.u.backend.common.config.LogFilter - Method=[GET]
2025-11-30 20:17:50.593 [http-nio-8080-exec-8] DEBUG c.u.backend.common.config.LogFilter - Host Header=[localhost:8080]
2025-11-30 20:17:50.593 [http-nio-8080-exec-4] DEBUG c.u.backend.common.config.LogFilter - Host Header=[localhost:8080]
2025-11-30 20:17:50.594 [http-nio-8080-exec-8] DEBUG c.u.backend.common.config.LogFilter - Server IP=[0:0:0:0:0:0:0:1]
2025-11-30 20:17:50.595 [http-nio-8080-exec-4] DEBUG c.u.backend.common.config.LogFilter - Server IP=[0:0:0:0:0:0:0:1]
2025-11-30 20:17:50.595 [http-nio-8080-exec-8] DEBUG c.u.backend.common.config.LogFilter - Content-Type=[null]
2025-11-30 20:17:50.595 [http-nio-8080-exec-4] DEBUG c.u.backend.common.config.LogFilter - Content-Type=[null]
2025-11-30 20:17:50.596 [http-nio-8080-exec-8] DEBUG c.u.backend.common.config.LogFilter - User-Agent=[Mozilla/5.0 (Windows NT 10.0; Win64; x64) AppleWebKit/537.36 (KHTML, like Gecko) Chrome/142.0.0.0 Safari/537.36]
2025-11-30 20:17:50.596 [http-nio-8080-exec-4] DEBUG c.u.backend.common.config.LogFilter - User-Agent=[Mozilla/5.0 (Windows NT 10.0; Win64; x64) AppleWebKit/537.36 (KHTML, like Gecko) Chrome/142.0.0.0 Safari/537.36]
2025-11-30 20:17:50.597 [http-nio-8080-exec-4] INFO  c.u.b.a.s.UsuarioSecurityService - loadUserByUsername()
2025-11-30 20:17:50.597 [http-nio-8080-exec-8] INFO  c.u.b.a.s.UsuarioSecurityService - loadUserByUsername()
2025-11-30 20:17:50.599 [http-nio-8080-exec-4] INFO  c.u.b.a.s.UsuarioSecurityService - Cargando usuario con cédula 1234567890
2025-11-30 20:17:50.599 [http-nio-8080-exec-8] INFO  c.u.b.a.s.UsuarioSecurityService - Cargando usuario con cédula 1234567890
2025-11-30 20:17:50.613 [http-nio-8080-exec-8] INFO  c.u.b.a.s.UsuarioSecurityService - Usuario encontrado
2025-11-30 20:17:50.613 [http-nio-8080-exec-4] INFO  c.u.b.a.s.UsuarioSecurityService - Usuario encontrado
2025-11-30 20:17:50.615 [http-nio-8080-exec-4] DEBUG o.s.security.web.FilterChainProxy - Secured GET /api/profesionales?page=0&size=10
2025-11-30 20:17:50.615 [http-nio-8080-exec-8] DEBUG o.s.security.web.FilterChainProxy - Secured GET /api/areas
2025-11-30 20:17:50.616 [http-nio-8080-exec-8] INFO  c.u.b.usuarios.service.AreaService - obtenerAreas()
2025-11-30 20:17:50.617 [http-nio-8080-exec-4] INFO  c.u.b.u.service.ProfesionalService - obtenerProfesionales()
2025-11-30 20:17:50.617 [http-nio-8080-exec-8] INFO  c.u.b.usuarios.service.AreaService - Obteniendo todas las areas activas
2025-11-30 20:17:50.617 [http-nio-8080-exec-4] INFO  c.u.b.u.service.ProfesionalService - Obteniendo profesionales activos
2025-11-30 20:17:50.623 [http-nio-8080-exec-8] INFO  c.u.b.usuarios.service.AreaService - 200 OK: Areas activas obtenidas correctamente
2025-11-30 20:17:50.624 [http-nio-8080-exec-4] INFO  c.u.b.u.service.ProfesionalService - 200 OK: Profesionales activos obtenidos correctamente
2025-11-30 20:17:50.627 [http-nio-8080-exec-4] DEBUG c.u.backend.common.config.LogFilter - Response Status=[200]
2025-11-30 20:17:50.628 [http-nio-8080-exec-8] DEBUG c.u.backend.common.config.LogFilter - Response Status=[200]
2025-11-30 20:18:01.737 [http-nio-8080-exec-6] DEBUG o.s.security.web.FilterChainProxy - Securing GET /api/pasantes?page=0&size=5
2025-11-30 20:18:01.739 [http-nio-8080-exec-10] DEBUG o.s.security.web.FilterChainProxy - Securing GET /api/areas
2025-11-30 20:18:01.741 [http-nio-8080-exec-7] DEBUG o.s.security.web.FilterChainProxy - Securing GET /api/pasantes?page=0&size=10
2025-11-30 20:18:01.742 [http-nio-8080-exec-6] DEBUG c.u.backend.common.config.LogFilter - ========== REQUEST DATA ==========
2025-11-30 20:18:01.745 [http-nio-8080-exec-10] DEBUG c.u.backend.common.config.LogFilter - ========== REQUEST DATA ==========
2025-11-30 20:18:01.746 [http-nio-8080-exec-6] DEBUG c.u.backend.common.config.LogFilter - Origin IP=[0:0:0:0:0:0:0:1]
2025-11-30 20:18:01.747 [http-nio-8080-exec-10] DEBUG c.u.backend.common.config.LogFilter - Origin IP=[0:0:0:0:0:0:0:1]
2025-11-30 20:18:01.748 [http-nio-8080-exec-7] DEBUG c.u.backend.common.config.LogFilter - ========== REQUEST DATA ==========
2025-11-30 20:18:01.749 [http-nio-8080-exec-10] DEBUG c.u.backend.common.config.LogFilter - URI=[/api/areas]
2025-11-30 20:18:01.748 [http-nio-8080-exec-6] DEBUG c.u.backend.common.config.LogFilter - URI=[/api/pasantes]
2025-11-30 20:18:01.750 [http-nio-8080-exec-7] DEBUG c.u.backend.common.config.LogFilter - Origin IP=[0:0:0:0:0:0:0:1]
2025-11-30 20:18:01.750 [http-nio-8080-exec-10] DEBUG c.u.backend.common.config.LogFilter - Method=[GET]
2025-11-30 20:18:01.750 [http-nio-8080-exec-6] DEBUG c.u.backend.common.config.LogFilter - Method=[GET]
2025-11-30 20:18:01.751 [http-nio-8080-exec-7] DEBUG c.u.backend.common.config.LogFilter - URI=[/api/pasantes]
2025-11-30 20:18:01.751 [http-nio-8080-exec-10] DEBUG c.u.backend.common.config.LogFilter - Host Header=[localhost:8080]
2025-11-30 20:18:01.752 [http-nio-8080-exec-6] DEBUG c.u.backend.common.config.LogFilter - Host Header=[localhost:8080]
2025-11-30 20:18:01.752 [http-nio-8080-exec-7] DEBUG c.u.backend.common.config.LogFilter - Method=[GET]
2025-11-30 20:18:01.752 [http-nio-8080-exec-10] DEBUG c.u.backend.common.config.LogFilter - Server IP=[0:0:0:0:0:0:0:1]
2025-11-30 20:18:01.754 [http-nio-8080-exec-6] DEBUG c.u.backend.common.config.LogFilter - Server IP=[0:0:0:0:0:0:0:1]
2025-11-30 20:18:01.754 [http-nio-8080-exec-7] DEBUG c.u.backend.common.config.LogFilter - Host Header=[localhost:8080]
2025-11-30 20:18:01.755 [http-nio-8080-exec-10] DEBUG c.u.backend.common.config.LogFilter - Content-Type=[null]
2025-11-30 20:18:01.755 [http-nio-8080-exec-6] DEBUG c.u.backend.common.config.LogFilter - Content-Type=[null]
2025-11-30 20:18:01.755 [http-nio-8080-exec-7] DEBUG c.u.backend.common.config.LogFilter - Server IP=[0:0:0:0:0:0:0:1]
2025-11-30 20:18:01.756 [http-nio-8080-exec-10] DEBUG c.u.backend.common.config.LogFilter - User-Agent=[Mozilla/5.0 (Windows NT 10.0; Win64; x64) AppleWebKit/537.36 (KHTML, like Gecko) Chrome/142.0.0.0 Safari/537.36]
2025-11-30 20:18:01.756 [http-nio-8080-exec-6] DEBUG c.u.backend.common.config.LogFilter - User-Agent=[Mozilla/5.0 (Windows NT 10.0; Win64; x64) AppleWebKit/537.36 (KHTML, like Gecko) Chrome/142.0.0.0 Safari/537.36]
2025-11-30 20:18:01.756 [http-nio-8080-exec-7] DEBUG c.u.backend.common.config.LogFilter - Content-Type=[null]
2025-11-30 20:18:01.757 [http-nio-8080-exec-7] DEBUG c.u.backend.common.config.LogFilter - User-Agent=[Mozilla/5.0 (Windows NT 10.0; Win64; x64) AppleWebKit/537.36 (KHTML, like Gecko) Chrome/142.0.0.0 Safari/537.36]
2025-11-30 20:18:01.758 [http-nio-8080-exec-10] INFO  c.u.b.a.s.UsuarioSecurityService - loadUserByUsername()
2025-11-30 20:18:01.759 [http-nio-8080-exec-10] INFO  c.u.b.a.s.UsuarioSecurityService - Cargando usuario con cédula 1234567890
2025-11-30 20:18:01.758 [http-nio-8080-exec-6] INFO  c.u.b.a.s.UsuarioSecurityService - loadUserByUsername()
2025-11-30 20:18:01.760 [http-nio-8080-exec-7] INFO  c.u.b.a.s.UsuarioSecurityService - loadUserByUsername()
2025-11-30 20:18:01.761 [http-nio-8080-exec-7] INFO  c.u.b.a.s.UsuarioSecurityService - Cargando usuario con cédula 1234567890
2025-11-30 20:18:01.761 [http-nio-8080-exec-6] INFO  c.u.b.a.s.UsuarioSecurityService - Cargando usuario con cédula 1234567890
2025-11-30 20:18:01.770 [http-nio-8080-exec-10] INFO  c.u.b.a.s.UsuarioSecurityService - Usuario encontrado
2025-11-30 20:18:01.772 [http-nio-8080-exec-10] DEBUG o.s.security.web.FilterChainProxy - Secured GET /api/areas
2025-11-30 20:18:01.772 [http-nio-8080-exec-7] INFO  c.u.b.a.s.UsuarioSecurityService - Usuario encontrado
2025-11-30 20:18:01.773 [http-nio-8080-exec-10] INFO  c.u.b.usuarios.service.AreaService - obtenerAreas()
2025-11-30 20:18:01.774 [http-nio-8080-exec-7] DEBUG o.s.security.web.FilterChainProxy - Secured GET /api/pasantes?page=0&size=10
2025-11-30 20:18:01.774 [http-nio-8080-exec-10] INFO  c.u.b.usuarios.service.AreaService - Obteniendo todas las areas activas
2025-11-30 20:18:01.774 [http-nio-8080-exec-6] INFO  c.u.b.a.s.UsuarioSecurityService - Usuario encontrado
2025-11-30 20:18:01.776 [http-nio-8080-exec-7] INFO  c.u.b.u.service.PasanteService - obtenerPasantes()
2025-11-30 20:18:01.777 [http-nio-8080-exec-7] INFO  c.u.b.u.service.PasanteService - Obteniendo pasantes activos
2025-11-30 20:18:01.777 [http-nio-8080-exec-6] DEBUG o.s.security.web.FilterChainProxy - Secured GET /api/pasantes?page=0&size=5
2025-11-30 20:18:01.780 [http-nio-8080-exec-6] INFO  c.u.b.u.service.PasanteService - obtenerPasantes()
2025-11-30 20:18:01.780 [http-nio-8080-exec-6] INFO  c.u.b.u.service.PasanteService - Obteniendo pasantes activos
2025-11-30 20:18:01.781 [http-nio-8080-exec-7] INFO  c.u.b.u.service.PasanteService - 200 OK: Pasantes activos obtenidos correctamente
2025-11-30 20:18:01.781 [http-nio-8080-exec-10] INFO  c.u.b.usuarios.service.AreaService - 200 OK: Areas activas obtenidas correctamente
2025-11-30 20:18:01.785 [http-nio-8080-exec-10] DEBUG c.u.backend.common.config.LogFilter - Response Status=[200]
2025-11-30 20:18:01.785 [http-nio-8080-exec-7] DEBUG c.u.backend.common.config.LogFilter - Response Status=[200]
2025-11-30 20:18:01.787 [http-nio-8080-exec-6] INFO  c.u.b.u.service.PasanteService - 200 OK: Pasantes activos obtenidos correctamente
2025-11-30 20:18:01.789 [http-nio-8080-exec-6] DEBUG c.u.backend.common.config.LogFilter - Response Status=[200]
2025-11-30 20:18:08.921 [http-nio-8080-exec-1] DEBUG o.s.security.web.FilterChainProxy - Securing GET /api/areas
2025-11-30 20:18:08.921 [http-nio-8080-exec-2] DEBUG o.s.security.web.FilterChainProxy - Securing GET /api/coordinadores?page=0&size=10
2025-11-30 20:18:08.929 [http-nio-8080-exec-1] DEBUG c.u.backend.common.config.LogFilter - ========== REQUEST DATA ==========
2025-11-30 20:18:08.930 [http-nio-8080-exec-2] DEBUG c.u.backend.common.config.LogFilter - ========== REQUEST DATA ==========
2025-11-30 20:18:08.931 [http-nio-8080-exec-2] DEBUG c.u.backend.common.config.LogFilter - Origin IP=[0:0:0:0:0:0:0:1]
2025-11-30 20:18:08.931 [http-nio-8080-exec-1] DEBUG c.u.backend.common.config.LogFilter - Origin IP=[0:0:0:0:0:0:0:1]
2025-11-30 20:18:08.932 [http-nio-8080-exec-2] DEBUG c.u.backend.common.config.LogFilter - URI=[/api/coordinadores]
2025-11-30 20:18:08.932 [http-nio-8080-exec-1] DEBUG c.u.backend.common.config.LogFilter - URI=[/api/areas]
2025-11-30 20:18:08.933 [http-nio-8080-exec-2] DEBUG c.u.backend.common.config.LogFilter - Method=[GET]
2025-11-30 20:18:08.933 [http-nio-8080-exec-1] DEBUG c.u.backend.common.config.LogFilter - Method=[GET]
2025-11-30 20:18:08.934 [http-nio-8080-exec-2] DEBUG c.u.backend.common.config.LogFilter - Host Header=[localhost:8080]
2025-11-30 20:18:08.934 [http-nio-8080-exec-1] DEBUG c.u.backend.common.config.LogFilter - Host Header=[localhost:8080]
2025-11-30 20:18:08.934 [http-nio-8080-exec-2] DEBUG c.u.backend.common.config.LogFilter - Server IP=[0:0:0:0:0:0:0:1]
2025-11-30 20:18:08.935 [http-nio-8080-exec-1] DEBUG c.u.backend.common.config.LogFilter - Server IP=[0:0:0:0:0:0:0:1]
2025-11-30 20:18:08.935 [http-nio-8080-exec-2] DEBUG c.u.backend.common.config.LogFilter - Content-Type=[null]
2025-11-30 20:18:08.935 [http-nio-8080-exec-1] DEBUG c.u.backend.common.config.LogFilter - Content-Type=[null]
2025-11-30 20:18:08.936 [http-nio-8080-exec-2] DEBUG c.u.backend.common.config.LogFilter - User-Agent=[Mozilla/5.0 (Windows NT 10.0; Win64; x64) AppleWebKit/537.36 (KHTML, like Gecko) Chrome/142.0.0.0 Safari/537.36]
2025-11-30 20:18:08.936 [http-nio-8080-exec-1] DEBUG c.u.backend.common.config.LogFilter - User-Agent=[Mozilla/5.0 (Windows NT 10.0; Win64; x64) AppleWebKit/537.36 (KHTML, like Gecko) Chrome/142.0.0.0 Safari/537.36]
2025-11-30 20:18:08.938 [http-nio-8080-exec-1] INFO  c.u.b.a.s.UsuarioSecurityService - loadUserByUsername()
2025-11-30 20:18:08.938 [http-nio-8080-exec-2] INFO  c.u.b.a.s.UsuarioSecurityService - loadUserByUsername()
2025-11-30 20:18:08.938 [http-nio-8080-exec-1] INFO  c.u.b.a.s.UsuarioSecurityService - Cargando usuario con cédula 1234567890
2025-11-30 20:18:08.938 [http-nio-8080-exec-2] INFO  c.u.b.a.s.UsuarioSecurityService - Cargando usuario con cédula 1234567890
2025-11-30 20:18:08.949 [http-nio-8080-exec-2] INFO  c.u.b.a.s.UsuarioSecurityService - Usuario encontrado
2025-11-30 20:18:08.949 [http-nio-8080-exec-1] INFO  c.u.b.a.s.UsuarioSecurityService - Usuario encontrado
2025-11-30 20:18:08.950 [http-nio-8080-exec-2] DEBUG o.s.security.web.FilterChainProxy - Secured GET /api/coordinadores?page=0&size=10
2025-11-30 20:18:08.950 [http-nio-8080-exec-1] DEBUG o.s.security.web.FilterChainProxy - Secured GET /api/areas
2025-11-30 20:18:08.951 [http-nio-8080-exec-1] INFO  c.u.b.usuarios.service.AreaService - obtenerAreas()
2025-11-30 20:18:08.951 [http-nio-8080-exec-2] INFO  c.u.b.u.service.CoordinadorService - obtenerCoordinadores()
2025-11-30 20:18:08.952 [http-nio-8080-exec-1] INFO  c.u.b.usuarios.service.AreaService - Obteniendo todas las areas activas
2025-11-30 20:18:08.953 [http-nio-8080-exec-2] INFO  c.u.b.u.service.CoordinadorService - Obteniendo coordinadores activos
2025-11-30 20:18:08.963 [http-nio-8080-exec-1] INFO  c.u.b.usuarios.service.AreaService - 200 OK: Areas activas obtenidas correctamente
2025-11-30 20:18:08.963 [http-nio-8080-exec-2] INFO  c.u.b.u.service.CoordinadorService - 200 OK: Coordinadores activos obtenidos correctamente
2025-11-30 20:18:08.968 [http-nio-8080-exec-2] DEBUG c.u.backend.common.config.LogFilter - Response Status=[200]
2025-11-30 20:18:08.970 [http-nio-8080-exec-1] DEBUG c.u.backend.common.config.LogFilter - Response Status=[200]
2025-11-30 20:18:08.970 [http-nio-8080-exec-9] DEBUG o.s.security.web.FilterChainProxy - Securing GET /api/coordinadores?page=0&size=10
2025-11-30 20:18:08.972 [http-nio-8080-exec-9] DEBUG c.u.backend.common.config.LogFilter - ========== REQUEST DATA ==========
2025-11-30 20:18:08.972 [http-nio-8080-exec-9] DEBUG c.u.backend.common.config.LogFilter - Origin IP=[0:0:0:0:0:0:0:1]
2025-11-30 20:18:08.972 [http-nio-8080-exec-9] DEBUG c.u.backend.common.config.LogFilter - URI=[/api/coordinadores]
2025-11-30 20:18:08.972 [http-nio-8080-exec-9] DEBUG c.u.backend.common.config.LogFilter - Method=[GET]
2025-11-30 20:18:08.975 [http-nio-8080-exec-9] DEBUG c.u.backend.common.config.LogFilter - Host Header=[localhost:8080]
2025-11-30 20:18:08.977 [http-nio-8080-exec-9] DEBUG c.u.backend.common.config.LogFilter - Server IP=[0:0:0:0:0:0:0:1]
2025-11-30 20:18:08.978 [http-nio-8080-exec-9] DEBUG c.u.backend.common.config.LogFilter - Content-Type=[null]
2025-11-30 20:18:08.978 [http-nio-8080-exec-9] DEBUG c.u.backend.common.config.LogFilter - User-Agent=[Mozilla/5.0 (Windows NT 10.0; Win64; x64) AppleWebKit/537.36 (KHTML, like Gecko) Chrome/142.0.0.0 Safari/537.36]
2025-11-30 20:18:08.980 [http-nio-8080-exec-9] INFO  c.u.b.a.s.UsuarioSecurityService - loadUserByUsername()
2025-11-30 20:18:08.980 [http-nio-8080-exec-9] INFO  c.u.b.a.s.UsuarioSecurityService - Cargando usuario con cédula 1234567890
2025-11-30 20:18:08.995 [http-nio-8080-exec-9] INFO  c.u.b.a.s.UsuarioSecurityService - Usuario encontrado
2025-11-30 20:18:08.997 [http-nio-8080-exec-9] DEBUG o.s.security.web.FilterChainProxy - Secured GET /api/coordinadores?page=0&size=10
2025-11-30 20:18:08.997 [http-nio-8080-exec-9] INFO  c.u.b.u.service.CoordinadorService - obtenerCoordinadores()
2025-11-30 20:18:08.997 [http-nio-8080-exec-9] INFO  c.u.b.u.service.CoordinadorService - Obteniendo coordinadores activos
2025-11-30 20:18:09.003 [http-nio-8080-exec-9] INFO  c.u.b.u.service.CoordinadorService - 200 OK: Coordinadores activos obtenidos correctamente
2025-11-30 20:18:09.006 [http-nio-8080-exec-9] DEBUG c.u.backend.common.config.LogFilter - Response Status=[200]
2025-11-30 20:18:16.798 [http-nio-8080-exec-3] DEBUG o.s.security.web.FilterChainProxy - Securing GET /api/secretarias?page=0&size=5
2025-11-30 20:18:16.800 [http-nio-8080-exec-5] DEBUG o.s.security.web.FilterChainProxy - Securing GET /api/areas
2025-11-30 20:18:16.813 [http-nio-8080-exec-3] DEBUG c.u.backend.common.config.LogFilter - ========== REQUEST DATA ==========
2025-11-30 20:18:16.813 [http-nio-8080-exec-5] DEBUG c.u.backend.common.config.LogFilter - ========== REQUEST DATA ==========
2025-11-30 20:18:16.814 [http-nio-8080-exec-3] DEBUG c.u.backend.common.config.LogFilter - Origin IP=[0:0:0:0:0:0:0:1]
2025-11-30 20:18:16.814 [http-nio-8080-exec-5] DEBUG c.u.backend.common.config.LogFilter - Origin IP=[0:0:0:0:0:0:0:1]
2025-11-30 20:18:16.815 [http-nio-8080-exec-3] DEBUG c.u.backend.common.config.LogFilter - URI=[/api/secretarias]
2025-11-30 20:18:16.815 [http-nio-8080-exec-5] DEBUG c.u.backend.common.config.LogFilter - URI=[/api/areas]
2025-11-30 20:18:16.815 [http-nio-8080-exec-3] DEBUG c.u.backend.common.config.LogFilter - Method=[GET]
2025-11-30 20:18:16.816 [http-nio-8080-exec-5] DEBUG c.u.backend.common.config.LogFilter - Method=[GET]
2025-11-30 20:18:16.816 [http-nio-8080-exec-3] DEBUG c.u.backend.common.config.LogFilter - Host Header=[localhost:8080]
2025-11-30 20:18:16.817 [http-nio-8080-exec-5] DEBUG c.u.backend.common.config.LogFilter - Host Header=[localhost:8080]
2025-11-30 20:18:16.818 [http-nio-8080-exec-3] DEBUG c.u.backend.common.config.LogFilter - Server IP=[0:0:0:0:0:0:0:1]
2025-11-30 20:18:16.818 [http-nio-8080-exec-5] DEBUG c.u.backend.common.config.LogFilter - Server IP=[0:0:0:0:0:0:0:1]
2025-11-30 20:18:16.819 [http-nio-8080-exec-3] DEBUG c.u.backend.common.config.LogFilter - Content-Type=[null]
2025-11-30 20:18:16.819 [http-nio-8080-exec-5] DEBUG c.u.backend.common.config.LogFilter - Content-Type=[null]
2025-11-30 20:18:16.819 [http-nio-8080-exec-3] DEBUG c.u.backend.common.config.LogFilter - User-Agent=[Mozilla/5.0 (Windows NT 10.0; Win64; x64) AppleWebKit/537.36 (KHTML, like Gecko) Chrome/142.0.0.0 Safari/537.36]
2025-11-30 20:18:16.820 [http-nio-8080-exec-5] DEBUG c.u.backend.common.config.LogFilter - User-Agent=[Mozilla/5.0 (Windows NT 10.0; Win64; x64) AppleWebKit/537.36 (KHTML, like Gecko) Chrome/142.0.0.0 Safari/537.36]
2025-11-30 20:18:16.820 [http-nio-8080-exec-3] INFO  c.u.b.a.s.UsuarioSecurityService - loadUserByUsername()
2025-11-30 20:18:16.820 [http-nio-8080-exec-5] INFO  c.u.b.a.s.UsuarioSecurityService - loadUserByUsername()
2025-11-30 20:18:16.820 [http-nio-8080-exec-3] INFO  c.u.b.a.s.UsuarioSecurityService - Cargando usuario con cédula 1234567890
2025-11-30 20:18:16.820 [http-nio-8080-exec-5] INFO  c.u.b.a.s.UsuarioSecurityService - Cargando usuario con cédula 1234567890
2025-11-30 20:18:16.835 [http-nio-8080-exec-5] INFO  c.u.b.a.s.UsuarioSecurityService - Usuario encontrado
2025-11-30 20:18:16.835 [http-nio-8080-exec-3] INFO  c.u.b.a.s.UsuarioSecurityService - Usuario encontrado
2025-11-30 20:18:16.837 [http-nio-8080-exec-3] DEBUG o.s.security.web.FilterChainProxy - Secured GET /api/secretarias?page=0&size=5
2025-11-30 20:18:16.837 [http-nio-8080-exec-5] DEBUG o.s.security.web.FilterChainProxy - Secured GET /api/areas
2025-11-30 20:18:16.838 [http-nio-8080-exec-5] INFO  c.u.b.usuarios.service.AreaService - obtenerAreas()
2025-11-30 20:18:16.838 [http-nio-8080-exec-3] INFO  c.u.b.u.service.SecretariaService - obtenerSecretarias()
2025-11-30 20:18:16.838 [http-nio-8080-exec-5] INFO  c.u.b.usuarios.service.AreaService - Obteniendo todas las areas activas
2025-11-30 20:18:16.839 [http-nio-8080-exec-3] INFO  c.u.b.u.service.SecretariaService - Obteniendo secretarias activas
2025-11-30 20:18:16.844 [http-nio-8080-exec-5] INFO  c.u.b.usuarios.service.AreaService - 200 OK: Areas activas obtenidas correctamente
2025-11-30 20:18:16.847 [http-nio-8080-exec-3] INFO  c.u.b.u.service.SecretariaService - 200 OK: Secretarias activas obtenidas correctamente
2025-11-30 20:18:16.847 [http-nio-8080-exec-5] DEBUG c.u.backend.common.config.LogFilter - Response Status=[200]
2025-11-30 20:18:16.849 [http-nio-8080-exec-3] DEBUG c.u.backend.common.config.LogFilter - Response Status=[200]
2025-11-30 20:18:24.911 [http-nio-8080-exec-4] DEBUG o.s.security.web.FilterChainProxy - Securing GET /api/citas?page=0&size=10
2025-11-30 20:18:24.926 [http-nio-8080-exec-4] DEBUG c.u.backend.common.config.LogFilter - ========== REQUEST DATA ==========
2025-11-30 20:18:24.927 [http-nio-8080-exec-4] DEBUG c.u.backend.common.config.LogFilter - Origin IP=[0:0:0:0:0:0:0:1]
2025-11-30 20:18:24.927 [http-nio-8080-exec-4] DEBUG c.u.backend.common.config.LogFilter - URI=[/api/citas]
2025-11-30 20:18:24.928 [http-nio-8080-exec-4] DEBUG c.u.backend.common.config.LogFilter - Method=[GET]
2025-11-30 20:18:24.928 [http-nio-8080-exec-4] DEBUG c.u.backend.common.config.LogFilter - Host Header=[localhost:8080]
2025-11-30 20:18:24.928 [http-nio-8080-exec-4] DEBUG c.u.backend.common.config.LogFilter - Server IP=[0:0:0:0:0:0:0:1]
2025-11-30 20:18:24.928 [http-nio-8080-exec-4] DEBUG c.u.backend.common.config.LogFilter - Content-Type=[null]
2025-11-30 20:18:24.929 [http-nio-8080-exec-4] DEBUG c.u.backend.common.config.LogFilter - User-Agent=[Mozilla/5.0 (Windows NT 10.0; Win64; x64) AppleWebKit/537.36 (KHTML, like Gecko) Chrome/142.0.0.0 Safari/537.36]
2025-11-30 20:18:24.930 [http-nio-8080-exec-4] INFO  c.u.b.a.s.UsuarioSecurityService - loadUserByUsername()
2025-11-30 20:18:24.931 [http-nio-8080-exec-4] INFO  c.u.b.a.s.UsuarioSecurityService - Cargando usuario con cédula 1234567890
2025-11-30 20:18:24.935 [http-nio-8080-exec-4] INFO  c.u.b.a.s.UsuarioSecurityService - Usuario encontrado
2025-11-30 20:18:24.935 [http-nio-8080-exec-4] DEBUG o.s.security.web.FilterChainProxy - Secured GET /api/citas?page=0&size=10
2025-11-30 20:18:24.944 [http-nio-8080-exec-4] INFO  c.u.b.citas.service.CitaService - obtenerCitas()
2025-11-30 20:18:24.945 [http-nio-8080-exec-4] INFO  c.u.b.citas.service.CitaService - Obteniendo todas las Citas
2025-11-30 20:18:24.945 [http-nio-8080-exec-4] ERROR c.u.b.c.e.GlobalExceptionHandler - 404 NOT FOUND: Recurso no encontrado - No existen citas registradas
2025-11-30 20:18:24.945 [http-nio-8080-exec-4] DEBUG c.u.backend.common.config.LogFilter - Response Status=[404]
2025-11-30 20:18:24.945 [http-nio-8080-exec-8] DEBUG o.s.security.web.FilterChainProxy - Securing GET /api/citas?page=0&size=10
2025-11-30 20:18:24.945 [http-nio-8080-exec-8] DEBUG c.u.backend.common.config.LogFilter - ========== REQUEST DATA ==========
2025-11-30 20:18:24.945 [http-nio-8080-exec-8] DEBUG c.u.backend.common.config.LogFilter - Origin IP=[0:0:0:0:0:0:0:1]
2025-11-30 20:18:24.959 [http-nio-8080-exec-8] DEBUG c.u.backend.common.config.LogFilter - URI=[/api/citas]
2025-11-30 20:18:24.960 [http-nio-8080-exec-8] DEBUG c.u.backend.common.config.LogFilter - Method=[GET]
2025-11-30 20:18:24.961 [http-nio-8080-exec-8] DEBUG c.u.backend.common.config.LogFilter - Host Header=[localhost:8080]
2025-11-30 20:18:24.961 [http-nio-8080-exec-8] DEBUG c.u.backend.common.config.LogFilter - Server IP=[0:0:0:0:0:0:0:1]
2025-11-30 20:18:24.962 [http-nio-8080-exec-8] DEBUG c.u.backend.common.config.LogFilter - Content-Type=[null]
2025-11-30 20:18:24.962 [http-nio-8080-exec-8] DEBUG c.u.backend.common.config.LogFilter - User-Agent=[Mozilla/5.0 (Windows NT 10.0; Win64; x64) AppleWebKit/537.36 (KHTML, like Gecko) Chrome/142.0.0.0 Safari/537.36]
2025-11-30 20:18:24.962 [http-nio-8080-exec-8] INFO  c.u.b.a.s.UsuarioSecurityService - loadUserByUsername()
2025-11-30 20:18:24.962 [http-nio-8080-exec-8] INFO  c.u.b.a.s.UsuarioSecurityService - Cargando usuario con cédula 1234567890
2025-11-30 20:18:24.969 [http-nio-8080-exec-8] INFO  c.u.b.a.s.UsuarioSecurityService - Usuario encontrado
2025-11-30 20:18:24.969 [http-nio-8080-exec-8] DEBUG o.s.security.web.FilterChainProxy - Secured GET /api/citas?page=0&size=10
2025-11-30 20:18:24.969 [http-nio-8080-exec-8] INFO  c.u.b.citas.service.CitaService - obtenerCitas()
2025-11-30 20:18:24.969 [http-nio-8080-exec-8] INFO  c.u.b.citas.service.CitaService - Obteniendo todas las Citas
2025-11-30 20:18:24.979 [http-nio-8080-exec-8] ERROR c.u.b.c.e.GlobalExceptionHandler - 404 NOT FOUND: Recurso no encontrado - No existen citas registradas
2025-11-30 20:18:24.982 [http-nio-8080-exec-8] DEBUG c.u.backend.common.config.LogFilter - Response Status=[404]
2025-11-30 20:18:26.598 [http-nio-8080-exec-7] DEBUG o.s.security.web.FilterChainProxy - Securing GET /api/pacientes?page=0&size=5
2025-11-30 20:18:26.601 [http-nio-8080-exec-10] DEBUG o.s.security.web.FilterChainProxy - Securing GET /api/areas
2025-11-30 20:18:26.608 [http-nio-8080-exec-6] DEBUG o.s.security.web.FilterChainProxy - Securing GET /api/pacientes?page=0&size=10
2025-11-30 20:18:26.606 [http-nio-8080-exec-7] DEBUG c.u.backend.common.config.LogFilter - ========== REQUEST DATA ==========
2025-11-30 20:18:26.617 [http-nio-8080-exec-7] DEBUG c.u.backend.common.config.LogFilter - Origin IP=[0:0:0:0:0:0:0:1]
2025-11-30 20:18:26.610 [http-nio-8080-exec-10] DEBUG c.u.backend.common.config.LogFilter - ========== REQUEST DATA ==========
2025-11-30 20:18:26.619 [http-nio-8080-exec-10] DEBUG c.u.backend.common.config.LogFilter - Origin IP=[0:0:0:0:0:0:0:1]
2025-11-30 20:18:26.619 [http-nio-8080-exec-6] DEBUG c.u.backend.common.config.LogFilter - ========== REQUEST DATA ==========
2025-11-30 20:18:26.619 [http-nio-8080-exec-7] DEBUG c.u.backend.common.config.LogFilter - URI=[/api/pacientes]
2025-11-30 20:18:26.623 [http-nio-8080-exec-10] DEBUG c.u.backend.common.config.LogFilter - URI=[/api/areas]
2025-11-30 20:18:26.623 [http-nio-8080-exec-6] DEBUG c.u.backend.common.config.LogFilter - Origin IP=[0:0:0:0:0:0:0:1]
2025-11-30 20:18:26.623 [http-nio-8080-exec-7] DEBUG c.u.backend.common.config.LogFilter - Method=[GET]
2025-11-30 20:18:26.626 [http-nio-8080-exec-7] DEBUG c.u.backend.common.config.LogFilter - Host Header=[localhost:8080]
2025-11-30 20:18:26.626 [http-nio-8080-exec-6] DEBUG c.u.backend.common.config.LogFilter - URI=[/api/pacientes]
2025-11-30 20:18:26.623 [http-nio-8080-exec-10] DEBUG c.u.backend.common.config.LogFilter - Method=[GET]
2025-11-30 20:18:26.626 [http-nio-8080-exec-7] DEBUG c.u.backend.common.config.LogFilter - Server IP=[0:0:0:0:0:0:0:1]
2025-11-30 20:18:26.627 [http-nio-8080-exec-6] DEBUG c.u.backend.common.config.LogFilter - Method=[GET]
2025-11-30 20:18:26.627 [http-nio-8080-exec-10] DEBUG c.u.backend.common.config.LogFilter - Host Header=[localhost:8080]
2025-11-30 20:18:26.629 [http-nio-8080-exec-7] DEBUG c.u.backend.common.config.LogFilter - Content-Type=[null]
2025-11-30 20:18:26.629 [http-nio-8080-exec-6] DEBUG c.u.backend.common.config.LogFilter - Host Header=[localhost:8080]
2025-11-30 20:18:26.629 [http-nio-8080-exec-10] DEBUG c.u.backend.common.config.LogFilter - Server IP=[0:0:0:0:0:0:0:1]
2025-11-30 20:18:26.629 [http-nio-8080-exec-7] DEBUG c.u.backend.common.config.LogFilter - User-Agent=[Mozilla/5.0 (Windows NT 10.0; Win64; x64) AppleWebKit/537.36 (KHTML, like Gecko) Chrome/142.0.0.0 Safari/537.36]
2025-11-30 20:18:26.629 [http-nio-8080-exec-6] DEBUG c.u.backend.common.config.LogFilter - Server IP=[0:0:0:0:0:0:0:1]
2025-11-30 20:18:26.629 [http-nio-8080-exec-10] DEBUG c.u.backend.common.config.LogFilter - Content-Type=[null]
2025-11-30 20:18:26.629 [http-nio-8080-exec-6] DEBUG c.u.backend.common.config.LogFilter - Content-Type=[null]
2025-11-30 20:18:26.629 [http-nio-8080-exec-10] DEBUG c.u.backend.common.config.LogFilter - User-Agent=[Mozilla/5.0 (Windows NT 10.0; Win64; x64) AppleWebKit/537.36 (KHTML, like Gecko) Chrome/142.0.0.0 Safari/537.36]
2025-11-30 20:18:26.629 [http-nio-8080-exec-6] DEBUG c.u.backend.common.config.LogFilter - User-Agent=[Mozilla/5.0 (Windows NT 10.0; Win64; x64) AppleWebKit/537.36 (KHTML, like Gecko) Chrome/142.0.0.0 Safari/537.36]
2025-11-30 20:18:26.629 [http-nio-8080-exec-7] INFO  c.u.b.a.s.UsuarioSecurityService - loadUserByUsername()
2025-11-30 20:18:26.629 [http-nio-8080-exec-10] INFO  c.u.b.a.s.UsuarioSecurityService - loadUserByUsername()
2025-11-30 20:18:26.629 [http-nio-8080-exec-6] INFO  c.u.b.a.s.UsuarioSecurityService - loadUserByUsername()
2025-11-30 20:18:26.629 [http-nio-8080-exec-7] INFO  c.u.b.a.s.UsuarioSecurityService - Cargando usuario con cédula 1234567890
2025-11-30 20:18:26.629 [http-nio-8080-exec-10] INFO  c.u.b.a.s.UsuarioSecurityService - Cargando usuario con cédula 1234567890
2025-11-30 20:18:26.629 [http-nio-8080-exec-6] INFO  c.u.b.a.s.UsuarioSecurityService - Cargando usuario con cédula 1234567890
2025-11-30 20:18:26.629 [http-nio-8080-exec-7] INFO  c.u.b.a.s.UsuarioSecurityService - Usuario encontrado
2025-11-30 20:18:26.629 [http-nio-8080-exec-10] INFO  c.u.b.a.s.UsuarioSecurityService - Usuario encontrado
2025-11-30 20:18:26.642 [http-nio-8080-exec-6] INFO  c.u.b.a.s.UsuarioSecurityService - Usuario encontrado
2025-11-30 20:18:26.643 [http-nio-8080-exec-7] DEBUG o.s.security.web.FilterChainProxy - Secured GET /api/pacientes?page=0&size=5
2025-11-30 20:18:26.643 [http-nio-8080-exec-10] DEBUG o.s.security.web.FilterChainProxy - Secured GET /api/areas
2025-11-30 20:18:26.644 [http-nio-8080-exec-6] DEBUG o.s.security.web.FilterChainProxy - Secured GET /api/pacientes?page=0&size=10
2025-11-30 20:18:26.645 [http-nio-8080-exec-10] INFO  c.u.b.usuarios.service.AreaService - obtenerAreas()
2025-11-30 20:18:26.645 [http-nio-8080-exec-7] INFO  c.u.b.citas.service.PacienteService - obtenerPacientes()
2025-11-30 20:18:26.645 [http-nio-8080-exec-10] INFO  c.u.b.usuarios.service.AreaService - Obteniendo todas las areas activas
2025-11-30 20:18:26.646 [http-nio-8080-exec-7] INFO  c.u.b.citas.service.PacienteService - Obteniendo todos los pacientes
2025-11-30 20:18:26.646 [http-nio-8080-exec-6] INFO  c.u.b.citas.service.PacienteService - obtenerPacientes()
2025-11-30 20:18:26.647 [http-nio-8080-exec-6] INFO  c.u.b.citas.service.PacienteService - Obteniendo todos los pacientes
2025-11-30 20:18:26.650 [http-nio-8080-exec-10] INFO  c.u.b.usuarios.service.AreaService - 200 OK: Areas activas obtenidas correctamente
2025-11-30 20:18:26.652 [http-nio-8080-exec-10] DEBUG c.u.backend.common.config.LogFilter - Response Status=[200]
2025-11-30 20:18:26.656 [http-nio-8080-exec-7] INFO  c.u.b.citas.service.PacienteService - 200 OK: Pacientes obtenidos correctamente
2025-11-30 20:18:26.667 [http-nio-8080-exec-6] INFO  c.u.b.citas.service.PacienteService - 200 OK: Pacientes obtenidos correctamente
2025-11-30 20:18:26.669 [http-nio-8080-exec-7] DEBUG c.u.backend.common.config.LogFilter - Response Status=[200]
2025-11-30 20:18:26.670 [http-nio-8080-exec-6] DEBUG c.u.backend.common.config.LogFilter - Response Status=[200]
2025-11-30 20:18:48.699 [http-nio-8080-exec-5] DEBUG o.s.security.web.FilterChainProxy - Securing GET /api/pacientes?page=0&size=5
2025-11-30 20:18:48.703 [http-nio-8080-exec-3] DEBUG o.s.security.web.FilterChainProxy - Securing GET /api/areas
2025-11-30 20:18:48.703 [http-nio-8080-exec-5] DEBUG c.u.backend.common.config.LogFilter - ========== REQUEST DATA ==========
2025-11-30 20:18:48.703 [http-nio-8080-exec-4] DEBUG o.s.security.web.FilterChainProxy - Securing GET /api/pacientes?page=0&size=10
2025-11-30 20:18:48.706 [http-nio-8080-exec-5] DEBUG c.u.backend.common.config.LogFilter - Origin IP=[0:0:0:0:0:0:0:1]
2025-11-30 20:18:48.707 [http-nio-8080-exec-5] DEBUG c.u.backend.common.config.LogFilter - URI=[/api/pacientes]
2025-11-30 20:18:48.709 [http-nio-8080-exec-5] DEBUG c.u.backend.common.config.LogFilter - Method=[GET]
2025-11-30 20:18:48.707 [http-nio-8080-exec-3] DEBUG c.u.backend.common.config.LogFilter - ========== REQUEST DATA ==========
2025-11-30 20:18:48.708 [http-nio-8080-exec-4] DEBUG c.u.backend.common.config.LogFilter - ========== REQUEST DATA ==========
2025-11-30 20:18:48.711 [http-nio-8080-exec-3] DEBUG c.u.backend.common.config.LogFilter - Origin IP=[0:0:0:0:0:0:0:1]
2025-11-30 20:18:48.710 [http-nio-8080-exec-5] DEBUG c.u.backend.common.config.LogFilter - Host Header=[localhost:8080]
2025-11-30 20:18:48.712 [http-nio-8080-exec-3] DEBUG c.u.backend.common.config.LogFilter - URI=[/api/areas]
2025-11-30 20:18:48.711 [http-nio-8080-exec-4] DEBUG c.u.backend.common.config.LogFilter - Origin IP=[0:0:0:0:0:0:0:1]
2025-11-30 20:18:48.713 [http-nio-8080-exec-5] DEBUG c.u.backend.common.config.LogFilter - Server IP=[0:0:0:0:0:0:0:1]
2025-11-30 20:18:48.713 [http-nio-8080-exec-3] DEBUG c.u.backend.common.config.LogFilter - Method=[GET]
2025-11-30 20:18:48.714 [http-nio-8080-exec-4] DEBUG c.u.backend.common.config.LogFilter - URI=[/api/pacientes]
2025-11-30 20:18:48.714 [http-nio-8080-exec-5] DEBUG c.u.backend.common.config.LogFilter - Content-Type=[null]
2025-11-30 20:18:48.715 [http-nio-8080-exec-3] DEBUG c.u.backend.common.config.LogFilter - Host Header=[localhost:8080]
2025-11-30 20:18:48.715 [http-nio-8080-exec-4] DEBUG c.u.backend.common.config.LogFilter - Method=[GET]
2025-11-30 20:18:48.716 [http-nio-8080-exec-5] DEBUG c.u.backend.common.config.LogFilter - User-Agent=[Mozilla/5.0 (Windows NT 10.0; Win64; x64) AppleWebKit/537.36 (KHTML, like Gecko) Chrome/142.0.0.0 Safari/537.36]
2025-11-30 20:18:48.716 [http-nio-8080-exec-3] DEBUG c.u.backend.common.config.LogFilter - Server IP=[0:0:0:0:0:0:0:1]
2025-11-30 20:18:48.717 [http-nio-8080-exec-4] DEBUG c.u.backend.common.config.LogFilter - Host Header=[localhost:8080]
2025-11-30 20:18:48.718 [http-nio-8080-exec-3] DEBUG c.u.backend.common.config.LogFilter - Content-Type=[null]
2025-11-30 20:18:48.718 [http-nio-8080-exec-5] INFO  c.u.b.a.s.UsuarioSecurityService - loadUserByUsername()
2025-11-30 20:18:48.718 [http-nio-8080-exec-4] DEBUG c.u.backend.common.config.LogFilter - Server IP=[0:0:0:0:0:0:0:1]
2025-11-30 20:18:48.718 [http-nio-8080-exec-3] DEBUG c.u.backend.common.config.LogFilter - User-Agent=[Mozilla/5.0 (Windows NT 10.0; Win64; x64) AppleWebKit/537.36 (KHTML, like Gecko) Chrome/142.0.0.0 Safari/537.36]
2025-11-30 20:18:48.719 [http-nio-8080-exec-5] INFO  c.u.b.a.s.UsuarioSecurityService - Cargando usuario con cédula 1234567890
2025-11-30 20:18:48.719 [http-nio-8080-exec-4] DEBUG c.u.backend.common.config.LogFilter - Content-Type=[null]
2025-11-30 20:18:48.720 [http-nio-8080-exec-3] INFO  c.u.b.a.s.UsuarioSecurityService - loadUserByUsername()
2025-11-30 20:18:48.721 [http-nio-8080-exec-4] DEBUG c.u.backend.common.config.LogFilter - User-Agent=[Mozilla/5.0 (Windows NT 10.0; Win64; x64) AppleWebKit/537.36 (KHTML, like Gecko) Chrome/142.0.0.0 Safari/537.36]
2025-11-30 20:18:48.721 [http-nio-8080-exec-3] INFO  c.u.b.a.s.UsuarioSecurityService - Cargando usuario con cédula 1234567890
2025-11-30 20:18:48.722 [http-nio-8080-exec-4] INFO  c.u.b.a.s.UsuarioSecurityService - loadUserByUsername()
2025-11-30 20:18:48.723 [http-nio-8080-exec-4] INFO  c.u.b.a.s.UsuarioSecurityService - Cargando usuario con cédula 1234567890
2025-11-30 20:18:48.731 [http-nio-8080-exec-3] INFO  c.u.b.a.s.UsuarioSecurityService - Usuario encontrado
2025-11-30 20:18:48.731 [http-nio-8080-exec-5] INFO  c.u.b.a.s.UsuarioSecurityService - Usuario encontrado
2025-11-30 20:18:48.732 [http-nio-8080-exec-3] DEBUG o.s.security.web.FilterChainProxy - Secured GET /api/areas
2025-11-30 20:18:48.732 [http-nio-8080-exec-5] DEBUG o.s.security.web.FilterChainProxy - Secured GET /api/pacientes?page=0&size=5
2025-11-30 20:18:48.734 [http-nio-8080-exec-3] INFO  c.u.b.usuarios.service.AreaService - obtenerAreas()
2025-11-30 20:18:48.734 [http-nio-8080-exec-3] INFO  c.u.b.usuarios.service.AreaService - Obteniendo todas las areas activas
2025-11-30 20:18:48.735 [http-nio-8080-exec-5] INFO  c.u.b.citas.service.PacienteService - obtenerPacientes()
2025-11-30 20:18:48.735 [http-nio-8080-exec-4] INFO  c.u.b.a.s.UsuarioSecurityService - Usuario encontrado
2025-11-30 20:18:48.735 [http-nio-8080-exec-5] INFO  c.u.b.citas.service.PacienteService - Obteniendo todos los pacientes
2025-11-30 20:18:48.737 [http-nio-8080-exec-4] DEBUG o.s.security.web.FilterChainProxy - Secured GET /api/pacientes?page=0&size=10
2025-11-30 20:18:48.739 [http-nio-8080-exec-4] INFO  c.u.b.citas.service.PacienteService - obtenerPacientes()
2025-11-30 20:18:48.739 [http-nio-8080-exec-4] INFO  c.u.b.citas.service.PacienteService - Obteniendo todos los pacientes
2025-11-30 20:18:48.741 [http-nio-8080-exec-3] INFO  c.u.b.usuarios.service.AreaService - 200 OK: Areas activas obtenidas correctamente
2025-11-30 20:18:48.748 [http-nio-8080-exec-3] DEBUG c.u.backend.common.config.LogFilter - Response Status=[200]
2025-11-30 20:18:48.755 [http-nio-8080-exec-5] INFO  c.u.b.citas.service.PacienteService - 200 OK: Pacientes obtenidos correctamente
2025-11-30 20:18:48.758 [http-nio-8080-exec-5] DEBUG c.u.backend.common.config.LogFilter - Response Status=[200]
2025-11-30 20:18:48.762 [http-nio-8080-exec-4] INFO  c.u.b.citas.service.PacienteService - 200 OK: Pacientes obtenidos correctamente
2025-11-30 20:18:48.764 [http-nio-8080-exec-4] DEBUG c.u.backend.common.config.LogFilter - Response Status=[200]
2025-11-30 21:41:50.252 [HikariPool-1 housekeeper] WARN  com.zaxxer.hikari.pool.HikariPool - HikariPool-1 - Thread starvation or clock leap detected (housekeeper delta=1h7m48s481ms981�s100ns).
2025-11-30 23:40:25.181 [HikariPool-1 housekeeper] WARN  com.zaxxer.hikari.pool.HikariPool - HikariPool-1 - Thread starvation or clock leap detected (housekeeper delta=42m3s608ms458�s).
