
  .   ____          _            __ _ _
 /\\ / ___'_ __ _ _(_)_ __  __ _ \ \ \ \
( ( )\___ | '_ | '_| | '_ \/ _` | \ \ \ \
 \\/  ___)| |_)| | | | | || (_| |  ) ) ) )
  '  |____| .__|_| |_|_| |_\__, | / / / /
 =========|_|==============|___/=/_/_/_/

 :: Spring Boot ::                (v3.3.1)

2025-11-30T19:24:54.721-05:00  INFO 21128 --- [udipsai-backend] [           main] c.u.backend.UdipsaiBackendApplication    : Starting UdipsaiBackendApplication v0.0.1-SNAPSHOT using Java 17.0.17 with PID 21128 (C:\Users\Usuario\Downloads\vinculacion\sistema-web-turnos-udipsai\sistema-web-turnos-udipsai\backend\udipsai-backend\target\udipsai-backend-0.0.1-SNAPSHOT.jar started by Usuario in C:\Users\Usuario\Downloads\vinculacion\sistema-web-turnos-udipsai\sistema-web-turnos-udipsai\backend\udipsai-backend)
2025-11-30T19:24:54.727-05:00 DEBUG 21128 --- [udipsai-backend] [           main] c.u.backend.UdipsaiBackendApplication    : Running with Spring Boot v3.3.1, Spring v6.1.10
2025-11-30T19:24:54.727-05:00  INFO 21128 --- [udipsai-backend] [           main] c.u.backend.UdipsaiBackendApplication    : No active profile set, falling back to 1 default profile: "default"
2025-11-30T19:24:56.973-05:00  INFO 21128 --- [udipsai-backend] [           main] .s.d.r.c.RepositoryConfigurationDelegate : Bootstrapping Spring Data JPA repositories in DEFAULT mode.
2025-11-30T19:24:57.114-05:00  INFO 21128 --- [udipsai-backend] [           main] .s.d.r.c.RepositoryConfigurationDelegate : Finished Spring Data repository scanning in 123 ms. Found 13 JPA repository interfaces.
2025-11-30T19:24:58.734-05:00  INFO 21128 --- [udipsai-backend] [           main] o.s.b.w.embedded.tomcat.TomcatWebServer  : Tomcat initialized with port 8080 (http)
2025-11-30T19:24:58.761-05:00  INFO 21128 --- [udipsai-backend] [           main] o.apache.catalina.core.StandardService   : Starting service [Tomcat]
2025-11-30T19:24:58.762-05:00  INFO 21128 --- [udipsai-backend] [           main] o.apache.catalina.core.StandardEngine    : Starting Servlet engine: [Apache Tomcat/10.1.25]
2025-11-30T19:24:58.857-05:00  INFO 21128 --- [udipsai-backend] [           main] o.a.c.c.C.[Tomcat].[localhost].[/]       : Initializing Spring embedded WebApplicationContext
2025-11-30T19:24:58.860-05:00  INFO 21128 --- [udipsai-backend] [           main] w.s.c.ServletWebServerApplicationContext : Root WebApplicationContext: initialization completed in 3959 ms
2025-11-30T19:24:59.452-05:00  INFO 21128 --- [udipsai-backend] [           main] o.hibernate.jpa.internal.util.LogHelper  : HHH000204: Processing PersistenceUnitInfo [name: default]
2025-11-30T19:24:59.637-05:00  INFO 21128 --- [udipsai-backend] [           main] org.hibernate.Version                    : HHH000412: Hibernate ORM core version 6.5.2.Final
2025-11-30T19:24:59.725-05:00  INFO 21128 --- [udipsai-backend] [           main] o.h.c.internal.RegionFactoryInitiator    : HHH000026: Second-level cache disabled
2025-11-30T19:25:00.307-05:00  INFO 21128 --- [udipsai-backend] [           main] o.s.o.j.p.SpringPersistenceUnitInfo      : No LoadTimeWeaver setup: ignoring JPA class transformer
2025-11-30T19:25:00.356-05:00  INFO 21128 --- [udipsai-backend] [           main] com.zaxxer.hikari.HikariDataSource       : HikariPool-1 - Starting...
2025-11-30T19:25:00.676-05:00  INFO 21128 --- [udipsai-backend] [           main] com.zaxxer.hikari.pool.HikariPool        : HikariPool-1 - Added connection org.postgresql.jdbc.PgConnection@46a97805
2025-11-30T19:25:00.676-05:00  INFO 21128 --- [udipsai-backend] [           main] com.zaxxer.hikari.HikariDataSource       : HikariPool-1 - Start completed.
2025-11-30T19:25:00.757-05:00  WARN 21128 --- [udipsai-backend] [           main] org.hibernate.orm.deprecation            : HHH90000025: PostgreSQLDialect does not need to be specified explicitly using 'hibernate.dialect' (remove the property setting and it will be selected by default)
2025-11-30T19:25:02.831-05:00  INFO 21128 --- [udipsai-backend] [           main] o.h.e.t.j.p.i.JtaPlatformInitiator       : HHH000489: No JTA platform available (set 'hibernate.transaction.jta.platform' to enable JTA platform integration)
2025-11-30T19:25:03.058-05:00  INFO 21128 --- [udipsai-backend] [           main] j.LocalContainerEntityManagerFactoryBean : Initialized JPA EntityManagerFactory for persistence unit 'default'
2025-11-30T19:25:03.753-05:00 DEBUG 21128 --- [udipsai-backend] [           main] c.u.backend.common.config.LogFilter      : Filter 'logFilter' configured for use
2025-11-30T19:25:03.755-05:00 DEBUG 21128 --- [udipsai-backend] [           main] c.u.backend.common.config.JwtFilter      : Filter 'jwtFilter' configured for use
2025-11-30T19:25:03.896-05:00  INFO 21128 --- [udipsai-backend] [           main] r$InitializeUserDetailsManagerConfigurer : Global AuthenticationManager configured with UserDetailsService bean with name usuarioSecurityService
2025-11-30T19:25:04.028-05:00  INFO 21128 --- [udipsai-backend] [           main] o.s.d.j.r.query.QueryEnhancerFactory     : Hibernate is in classpath; If applicable, HQL parser will be used.
2025-11-30T19:25:05.606-05:00  WARN 21128 --- [udipsai-backend] [           main] JpaBaseConfiguration$JpaWebConfiguration : spring.jpa.open-in-view is enabled by default. Therefore, database queries may be performed during view rendering. Explicitly configure spring.jpa.open-in-view to disable this warning
2025-11-30T19:25:06.416-05:00  INFO 21128 --- [udipsai-backend] [           main] o.s.b.a.e.web.EndpointLinksResolver      : Exposing 3 endpoints beneath base path '/actuator'
2025-11-30T19:25:06.534-05:00 DEBUG 21128 --- [udipsai-backend] [           main] o.s.s.web.DefaultSecurityFilterChain     : Will secure any request with filters: DisableEncodeUrlFilter, WebAsyncManagerIntegrationFilter, SecurityContextHolderFilter, HeaderWriterFilter, CorsFilter, LogoutFilter, LogFilter, JwtFilter, RequestCacheAwareFilter, SecurityContextHolderAwareRequestFilter, AnonymousAuthenticationFilter, SessionManagementFilter, ExceptionTranslationFilter, AuthorizationFilter
2025-11-30T19:25:07.366-05:00  INFO 21128 --- [udipsai-backend] [           main] o.s.b.w.embedded.tomcat.TomcatWebServer  : Tomcat started on port 8080 (http) with context path '/'
2025-11-30T19:25:07.392-05:00  INFO 21128 --- [udipsai-backend] [           main] c.u.backend.UdipsaiBackendApplication    : Started UdipsaiBackendApplication in 14.009 seconds (process running for 14.943)
2025-11-30T19:25:07.471-05:00  INFO 21128 --- [udipsai-backend] [           main] c.u.backend.UdipsaiBackendApplication    : ==============================================
2025-11-30T19:25:07.471-05:00  INFO 21128 --- [udipsai-backend] [           main] c.u.backend.UdipsaiBackendApplication    : Sistema UDIPSAI Backend Iniciado Correctamente
2025-11-30T19:25:07.471-05:00  INFO 21128 --- [udipsai-backend] [           main] c.u.backend.UdipsaiBackendApplication    : Módulos disponibles: Autenticación, Usuarios, Citas
2025-11-30T19:25:07.471-05:00  INFO 21128 --- [udipsai-backend] [           main] c.u.backend.UdipsaiBackendApplication    : ==============================================
2025-11-30T19:25:22.524-05:00  INFO 21128 --- [udipsai-backend] [nio-8080-exec-1] o.a.c.c.C.[Tomcat].[localhost].[/]       : Initializing Spring DispatcherServlet 'dispatcherServlet'
2025-11-30T19:25:22.525-05:00  INFO 21128 --- [udipsai-backend] [nio-8080-exec-1] o.s.web.servlet.DispatcherServlet        : Initializing Servlet 'dispatcherServlet'
2025-11-30T19:25:22.527-05:00  INFO 21128 --- [udipsai-backend] [nio-8080-exec-1] o.s.web.servlet.DispatcherServlet        : Completed initialization in 1 ms
2025-11-30T19:25:22.558-05:00 DEBUG 21128 --- [udipsai-backend] [nio-8080-exec-1] o.s.security.web.FilterChainProxy        : Securing POST /api/auth/login
2025-11-30T19:25:22.574-05:00 DEBUG 21128 --- [udipsai-backend] [nio-8080-exec-1] c.u.backend.common.config.LogFilter      : ========== REQUEST DATA ==========
2025-11-30T19:25:22.574-05:00 DEBUG 21128 --- [udipsai-backend] [nio-8080-exec-1] c.u.backend.common.config.LogFilter      : Origin IP=[0:0:0:0:0:0:0:1]
2025-11-30T19:25:22.574-05:00 DEBUG 21128 --- [udipsai-backend] [nio-8080-exec-1] c.u.backend.common.config.LogFilter      : URI=[/api/auth/login]
2025-11-30T19:25:22.574-05:00 DEBUG 21128 --- [udipsai-backend] [nio-8080-exec-1] c.u.backend.common.config.LogFilter      : Method=[POST]
2025-11-30T19:25:22.574-05:00 DEBUG 21128 --- [udipsai-backend] [nio-8080-exec-1] c.u.backend.common.config.LogFilter      : Host Header=[localhost:8080]
2025-11-30T19:25:22.574-05:00 DEBUG 21128 --- [udipsai-backend] [nio-8080-exec-1] c.u.backend.common.config.LogFilter      : Server IP=[0:0:0:0:0:0:0:1]
2025-11-30T19:25:22.574-05:00 DEBUG 21128 --- [udipsai-backend] [nio-8080-exec-1] c.u.backend.common.config.LogFilter      : Content-Type=[application/json]
2025-11-30T19:25:22.574-05:00 DEBUG 21128 --- [udipsai-backend] [nio-8080-exec-1] c.u.backend.common.config.LogFilter      : User-Agent=[Mozilla/5.0 (Windows NT; Windows NT 10.0; es-EC) WindowsPowerShell/5.1.26100.7019]
2025-11-30T19:25:22.587-05:00 DEBUG 21128 --- [udipsai-backend] [nio-8080-exec-1] o.s.s.w.a.AnonymousAuthenticationFilter  : Set SecurityContextHolder to anonymous SecurityContext
2025-11-30T19:25:22.595-05:00 DEBUG 21128 --- [udipsai-backend] [nio-8080-exec-1] o.s.security.web.FilterChainProxy        : Secured POST /api/auth/login
2025-11-30T19:25:22.723-05:00  INFO 21128 --- [udipsai-backend] [nio-8080-exec-1] c.u.b.a.web.controller.AuthController    : Login de usuario con cedula: 1234567890
2025-11-30T19:25:22.818-05:00  INFO 21128 --- [udipsai-backend] [nio-8080-exec-1] c.u.b.a.service.UsuarioSecurityService   : loadUserByUsername()
2025-11-30T19:25:22.834-05:00  INFO 21128 --- [udipsai-backend] [nio-8080-exec-1] c.u.b.a.service.UsuarioSecurityService   : Cargando usuario con cédula 1234567890
Hibernate: 
    select
        ue1_0.id_usuario,
        ue1_0.apellidos,
        ue1_0.cedula,
        ue1_0.celular,
        ue1_0.contrasenia,
        ue1_0.email,
        ue1_0.estado,
        ue1_0.fecha_creacion,
        ue1_0.fecha_modificacion,
        ue1_0.nombres 
    from
        usuarios ue1_0 
    where
        ue1_0.cedula=?
Hibernate: 
    select
        ur1_0.id_usuario,
        ur1_0.id_rol,
        r1_0.id_rol,
        r1_0.estado,
        r1_0.nombre,
        ur1_0.estado,
        ur1_0.fecha_asignacion 
    from
        usuarios_roles ur1_0 
    join
        roles r1_0 
            on r1_0.id_rol=ur1_0.id_rol 
    where
        ur1_0.id_usuario=?
Hibernate: 
    select
        ua1_0.id_usuario,
        ua1_0.id_area,
        a1_0.id_area,
        a1_0.estado,
        a1_0.nombre,
        ua1_0.estado,
        ua1_0.fecha_asignacion 
    from
        usuarios_areas ua1_0 
    join
        areas a1_0 
            on a1_0.id_area=ua1_0.id_area 
    where
        ua1_0.id_usuario=?
2025-11-30T19:25:23.090-05:00  INFO 21128 --- [udipsai-backend] [nio-8080-exec-1] c.u.b.a.service.UsuarioSecurityService   : Usuario encontrado
Hibernate: 
    select
        ue1_0.id_usuario,
        ue1_0.apellidos,
        ue1_0.cedula,
        ue1_0.celular,
        ue1_0.contrasenia,
        ue1_0.email,
        ue1_0.estado,
        ue1_0.fecha_creacion,
        ue1_0.fecha_modificacion,
        ue1_0.nombres 
    from
        usuarios ue1_0 
    where
        ue1_0.cedula=?
2025-11-30T19:25:23.263-05:00  INFO 21128 --- [udipsai-backend] [nio-8080-exec-1] c.u.b.a.web.controller.AuthController    : 200 OK: Usuario autenticado
2025-11-30T19:25:23.313-05:00 DEBUG 21128 --- [udipsai-backend] [nio-8080-exec-1] c.u.backend.common.config.LogFilter      : Response Status=[200]
2025-11-30T19:26:05.402-05:00 DEBUG 21128 --- [udipsai-backend] [nio-8080-exec-2] o.s.security.web.FilterChainProxy        : Securing OPTIONS /api/auth/login
2025-11-30T19:26:05.418-05:00 DEBUG 21128 --- [udipsai-backend] [nio-8080-exec-3] o.s.security.web.FilterChainProxy        : Securing POST /api/auth/login
2025-11-30T19:26:05.418-05:00 DEBUG 21128 --- [udipsai-backend] [nio-8080-exec-3] c.u.backend.common.config.LogFilter      : ========== REQUEST DATA ==========
2025-11-30T19:26:05.418-05:00 DEBUG 21128 --- [udipsai-backend] [nio-8080-exec-3] c.u.backend.common.config.LogFilter      : Origin IP=[0:0:0:0:0:0:0:1]
2025-11-30T19:26:05.418-05:00 DEBUG 21128 --- [udipsai-backend] [nio-8080-exec-3] c.u.backend.common.config.LogFilter      : URI=[/api/auth/login]
2025-11-30T19:26:05.418-05:00 DEBUG 21128 --- [udipsai-backend] [nio-8080-exec-3] c.u.backend.common.config.LogFilter      : Method=[POST]
2025-11-30T19:26:05.418-05:00 DEBUG 21128 --- [udipsai-backend] [nio-8080-exec-3] c.u.backend.common.config.LogFilter      : Host Header=[localhost:8080]
2025-11-30T19:26:05.418-05:00 DEBUG 21128 --- [udipsai-backend] [nio-8080-exec-3] c.u.backend.common.config.LogFilter      : Server IP=[0:0:0:0:0:0:0:1]
2025-11-30T19:26:05.418-05:00 DEBUG 21128 --- [udipsai-backend] [nio-8080-exec-3] c.u.backend.common.config.LogFilter      : Content-Type=[application/json]
2025-11-30T19:26:05.418-05:00 DEBUG 21128 --- [udipsai-backend] [nio-8080-exec-3] c.u.backend.common.config.LogFilter      : User-Agent=[Mozilla/5.0 (Windows NT 10.0; Win64; x64) AppleWebKit/537.36 (KHTML, like Gecko) Code/1.106.2 Chrome/138.0.7204.251 Electron/37.7.0 Safari/537.36]
2025-11-30T19:26:05.434-05:00 DEBUG 21128 --- [udipsai-backend] [nio-8080-exec-3] o.s.s.w.a.AnonymousAuthenticationFilter  : Set SecurityContextHolder to anonymous SecurityContext
2025-11-30T19:26:05.434-05:00 DEBUG 21128 --- [udipsai-backend] [nio-8080-exec-3] o.s.security.web.FilterChainProxy        : Secured POST /api/auth/login
2025-11-30T19:26:05.434-05:00  INFO 21128 --- [udipsai-backend] [nio-8080-exec-3] c.u.b.a.web.controller.AuthController    : Login de usuario con cedula: 1234567890
2025-11-30T19:26:05.434-05:00  INFO 21128 --- [udipsai-backend] [nio-8080-exec-3] c.u.b.a.service.UsuarioSecurityService   : loadUserByUsername()
2025-11-30T19:26:05.434-05:00  INFO 21128 --- [udipsai-backend] [nio-8080-exec-3] c.u.b.a.service.UsuarioSecurityService   : Cargando usuario con cédula 1234567890
Hibernate: 
    select
        ue1_0.id_usuario,
        ue1_0.apellidos,
        ue1_0.cedula,
        ue1_0.celular,
        ue1_0.contrasenia,
        ue1_0.email,
        ue1_0.estado,
        ue1_0.fecha_creacion,
        ue1_0.fecha_modificacion,
        ue1_0.nombres 
    from
        usuarios ue1_0 
    where
        ue1_0.cedula=?
Hibernate: 
    select
        ur1_0.id_usuario,
        ur1_0.id_rol,
        r1_0.id_rol,
        r1_0.estado,
        r1_0.nombre,
        ur1_0.estado,
        ur1_0.fecha_asignacion 
    from
        usuarios_roles ur1_0 
    join
        roles r1_0 
            on r1_0.id_rol=ur1_0.id_rol 
    where
        ur1_0.id_usuario=?
Hibernate: 
    select
        ua1_0.id_usuario,
        ua1_0.id_area,
        a1_0.id_area,
        a1_0.estado,
        a1_0.nombre,
        ua1_0.estado,
        ua1_0.fecha_asignacion 
    from
        usuarios_areas ua1_0 
    join
        areas a1_0 
            on a1_0.id_area=ua1_0.id_area 
    where
        ua1_0.id_usuario=?
2025-11-30T19:26:05.438-05:00  INFO 21128 --- [udipsai-backend] [nio-8080-exec-3] c.u.b.a.service.UsuarioSecurityService   : Usuario encontrado
Hibernate: 
    select
        ue1_0.id_usuario,
        ue1_0.apellidos,
        ue1_0.cedula,
        ue1_0.celular,
        ue1_0.contrasenia,
        ue1_0.email,
        ue1_0.estado,
        ue1_0.fecha_creacion,
        ue1_0.fecha_modificacion,
        ue1_0.nombres 
    from
        usuarios ue1_0 
    where
        ue1_0.cedula=?
2025-11-30T19:26:05.513-05:00  INFO 21128 --- [udipsai-backend] [nio-8080-exec-3] c.u.b.a.web.controller.AuthController    : 200 OK: Usuario autenticado
2025-11-30T19:26:05.513-05:00 DEBUG 21128 --- [udipsai-backend] [nio-8080-exec-3] c.u.backend.common.config.LogFilter      : Response Status=[200]
2025-11-30T19:26:19.798-05:00 DEBUG 21128 --- [udipsai-backend] [nio-8080-exec-4] o.s.security.web.FilterChainProxy        : Securing POST /api/auth/login
2025-11-30T19:26:19.812-05:00 DEBUG 21128 --- [udipsai-backend] [nio-8080-exec-4] c.u.backend.common.config.LogFilter      : ========== REQUEST DATA ==========
2025-11-30T19:26:19.812-05:00 DEBUG 21128 --- [udipsai-backend] [nio-8080-exec-4] c.u.backend.common.config.LogFilter      : Origin IP=[0:0:0:0:0:0:0:1]
2025-11-30T19:26:19.812-05:00 DEBUG 21128 --- [udipsai-backend] [nio-8080-exec-4] c.u.backend.common.config.LogFilter      : URI=[/api/auth/login]
2025-11-30T19:26:19.812-05:00 DEBUG 21128 --- [udipsai-backend] [nio-8080-exec-4] c.u.backend.common.config.LogFilter      : Method=[POST]
2025-11-30T19:26:19.812-05:00 DEBUG 21128 --- [udipsai-backend] [nio-8080-exec-4] c.u.backend.common.config.LogFilter      : Host Header=[localhost:8080]
2025-11-30T19:26:19.812-05:00 DEBUG 21128 --- [udipsai-backend] [nio-8080-exec-4] c.u.backend.common.config.LogFilter      : Server IP=[0:0:0:0:0:0:0:1]
2025-11-30T19:26:19.812-05:00 DEBUG 21128 --- [udipsai-backend] [nio-8080-exec-4] c.u.backend.common.config.LogFilter      : Content-Type=[application/json]
2025-11-30T19:26:19.812-05:00 DEBUG 21128 --- [udipsai-backend] [nio-8080-exec-4] c.u.backend.common.config.LogFilter      : User-Agent=[Mozilla/5.0 (Windows NT 10.0; Win64; x64) AppleWebKit/537.36 (KHTML, like Gecko) Chrome/142.0.0.0 Safari/537.36]
2025-11-30T19:26:19.812-05:00 DEBUG 21128 --- [udipsai-backend] [nio-8080-exec-4] o.s.s.w.a.AnonymousAuthenticationFilter  : Set SecurityContextHolder to anonymous SecurityContext
2025-11-30T19:26:19.812-05:00 DEBUG 21128 --- [udipsai-backend] [nio-8080-exec-4] o.s.security.web.FilterChainProxy        : Secured POST /api/auth/login
2025-11-30T19:26:19.812-05:00  INFO 21128 --- [udipsai-backend] [nio-8080-exec-4] c.u.b.a.web.controller.AuthController    : Login de usuario con cedula: 1234567890
2025-11-30T19:26:19.812-05:00  INFO 21128 --- [udipsai-backend] [nio-8080-exec-4] c.u.b.a.service.UsuarioSecurityService   : loadUserByUsername()
2025-11-30T19:26:19.812-05:00  INFO 21128 --- [udipsai-backend] [nio-8080-exec-4] c.u.b.a.service.UsuarioSecurityService   : Cargando usuario con cédula 1234567890
Hibernate: 
    select
        ue1_0.id_usuario,
        ue1_0.apellidos,
        ue1_0.cedula,
        ue1_0.celular,
        ue1_0.contrasenia,
        ue1_0.email,
        ue1_0.estado,
        ue1_0.fecha_creacion,
        ue1_0.fecha_modificacion,
        ue1_0.nombres 
    from
        usuarios ue1_0 
    where
        ue1_0.cedula=?
Hibernate: 
    select
        ur1_0.id_usuario,
        ur1_0.id_rol,
        r1_0.id_rol,
        r1_0.estado,
        r1_0.nombre,
        ur1_0.estado,
        ur1_0.fecha_asignacion 
    from
        usuarios_roles ur1_0 
    join
        roles r1_0 
            on r1_0.id_rol=ur1_0.id_rol 
    where
        ur1_0.id_usuario=?
Hibernate: 
    select
        ua1_0.id_usuario,
        ua1_0.id_area,
        a1_0.id_area,
        a1_0.estado,
        a1_0.nombre,
        ua1_0.estado,
        ua1_0.fecha_asignacion 
    from
        usuarios_areas ua1_0 
    join
        areas a1_0 
            on a1_0.id_area=ua1_0.id_area 
    where
        ua1_0.id_usuario=?
2025-11-30T19:26:19.827-05:00  INFO 21128 --- [udipsai-backend] [nio-8080-exec-4] c.u.b.a.service.UsuarioSecurityService   : Usuario encontrado
Hibernate: 
    select
        ue1_0.id_usuario,
        ue1_0.apellidos,
        ue1_0.cedula,
        ue1_0.celular,
        ue1_0.contrasenia,
        ue1_0.email,
        ue1_0.estado,
        ue1_0.fecha_creacion,
        ue1_0.fecha_modificacion,
        ue1_0.nombres 
    from
        usuarios ue1_0 
    where
        ue1_0.cedula=?
2025-11-30T19:26:19.905-05:00  INFO 21128 --- [udipsai-backend] [nio-8080-exec-4] c.u.b.a.web.controller.AuthController    : 200 OK: Usuario autenticado
2025-11-30T19:26:19.905-05:00 DEBUG 21128 --- [udipsai-backend] [nio-8080-exec-4] c.u.backend.common.config.LogFilter      : Response Status=[200]
2025-11-30T19:26:27.293-05:00 DEBUG 21128 --- [udipsai-backend] [nio-8080-exec-6] o.s.security.web.FilterChainProxy        : Securing OPTIONS /api/pacientes?page=0&size=5
2025-11-30T19:26:27.306-05:00 DEBUG 21128 --- [udipsai-backend] [nio-8080-exec-7] o.s.security.web.FilterChainProxy        : Securing OPTIONS /api/areas
2025-11-30T19:26:27.307-05:00 DEBUG 21128 --- [udipsai-backend] [nio-8080-exec-8] o.s.security.web.FilterChainProxy        : Securing OPTIONS /api/pacientes?page=0&size=10
2025-11-30T19:26:27.309-05:00 DEBUG 21128 --- [udipsai-backend] [nio-8080-exec-9] o.s.security.web.FilterChainProxy        : Securing GET /api/pacientes?page=0&size=5
2025-11-30T19:26:27.315-05:00 DEBUG 21128 --- [udipsai-backend] [nio-8080-exec-9] c.u.backend.common.config.LogFilter      : ========== REQUEST DATA ==========
2025-11-30T19:26:27.317-05:00 DEBUG 21128 --- [udipsai-backend] [nio-8080-exec-9] c.u.backend.common.config.LogFilter      : Origin IP=[0:0:0:0:0:0:0:1]
2025-11-30T19:26:27.318-05:00 DEBUG 21128 --- [udipsai-backend] [nio-8080-exec-9] c.u.backend.common.config.LogFilter      : URI=[/api/pacientes]
2025-11-30T19:26:27.319-05:00 DEBUG 21128 --- [udipsai-backend] [nio-8080-exec-9] c.u.backend.common.config.LogFilter      : Method=[GET]
2025-11-30T19:26:27.321-05:00 DEBUG 21128 --- [udipsai-backend] [nio-8080-exec-9] c.u.backend.common.config.LogFilter      : Host Header=[localhost:8080]
2025-11-30T19:26:27.321-05:00 DEBUG 21128 --- [udipsai-backend] [io-8080-exec-10] o.s.security.web.FilterChainProxy        : Securing GET /api/pacientes?page=0&size=10
2025-11-30T19:26:27.322-05:00 DEBUG 21128 --- [udipsai-backend] [nio-8080-exec-1] o.s.security.web.FilterChainProxy        : Securing GET /api/areas
2025-11-30T19:26:27.322-05:00 DEBUG 21128 --- [udipsai-backend] [nio-8080-exec-9] c.u.backend.common.config.LogFilter      : Server IP=[0:0:0:0:0:0:0:1]
2025-11-30T19:26:27.323-05:00 DEBUG 21128 --- [udipsai-backend] [nio-8080-exec-9] c.u.backend.common.config.LogFilter      : Content-Type=[null]
2025-11-30T19:26:27.324-05:00 DEBUG 21128 --- [udipsai-backend] [io-8080-exec-10] c.u.backend.common.config.LogFilter      : ========== REQUEST DATA ==========
2025-11-30T19:26:27.324-05:00 DEBUG 21128 --- [udipsai-backend] [nio-8080-exec-9] c.u.backend.common.config.LogFilter      : User-Agent=[Mozilla/5.0 (Windows NT 10.0; Win64; x64) AppleWebKit/537.36 (KHTML, like Gecko) Chrome/142.0.0.0 Safari/537.36]
2025-11-30T19:26:27.325-05:00 DEBUG 21128 --- [udipsai-backend] [nio-8080-exec-1] c.u.backend.common.config.LogFilter      : ========== REQUEST DATA ==========
2025-11-30T19:26:27.326-05:00 DEBUG 21128 --- [udipsai-backend] [io-8080-exec-10] c.u.backend.common.config.LogFilter      : Origin IP=[0:0:0:0:0:0:0:1]
2025-11-30T19:26:27.327-05:00 DEBUG 21128 --- [udipsai-backend] [nio-8080-exec-1] c.u.backend.common.config.LogFilter      : Origin IP=[0:0:0:0:0:0:0:1]
2025-11-30T19:26:27.328-05:00 DEBUG 21128 --- [udipsai-backend] [nio-8080-exec-1] c.u.backend.common.config.LogFilter      : URI=[/api/areas]
2025-11-30T19:26:27.328-05:00 DEBUG 21128 --- [udipsai-backend] [io-8080-exec-10] c.u.backend.common.config.LogFilter      : URI=[/api/pacientes]
2025-11-30T19:26:27.329-05:00 DEBUG 21128 --- [udipsai-backend] [nio-8080-exec-1] c.u.backend.common.config.LogFilter      : Method=[GET]
2025-11-30T19:26:27.329-05:00 DEBUG 21128 --- [udipsai-backend] [io-8080-exec-10] c.u.backend.common.config.LogFilter      : Method=[GET]
2025-11-30T19:26:27.331-05:00 DEBUG 21128 --- [udipsai-backend] [nio-8080-exec-1] c.u.backend.common.config.LogFilter      : Host Header=[localhost:8080]
2025-11-30T19:26:27.331-05:00 DEBUG 21128 --- [udipsai-backend] [io-8080-exec-10] c.u.backend.common.config.LogFilter      : Host Header=[localhost:8080]
2025-11-30T19:26:27.332-05:00 DEBUG 21128 --- [udipsai-backend] [nio-8080-exec-1] c.u.backend.common.config.LogFilter      : Server IP=[0:0:0:0:0:0:0:1]
2025-11-30T19:26:27.332-05:00 DEBUG 21128 --- [udipsai-backend] [io-8080-exec-10] c.u.backend.common.config.LogFilter      : Server IP=[0:0:0:0:0:0:0:1]
2025-11-30T19:26:27.333-05:00 DEBUG 21128 --- [udipsai-backend] [nio-8080-exec-1] c.u.backend.common.config.LogFilter      : Content-Type=[null]
2025-11-30T19:26:27.333-05:00 DEBUG 21128 --- [udipsai-backend] [io-8080-exec-10] c.u.backend.common.config.LogFilter      : Content-Type=[null]
2025-11-30T19:26:27.334-05:00 DEBUG 21128 --- [udipsai-backend] [nio-8080-exec-1] c.u.backend.common.config.LogFilter      : User-Agent=[Mozilla/5.0 (Windows NT 10.0; Win64; x64) AppleWebKit/537.36 (KHTML, like Gecko) Chrome/142.0.0.0 Safari/537.36]
2025-11-30T19:26:27.335-05:00 DEBUG 21128 --- [udipsai-backend] [io-8080-exec-10] c.u.backend.common.config.LogFilter      : User-Agent=[Mozilla/5.0 (Windows NT 10.0; Win64; x64) AppleWebKit/537.36 (KHTML, like Gecko) Chrome/142.0.0.0 Safari/537.36]
2025-11-30T19:26:27.382-05:00  INFO 21128 --- [udipsai-backend] [nio-8080-exec-9] c.u.b.a.service.UsuarioSecurityService   : loadUserByUsername()
2025-11-30T19:26:27.382-05:00  INFO 21128 --- [udipsai-backend] [io-8080-exec-10] c.u.b.a.service.UsuarioSecurityService   : loadUserByUsername()
2025-11-30T19:26:27.383-05:00  INFO 21128 --- [udipsai-backend] [nio-8080-exec-9] c.u.b.a.service.UsuarioSecurityService   : Cargando usuario con cédula 1234567890
2025-11-30T19:26:27.382-05:00  INFO 21128 --- [udipsai-backend] [nio-8080-exec-1] c.u.b.a.service.UsuarioSecurityService   : loadUserByUsername()
2025-11-30T19:26:27.386-05:00  INFO 21128 --- [udipsai-backend] [nio-8080-exec-1] c.u.b.a.service.UsuarioSecurityService   : Cargando usuario con cédula 1234567890
2025-11-30T19:26:27.383-05:00  INFO 21128 --- [udipsai-backend] [io-8080-exec-10] c.u.b.a.service.UsuarioSecurityService   : Cargando usuario con cédula 1234567890
Hibernate: 
    select
        ue1_0.id_usuario,
        ue1_0.apellidos,
        ue1_0.cedula,
        ue1_0.celular,
        ue1_0.contrasenia,
        ue1_0.email,
        ue1_0.estado,
        ue1_0.fecha_creacion,
        ue1_0.fecha_modificacion,
        ue1_0.nombres 
    from
        usuarios ue1_0 
    where
        ue1_0.cedula=?
Hibernate: 
    select
        ue1_0.id_usuario,
        ue1_0.apellidos,
        ue1_0.cedula,
        ue1_0.celular,
        ue1_0.contrasenia,
        ue1_0.email,
        ue1_0.estado,
        ue1_0.fecha_creacion,
        ue1_0.fecha_modificacion,
        ue1_0.nombres 
    from
        usuarios ue1_0 
    where
        ue1_0.cedula=?
Hibernate: 
    select
        ue1_0.id_usuario,
        ue1_0.apellidos,
        ue1_0.cedula,
        ue1_0.celular,
        ue1_0.contrasenia,
        ue1_0.email,
        ue1_0.estado,
        ue1_0.fecha_creacion,
        ue1_0.fecha_modificacion,
        ue1_0.nombres 
    from
        usuarios ue1_0 
    where
        ue1_0.cedula=?
Hibernate: 
    select
        ur1_0.id_usuario,
        ur1_0.id_rol,
        r1_0.id_rol,
        r1_0.estado,
        r1_0.nombre,
        ur1_0.estado,
        ur1_0.fecha_asignacion 
    from
        usuarios_roles ur1_0 
    join
        roles r1_0 
            on r1_0.id_rol=ur1_0.id_rol 
    where
        ur1_0.id_usuario=?
Hibernate: 
    select
        ua1_0.id_usuario,
        ua1_0.id_area,
        a1_0.id_area,
        a1_0.estado,
        a1_0.nombre,
        ua1_0.estado,
        ua1_0.fecha_asignacion 
    from
        usuarios_areas ua1_0 
    join
        areas a1_0 
            on a1_0.id_area=ua1_0.id_area 
    where
        ua1_0.id_usuario=?
Hibernate: 
    select
        ur1_0.id_usuario,
        ur1_0.id_rol,
        r1_0.id_rol,
        r1_0.estado,
        r1_0.nombre,
        ur1_0.estado,
        ur1_0.fecha_asignacion 
    from
        usuarios_roles ur1_0 
    join
        roles r1_0 
            on r1_0.id_rol=ur1_0.id_rol 
    where
        ur1_0.id_usuario=?
2025-11-30T19:26:27.507-05:00  INFO 21128 --- [udipsai-backend] [nio-8080-exec-9] c.u.b.a.service.UsuarioSecurityService   : Usuario encontrado
Hibernate: 
    select
        ur1_0.id_usuario,
        ur1_0.id_rol,
        r1_0.id_rol,
        r1_0.estado,
        r1_0.nombre,
        ur1_0.estado,
        ur1_0.fecha_asignacion 
    from
        usuarios_roles ur1_0 
    join
        roles r1_0 
            on r1_0.id_rol=ur1_0.id_rol 
    where
        ur1_0.id_usuario=?
Hibernate: 
    select
        ua1_0.id_usuario,
        ua1_0.id_area,
        a1_0.id_area,
        a1_0.estado,
        a1_0.nombre,
        ua1_0.estado,
        ua1_0.fecha_asignacion 
    from
        usuarios_areas ua1_0 
    join
        areas a1_0 
            on a1_0.id_area=ua1_0.id_area 
    where
        ua1_0.id_usuario=?
Hibernate: 
    select
        ua1_0.id_usuario,
        ua1_0.id_area,
        a1_0.id_area,
        a1_0.estado,
        a1_0.nombre,
        ua1_0.estado,
        ua1_0.fecha_asignacion 
    from
        usuarios_areas ua1_0 
    join
        areas a1_0 
            on a1_0.id_area=ua1_0.id_area 
    where
        ua1_0.id_usuario=?
2025-11-30T19:26:27.522-05:00  INFO 21128 --- [udipsai-backend] [nio-8080-exec-1] c.u.b.a.service.UsuarioSecurityService   : Usuario encontrado
2025-11-30T19:26:27.522-05:00  INFO 21128 --- [udipsai-backend] [io-8080-exec-10] c.u.b.a.service.UsuarioSecurityService   : Usuario encontrado
2025-11-30T19:26:27.524-05:00 DEBUG 21128 --- [udipsai-backend] [nio-8080-exec-1] o.s.security.web.FilterChainProxy        : Secured GET /api/areas
2025-11-30T19:26:27.524-05:00 DEBUG 21128 --- [udipsai-backend] [nio-8080-exec-9] o.s.security.web.FilterChainProxy        : Secured GET /api/pacientes?page=0&size=5
2025-11-30T19:26:27.524-05:00 DEBUG 21128 --- [udipsai-backend] [io-8080-exec-10] o.s.security.web.FilterChainProxy        : Secured GET /api/pacientes?page=0&size=10
2025-11-30T19:26:27.533-05:00  INFO 21128 --- [udipsai-backend] [nio-8080-exec-1] c.u.b.usuarios.service.AreaService       : obtenerAreas()
2025-11-30T19:26:27.533-05:00  INFO 21128 --- [udipsai-backend] [nio-8080-exec-1] c.u.b.usuarios.service.AreaService       : Obteniendo todas las areas activas
Hibernate: 
    select
        ae1_0.id_area,
        ae1_0.estado,
        ae1_0.nombre 
    from
        areas ae1_0 
    where
        ae1_0.estado=?
2025-11-30T19:26:27.540-05:00  INFO 21128 --- [udipsai-backend] [nio-8080-exec-1] c.u.b.usuarios.service.AreaService       : 200 OK: Areas activas obtenidas correctamente
2025-11-30T19:26:27.540-05:00  INFO 21128 --- [udipsai-backend] [io-8080-exec-10] c.u.b.citas.service.PacienteService      : obtenerPacientes()
2025-11-30T19:26:27.540-05:00  INFO 21128 --- [udipsai-backend] [nio-8080-exec-9] c.u.b.citas.service.PacienteService      : obtenerPacientes()
2025-11-30T19:26:27.543-05:00  INFO 21128 --- [udipsai-backend] [io-8080-exec-10] c.u.b.citas.service.PacienteService      : Obteniendo todos los pacientes
2025-11-30T19:26:27.544-05:00  INFO 21128 --- [udipsai-backend] [nio-8080-exec-9] c.u.b.citas.service.PacienteService      : Obteniendo todos los pacientes
2025-11-30T19:26:27.549-05:00 DEBUG 21128 --- [udipsai-backend] [nio-8080-exec-1] c.u.backend.common.config.LogFilter      : Response Status=[200]
Hibernate: 
    select
        pe1_0.id,
        pe1_0.anio_educacion,
        pe1_0.anotaciones,
        pe1_0.barrio,
        pe1_0.cedula,
        pe1_0.celular,
        pe1_0.ciudad,
        pe1_0.diagnostico,
        pe1_0.domicilio,
        pe1_0.edad,
        pe1_0.fecha_apertura,
        pe1_0.fecha_nacimiento,
        pe1_0.institucion_educativa,
        pe1_0.jornada,
        pe1_0.motivo_consulta,
        pe1_0.nombre_examinador,
        pe1_0.nombres_apellidos,
        pe1_0.observaciones,
        pe1_0.paralelo,
        pe1_0.pertenece_inclusion,
        pe1_0.portador_carnet,
        pe1_0.sector,
        pe1_0.telefono,
        pe1_0.telefono_institucion,
        pe1_0.tiene_discapacidad,
        pe1_0.tipo_institucion 
    from
        paciente pe1_0 
    order by
        pe1_0.id desc 
    offset
        ? rows 
    fetch
        first ? rows only
Hibernate: 
    select
        pe1_0.id,
        pe1_0.anio_educacion,
        pe1_0.anotaciones,
        pe1_0.barrio,
        pe1_0.cedula,
        pe1_0.celular,
        pe1_0.ciudad,
        pe1_0.diagnostico,
        pe1_0.domicilio,
        pe1_0.edad,
        pe1_0.fecha_apertura,
        pe1_0.fecha_nacimiento,
        pe1_0.institucion_educativa,
        pe1_0.jornada,
        pe1_0.motivo_consulta,
        pe1_0.nombre_examinador,
        pe1_0.nombres_apellidos,
        pe1_0.observaciones,
        pe1_0.paralelo,
        pe1_0.pertenece_inclusion,
        pe1_0.portador_carnet,
        pe1_0.sector,
        pe1_0.telefono,
        pe1_0.telefono_institucion,
        pe1_0.tiene_discapacidad,
        pe1_0.tipo_institucion 
    from
        paciente pe1_0 
    order by
        pe1_0.id desc 
    offset
        ? rows 
    fetch
        first ? rows only
2025-11-30T19:26:27.632-05:00  INFO 21128 --- [udipsai-backend] [nio-8080-exec-9] c.u.b.citas.service.PacienteService      : 200 OK: Pacientes obtenidos correctamente
2025-11-30T19:26:27.633-05:00  INFO 21128 --- [udipsai-backend] [io-8080-exec-10] c.u.b.citas.service.PacienteService      : 200 OK: Pacientes obtenidos correctamente
2025-11-30T19:26:27.666-05:00  WARN 21128 --- [udipsai-backend] [io-8080-exec-10] PageModule$PlainPageSerializationWarning : Serializing PageImpl instances as-is is not supported, meaning that there is no guarantee about the stability of the resulting JSON structure!
	For a stable JSON structure, please use Spring Data's PagedModel (globally via @EnableSpringDataWebSupport(pageSerializationMode = VIA_DTO))
	or Spring HATEOAS and Spring Data's PagedResourcesAssembler as documented in https://docs.spring.io/spring-data/commons/reference/repositories/core-extensions.html#core.web.pageables.

2025-11-30T19:26:27.680-05:00 DEBUG 21128 --- [udipsai-backend] [io-8080-exec-10] c.u.backend.common.config.LogFilter      : Response Status=[200]
2025-11-30T19:26:27.679-05:00 DEBUG 21128 --- [udipsai-backend] [nio-8080-exec-9] c.u.backend.common.config.LogFilter      : Response Status=[200]
2025-11-30T19:26:28.287-05:00 DEBUG 21128 --- [udipsai-backend] [nio-8080-exec-2] o.s.security.web.FilterChainProxy        : Securing OPTIONS /api/citas?page=0&size=10
2025-11-30T19:26:28.287-05:00 DEBUG 21128 --- [udipsai-backend] [nio-8080-exec-3] o.s.security.web.FilterChainProxy        : Securing OPTIONS /api/citas?page=0&size=10
2025-11-30T19:26:28.306-05:00 DEBUG 21128 --- [udipsai-backend] [nio-8080-exec-4] o.s.security.web.FilterChainProxy        : Securing GET /api/citas?page=0&size=10
2025-11-30T19:26:28.310-05:00 DEBUG 21128 --- [udipsai-backend] [nio-8080-exec-4] c.u.backend.common.config.LogFilter      : ========== REQUEST DATA ==========
2025-11-30T19:26:28.312-05:00 DEBUG 21128 --- [udipsai-backend] [nio-8080-exec-4] c.u.backend.common.config.LogFilter      : Origin IP=[0:0:0:0:0:0:0:1]
2025-11-30T19:26:28.314-05:00 DEBUG 21128 --- [udipsai-backend] [nio-8080-exec-4] c.u.backend.common.config.LogFilter      : URI=[/api/citas]
2025-11-30T19:26:28.316-05:00 DEBUG 21128 --- [udipsai-backend] [nio-8080-exec-4] c.u.backend.common.config.LogFilter      : Method=[GET]
2025-11-30T19:26:28.316-05:00 DEBUG 21128 --- [udipsai-backend] [nio-8080-exec-4] c.u.backend.common.config.LogFilter      : Host Header=[localhost:8080]
2025-11-30T19:26:28.318-05:00 DEBUG 21128 --- [udipsai-backend] [nio-8080-exec-4] c.u.backend.common.config.LogFilter      : Server IP=[0:0:0:0:0:0:0:1]
2025-11-30T19:26:28.318-05:00 DEBUG 21128 --- [udipsai-backend] [nio-8080-exec-4] c.u.backend.common.config.LogFilter      : Content-Type=[null]
2025-11-30T19:26:28.320-05:00 DEBUG 21128 --- [udipsai-backend] [nio-8080-exec-4] c.u.backend.common.config.LogFilter      : User-Agent=[Mozilla/5.0 (Windows NT 10.0; Win64; x64) AppleWebKit/537.36 (KHTML, like Gecko) Chrome/142.0.0.0 Safari/537.36]
2025-11-30T19:26:28.322-05:00  INFO 21128 --- [udipsai-backend] [nio-8080-exec-4] c.u.b.a.service.UsuarioSecurityService   : loadUserByUsername()
2025-11-30T19:26:28.324-05:00  INFO 21128 --- [udipsai-backend] [nio-8080-exec-4] c.u.b.a.service.UsuarioSecurityService   : Cargando usuario con cédula 1234567890
Hibernate: 
    select
        ue1_0.id_usuario,
        ue1_0.apellidos,
        ue1_0.cedula,
        ue1_0.celular,
        ue1_0.contrasenia,
        ue1_0.email,
        ue1_0.estado,
        ue1_0.fecha_creacion,
        ue1_0.fecha_modificacion,
        ue1_0.nombres 
    from
        usuarios ue1_0 
    where
        ue1_0.cedula=?
Hibernate: 
    select
        ur1_0.id_usuario,
        ur1_0.id_rol,
        r1_0.id_rol,
        r1_0.estado,
        r1_0.nombre,
        ur1_0.estado,
        ur1_0.fecha_asignacion 
    from
        usuarios_roles ur1_0 
    join
        roles r1_0 
            on r1_0.id_rol=ur1_0.id_rol 
    where
        ur1_0.id_usuario=?
Hibernate: 
    select
        ua1_0.id_usuario,
        ua1_0.id_area,
        a1_0.id_area,
        a1_0.estado,
        a1_0.nombre,
        ua1_0.estado,
        ua1_0.fecha_asignacion 
    from
        usuarios_areas ua1_0 
    join
        areas a1_0 
            on a1_0.id_area=ua1_0.id_area 
    where
        ua1_0.id_usuario=?
2025-11-30T19:26:28.341-05:00  INFO 21128 --- [udipsai-backend] [nio-8080-exec-4] c.u.b.a.service.UsuarioSecurityService   : Usuario encontrado
2025-11-30T19:26:28.343-05:00 DEBUG 21128 --- [udipsai-backend] [nio-8080-exec-4] o.s.security.web.FilterChainProxy        : Secured GET /api/citas?page=0&size=10
2025-11-30T19:26:28.348-05:00  INFO 21128 --- [udipsai-backend] [nio-8080-exec-4] c.u.backend.citas.service.CitaService    : obtenerCitas()
2025-11-30T19:26:28.349-05:00  INFO 21128 --- [udipsai-backend] [nio-8080-exec-4] c.u.backend.citas.service.CitaService    : Obteniendo todas las Citas
Hibernate: 
    select
        ce1_0.id_cita,
        ce1_0.id_area,
        ce1_0.estado,
        ce1_0.fecha,
        ce1_0.fecha_creacion,
        ce1_0.fecha_modificacion,
        ce1_0.ficha_paciente,
        ce1_0.hora_fin,
        ce1_0.hora_inicio,
        ce1_0.id_profesional 
    from
        citas ce1_0 
    offset
        ? rows 
    fetch
        first ? rows only
2025-11-30T19:26:28.361-05:00 ERROR 21128 --- [udipsai-backend] [nio-8080-exec-4] c.u.b.c.e.GlobalExceptionHandler         : 404 NOT FOUND: Recurso no encontrado - No existen citas registradas
2025-11-30T19:26:28.374-05:00 DEBUG 21128 --- [udipsai-backend] [nio-8080-exec-4] c.u.backend.common.config.LogFilter      : Response Status=[404]
2025-11-30T19:26:28.374-05:00 DEBUG 21128 --- [udipsai-backend] [nio-8080-exec-5] o.s.security.web.FilterChainProxy        : Securing GET /api/citas?page=0&size=10
2025-11-30T19:26:28.382-05:00 DEBUG 21128 --- [udipsai-backend] [nio-8080-exec-5] c.u.backend.common.config.LogFilter      : ========== REQUEST DATA ==========
2025-11-30T19:26:28.384-05:00 DEBUG 21128 --- [udipsai-backend] [nio-8080-exec-5] c.u.backend.common.config.LogFilter      : Origin IP=[0:0:0:0:0:0:0:1]
2025-11-30T19:26:28.384-05:00 DEBUG 21128 --- [udipsai-backend] [nio-8080-exec-5] c.u.backend.common.config.LogFilter      : URI=[/api/citas]
2025-11-30T19:26:28.386-05:00 DEBUG 21128 --- [udipsai-backend] [nio-8080-exec-5] c.u.backend.common.config.LogFilter      : Method=[GET]
2025-11-30T19:26:28.386-05:00 DEBUG 21128 --- [udipsai-backend] [nio-8080-exec-5] c.u.backend.common.config.LogFilter      : Host Header=[localhost:8080]
2025-11-30T19:26:28.388-05:00 DEBUG 21128 --- [udipsai-backend] [nio-8080-exec-5] c.u.backend.common.config.LogFilter      : Server IP=[0:0:0:0:0:0:0:1]
2025-11-30T19:26:28.389-05:00 DEBUG 21128 --- [udipsai-backend] [nio-8080-exec-5] c.u.backend.common.config.LogFilter      : Content-Type=[null]
2025-11-30T19:26:28.391-05:00 DEBUG 21128 --- [udipsai-backend] [nio-8080-exec-5] c.u.backend.common.config.LogFilter      : User-Agent=[Mozilla/5.0 (Windows NT 10.0; Win64; x64) AppleWebKit/537.36 (KHTML, like Gecko) Chrome/142.0.0.0 Safari/537.36]
2025-11-30T19:26:28.393-05:00  INFO 21128 --- [udipsai-backend] [nio-8080-exec-5] c.u.b.a.service.UsuarioSecurityService   : loadUserByUsername()
2025-11-30T19:26:28.397-05:00  INFO 21128 --- [udipsai-backend] [nio-8080-exec-5] c.u.b.a.service.UsuarioSecurityService   : Cargando usuario con cédula 1234567890
Hibernate: 
    select
        ue1_0.id_usuario,
        ue1_0.apellidos,
        ue1_0.cedula,
        ue1_0.celular,
        ue1_0.contrasenia,
        ue1_0.email,
        ue1_0.estado,
        ue1_0.fecha_creacion,
        ue1_0.fecha_modificacion,
        ue1_0.nombres 
    from
        usuarios ue1_0 
    where
        ue1_0.cedula=?
Hibernate: 
    select
        ur1_0.id_usuario,
        ur1_0.id_rol,
        r1_0.id_rol,
        r1_0.estado,
        r1_0.nombre,
        ur1_0.estado,
        ur1_0.fecha_asignacion 
    from
        usuarios_roles ur1_0 
    join
        roles r1_0 
            on r1_0.id_rol=ur1_0.id_rol 
    where
        ur1_0.id_usuario=?
Hibernate: 
    select
        ua1_0.id_usuario,
        ua1_0.id_area,
        a1_0.id_area,
        a1_0.estado,
        a1_0.nombre,
        ua1_0.estado,
        ua1_0.fecha_asignacion 
    from
        usuarios_areas ua1_0 
    join
        areas a1_0 
            on a1_0.id_area=ua1_0.id_area 
    where
        ua1_0.id_usuario=?
2025-11-30T19:26:28.409-05:00  INFO 21128 --- [udipsai-backend] [nio-8080-exec-5] c.u.b.a.service.UsuarioSecurityService   : Usuario encontrado
2025-11-30T19:26:28.414-05:00 DEBUG 21128 --- [udipsai-backend] [nio-8080-exec-5] o.s.security.web.FilterChainProxy        : Secured GET /api/citas?page=0&size=10
2025-11-30T19:26:28.416-05:00  INFO 21128 --- [udipsai-backend] [nio-8080-exec-5] c.u.backend.citas.service.CitaService    : obtenerCitas()
2025-11-30T19:26:28.417-05:00  INFO 21128 --- [udipsai-backend] [nio-8080-exec-5] c.u.backend.citas.service.CitaService    : Obteniendo todas las Citas
Hibernate: 
    select
        ce1_0.id_cita,
        ce1_0.id_area,
        ce1_0.estado,
        ce1_0.fecha,
        ce1_0.fecha_creacion,
        ce1_0.fecha_modificacion,
        ce1_0.ficha_paciente,
        ce1_0.hora_fin,
        ce1_0.hora_inicio,
        ce1_0.id_profesional 
    from
        citas ce1_0 
    offset
        ? rows 
    fetch
        first ? rows only
2025-11-30T19:26:28.422-05:00 ERROR 21128 --- [udipsai-backend] [nio-8080-exec-5] c.u.b.c.e.GlobalExceptionHandler         : 404 NOT FOUND: Recurso no encontrado - No existen citas registradas
2025-11-30T19:26:28.425-05:00 DEBUG 21128 --- [udipsai-backend] [nio-8080-exec-5] c.u.backend.common.config.LogFilter      : Response Status=[404]
2025-11-30T19:26:29.370-05:00 DEBUG 21128 --- [udipsai-backend] [nio-8080-exec-6] o.s.security.web.FilterChainProxy        : Securing OPTIONS /api/profesionales?page=0&size=10
2025-11-30T19:26:29.373-05:00 DEBUG 21128 --- [udipsai-backend] [nio-8080-exec-8] o.s.security.web.FilterChainProxy        : Securing GET /api/areas
2025-11-30T19:26:29.381-05:00 DEBUG 21128 --- [udipsai-backend] [nio-8080-exec-8] c.u.backend.common.config.LogFilter      : ========== REQUEST DATA ==========
2025-11-30T19:26:29.381-05:00 DEBUG 21128 --- [udipsai-backend] [nio-8080-exec-7] o.s.security.web.FilterChainProxy        : Securing GET /api/profesionales?page=0&size=10
2025-11-30T19:26:29.382-05:00 DEBUG 21128 --- [udipsai-backend] [nio-8080-exec-8] c.u.backend.common.config.LogFilter      : Origin IP=[0:0:0:0:0:0:0:1]
2025-11-30T19:26:29.383-05:00 DEBUG 21128 --- [udipsai-backend] [nio-8080-exec-8] c.u.backend.common.config.LogFilter      : URI=[/api/areas]
2025-11-30T19:26:29.384-05:00 DEBUG 21128 --- [udipsai-backend] [nio-8080-exec-7] c.u.backend.common.config.LogFilter      : ========== REQUEST DATA ==========
2025-11-30T19:26:29.384-05:00 DEBUG 21128 --- [udipsai-backend] [nio-8080-exec-8] c.u.backend.common.config.LogFilter      : Method=[GET]
2025-11-30T19:26:29.384-05:00 DEBUG 21128 --- [udipsai-backend] [nio-8080-exec-7] c.u.backend.common.config.LogFilter      : Origin IP=[0:0:0:0:0:0:0:1]
2025-11-30T19:26:29.385-05:00 DEBUG 21128 --- [udipsai-backend] [nio-8080-exec-8] c.u.backend.common.config.LogFilter      : Host Header=[localhost:8080]
2025-11-30T19:26:29.385-05:00 DEBUG 21128 --- [udipsai-backend] [nio-8080-exec-7] c.u.backend.common.config.LogFilter      : URI=[/api/profesionales]
2025-11-30T19:26:29.386-05:00 DEBUG 21128 --- [udipsai-backend] [nio-8080-exec-8] c.u.backend.common.config.LogFilter      : Server IP=[0:0:0:0:0:0:0:1]
2025-11-30T19:26:29.386-05:00 DEBUG 21128 --- [udipsai-backend] [nio-8080-exec-7] c.u.backend.common.config.LogFilter      : Method=[GET]
2025-11-30T19:26:29.388-05:00 DEBUG 21128 --- [udipsai-backend] [nio-8080-exec-7] c.u.backend.common.config.LogFilter      : Host Header=[localhost:8080]
2025-11-30T19:26:29.388-05:00 DEBUG 21128 --- [udipsai-backend] [nio-8080-exec-8] c.u.backend.common.config.LogFilter      : Content-Type=[null]
2025-11-30T19:26:29.388-05:00 DEBUG 21128 --- [udipsai-backend] [nio-8080-exec-7] c.u.backend.common.config.LogFilter      : Server IP=[0:0:0:0:0:0:0:1]
2025-11-30T19:26:29.388-05:00 DEBUG 21128 --- [udipsai-backend] [nio-8080-exec-8] c.u.backend.common.config.LogFilter      : User-Agent=[Mozilla/5.0 (Windows NT 10.0; Win64; x64) AppleWebKit/537.36 (KHTML, like Gecko) Chrome/142.0.0.0 Safari/537.36]
2025-11-30T19:26:29.389-05:00 DEBUG 21128 --- [udipsai-backend] [nio-8080-exec-7] c.u.backend.common.config.LogFilter      : Content-Type=[null]
2025-11-30T19:26:29.390-05:00 DEBUG 21128 --- [udipsai-backend] [nio-8080-exec-7] c.u.backend.common.config.LogFilter      : User-Agent=[Mozilla/5.0 (Windows NT 10.0; Win64; x64) AppleWebKit/537.36 (KHTML, like Gecko) Chrome/142.0.0.0 Safari/537.36]
2025-11-30T19:26:29.390-05:00  INFO 21128 --- [udipsai-backend] [nio-8080-exec-8] c.u.b.a.service.UsuarioSecurityService   : loadUserByUsername()
2025-11-30T19:26:29.391-05:00  INFO 21128 --- [udipsai-backend] [nio-8080-exec-8] c.u.b.a.service.UsuarioSecurityService   : Cargando usuario con cédula 1234567890
2025-11-30T19:26:29.392-05:00  INFO 21128 --- [udipsai-backend] [nio-8080-exec-7] c.u.b.a.service.UsuarioSecurityService   : loadUserByUsername()
2025-11-30T19:26:29.393-05:00  INFO 21128 --- [udipsai-backend] [nio-8080-exec-7] c.u.b.a.service.UsuarioSecurityService   : Cargando usuario con cédula 1234567890
Hibernate: 
    select
        ue1_0.id_usuario,
        ue1_0.apellidos,
        ue1_0.cedula,
        ue1_0.celular,
        ue1_0.contrasenia,
        ue1_0.email,
        ue1_0.estado,
        ue1_0.fecha_creacion,
        ue1_0.fecha_modificacion,
        ue1_0.nombres 
    from
        usuarios ue1_0 
    where
        ue1_0.cedula=?
Hibernate: 
    select
        ue1_0.id_usuario,
        ue1_0.apellidos,
        ue1_0.cedula,
        ue1_0.celular,
        ue1_0.contrasenia,
        ue1_0.email,
        ue1_0.estado,
        ue1_0.fecha_creacion,
        ue1_0.fecha_modificacion,
        ue1_0.nombres 
    from
        usuarios ue1_0 
    where
        ue1_0.cedula=?
Hibernate: 
    select
        ur1_0.id_usuario,
        ur1_0.id_rol,
        r1_0.id_rol,
        r1_0.estado,
        r1_0.nombre,
        ur1_0.estado,
        ur1_0.fecha_asignacion 
    from
        usuarios_roles ur1_0 
    join
        roles r1_0 
            on r1_0.id_rol=ur1_0.id_rol 
    where
        ur1_0.id_usuario=?
Hibernate: 
    select
        ur1_0.id_usuario,
        ur1_0.id_rol,
        r1_0.id_rol,
        r1_0.estado,
        r1_0.nombre,
        ur1_0.estado,
        ur1_0.fecha_asignacion 
    from
        usuarios_roles ur1_0 
    join
        roles r1_0 
            on r1_0.id_rol=ur1_0.id_rol 
    where
        ur1_0.id_usuario=?
Hibernate: 
    select
        ua1_0.id_usuario,
        ua1_0.id_area,
        a1_0.id_area,
        a1_0.estado,
        a1_0.nombre,
        ua1_0.estado,
        ua1_0.fecha_asignacion 
    from
        usuarios_areas ua1_0 
    join
        areas a1_0 
            on a1_0.id_area=ua1_0.id_area 
    where
        ua1_0.id_usuario=?
Hibernate: 
    select
        ua1_0.id_usuario,
        ua1_0.id_area,
        a1_0.id_area,
        a1_0.estado,
        a1_0.nombre,
        ua1_0.estado,
        ua1_0.fecha_asignacion 
    from
        usuarios_areas ua1_0 
    join
        areas a1_0 
            on a1_0.id_area=ua1_0.id_area 
    where
        ua1_0.id_usuario=?
2025-11-30T19:26:29.403-05:00  INFO 21128 --- [udipsai-backend] [nio-8080-exec-8] c.u.b.a.service.UsuarioSecurityService   : Usuario encontrado
2025-11-30T19:26:29.404-05:00  INFO 21128 --- [udipsai-backend] [nio-8080-exec-7] c.u.b.a.service.UsuarioSecurityService   : Usuario encontrado
2025-11-30T19:26:29.405-05:00 DEBUG 21128 --- [udipsai-backend] [nio-8080-exec-8] o.s.security.web.FilterChainProxy        : Secured GET /api/areas
2025-11-30T19:26:29.406-05:00 DEBUG 21128 --- [udipsai-backend] [nio-8080-exec-7] o.s.security.web.FilterChainProxy        : Secured GET /api/profesionales?page=0&size=10
2025-11-30T19:26:29.407-05:00  INFO 21128 --- [udipsai-backend] [nio-8080-exec-8] c.u.b.usuarios.service.AreaService       : obtenerAreas()
2025-11-30T19:26:29.409-05:00  INFO 21128 --- [udipsai-backend] [nio-8080-exec-8] c.u.b.usuarios.service.AreaService       : Obteniendo todas las areas activas
2025-11-30T19:26:29.409-05:00  INFO 21128 --- [udipsai-backend] [nio-8080-exec-7] c.u.b.u.service.ProfesionalService       : obtenerProfesionales()
2025-11-30T19:26:29.412-05:00  INFO 21128 --- [udipsai-backend] [nio-8080-exec-7] c.u.b.u.service.ProfesionalService       : Obteniendo profesionales activos
Hibernate: 
    select
        ae1_0.id_area,
        ae1_0.estado,
        ae1_0.nombre 
    from
        areas ae1_0 
    where
        ae1_0.estado=?
2025-11-30T19:26:29.416-05:00  INFO 21128 --- [udipsai-backend] [nio-8080-exec-8] c.u.b.usuarios.service.AreaService       : 200 OK: Areas activas obtenidas correctamente
2025-11-30T19:26:29.421-05:00 DEBUG 21128 --- [udipsai-backend] [nio-8080-exec-8] c.u.backend.common.config.LogFilter      : Response Status=[200]
Hibernate: 
    select
        pe1_0.id_profesional,
        pe1_0.especialidad,
        pe1_0.estado,
        pe1_0.id_usuario 
    from
        profesionales pe1_0 
    where
        pe1_0.estado in ('A', 'B') 
    offset
        ? rows 
    fetch
        first ? rows only
2025-11-30T19:26:29.434-05:00  INFO 21128 --- [udipsai-backend] [nio-8080-exec-7] c.u.b.u.service.ProfesionalService       : 200 OK: Profesionales activos obtenidos correctamente
2025-11-30T19:26:29.441-05:00 DEBUG 21128 --- [udipsai-backend] [nio-8080-exec-7] c.u.backend.common.config.LogFilter      : Response Status=[200]
2025-11-30T19:26:30.530-05:00 DEBUG 21128 --- [udipsai-backend] [nio-8080-exec-1] o.s.security.web.FilterChainProxy        : Securing OPTIONS /api/pasantes?page=0&size=5
2025-11-30T19:26:30.533-05:00 DEBUG 21128 --- [udipsai-backend] [nio-8080-exec-9] o.s.security.web.FilterChainProxy        : Securing GET /api/areas
2025-11-30T19:26:30.536-05:00 DEBUG 21128 --- [udipsai-backend] [io-8080-exec-10] o.s.security.web.FilterChainProxy        : Securing OPTIONS /api/pasantes?page=0&size=10
2025-11-30T19:26:30.548-05:00 DEBUG 21128 --- [udipsai-backend] [nio-8080-exec-9] c.u.backend.common.config.LogFilter      : ========== REQUEST DATA ==========
2025-11-30T19:26:30.549-05:00 DEBUG 21128 --- [udipsai-backend] [nio-8080-exec-9] c.u.backend.common.config.LogFilter      : Origin IP=[0:0:0:0:0:0:0:1]
2025-11-30T19:26:30.550-05:00 DEBUG 21128 --- [udipsai-backend] [nio-8080-exec-9] c.u.backend.common.config.LogFilter      : URI=[/api/areas]
2025-11-30T19:26:30.551-05:00 DEBUG 21128 --- [udipsai-backend] [nio-8080-exec-9] c.u.backend.common.config.LogFilter      : Method=[GET]
2025-11-30T19:26:30.552-05:00 DEBUG 21128 --- [udipsai-backend] [nio-8080-exec-9] c.u.backend.common.config.LogFilter      : Host Header=[localhost:8080]
2025-11-30T19:26:30.553-05:00 DEBUG 21128 --- [udipsai-backend] [nio-8080-exec-9] c.u.backend.common.config.LogFilter      : Server IP=[0:0:0:0:0:0:0:1]
2025-11-30T19:26:30.554-05:00 DEBUG 21128 --- [udipsai-backend] [nio-8080-exec-9] c.u.backend.common.config.LogFilter      : Content-Type=[null]
2025-11-30T19:26:30.554-05:00 DEBUG 21128 --- [udipsai-backend] [nio-8080-exec-9] c.u.backend.common.config.LogFilter      : User-Agent=[Mozilla/5.0 (Windows NT 10.0; Win64; x64) AppleWebKit/537.36 (KHTML, like Gecko) Chrome/142.0.0.0 Safari/537.36]
2025-11-30T19:26:30.555-05:00 DEBUG 21128 --- [udipsai-backend] [nio-8080-exec-2] o.s.security.web.FilterChainProxy        : Securing GET /api/pasantes?page=0&size=5
2025-11-30T19:26:30.555-05:00 DEBUG 21128 --- [udipsai-backend] [nio-8080-exec-3] o.s.security.web.FilterChainProxy        : Securing GET /api/pasantes?page=0&size=10
2025-11-30T19:26:30.556-05:00  INFO 21128 --- [udipsai-backend] [nio-8080-exec-9] c.u.b.a.service.UsuarioSecurityService   : loadUserByUsername()
2025-11-30T19:26:30.557-05:00 DEBUG 21128 --- [udipsai-backend] [nio-8080-exec-2] c.u.backend.common.config.LogFilter      : ========== REQUEST DATA ==========
2025-11-30T19:26:30.557-05:00  INFO 21128 --- [udipsai-backend] [nio-8080-exec-9] c.u.b.a.service.UsuarioSecurityService   : Cargando usuario con cédula 1234567890
2025-11-30T19:26:30.558-05:00 DEBUG 21128 --- [udipsai-backend] [nio-8080-exec-2] c.u.backend.common.config.LogFilter      : Origin IP=[0:0:0:0:0:0:0:1]
2025-11-30T19:26:30.558-05:00 DEBUG 21128 --- [udipsai-backend] [nio-8080-exec-3] c.u.backend.common.config.LogFilter      : ========== REQUEST DATA ==========
2025-11-30T19:26:30.559-05:00 DEBUG 21128 --- [udipsai-backend] [nio-8080-exec-2] c.u.backend.common.config.LogFilter      : URI=[/api/pasantes]
2025-11-30T19:26:30.559-05:00 DEBUG 21128 --- [udipsai-backend] [nio-8080-exec-3] c.u.backend.common.config.LogFilter      : Origin IP=[0:0:0:0:0:0:0:1]
2025-11-30T19:26:30.560-05:00 DEBUG 21128 --- [udipsai-backend] [nio-8080-exec-2] c.u.backend.common.config.LogFilter      : Method=[GET]
Hibernate: 
    select
        ue1_0.id_usuario,
        ue1_0.apellidos,
        ue1_0.cedula,
        ue1_0.celular,
        ue1_0.contrasenia,
        ue1_0.email,
        ue1_0.estado,
        ue1_0.fecha_creacion,
        ue1_0.fecha_modificacion,
        ue1_0.nombres 
    from
        usuarios ue1_0 
    where
        ue1_0.cedula=?
2025-11-30T19:26:30.560-05:00 DEBUG 21128 --- [udipsai-backend] [nio-8080-exec-3] c.u.backend.common.config.LogFilter      : URI=[/api/pasantes]
2025-11-30T19:26:30.562-05:00 DEBUG 21128 --- [udipsai-backend] [nio-8080-exec-3] c.u.backend.common.config.LogFilter      : Method=[GET]
2025-11-30T19:26:30.564-05:00 DEBUG 21128 --- [udipsai-backend] [nio-8080-exec-3] c.u.backend.common.config.LogFilter      : Host Header=[localhost:8080]
2025-11-30T19:26:30.566-05:00 DEBUG 21128 --- [udipsai-backend] [nio-8080-exec-3] c.u.backend.common.config.LogFilter      : Server IP=[0:0:0:0:0:0:0:1]
2025-11-30T19:26:30.561-05:00 DEBUG 21128 --- [udipsai-backend] [nio-8080-exec-2] c.u.backend.common.config.LogFilter      : Host Header=[localhost:8080]
2025-11-30T19:26:30.567-05:00 DEBUG 21128 --- [udipsai-backend] [nio-8080-exec-2] c.u.backend.common.config.LogFilter      : Server IP=[0:0:0:0:0:0:0:1]
Hibernate: 
    select
        ur1_0.id_usuario,
        ur1_0.id_rol,
        r1_0.id_rol,
        r1_0.estado,
        r1_0.nombre,
        ur1_0.estado,
        ur1_0.fecha_asignacion 
    from
        usuarios_roles ur1_0 
    join
        roles r1_0 
            on r1_0.id_rol=ur1_0.id_rol 
    where
        ur1_0.id_usuario=?
2025-11-30T19:26:30.567-05:00 DEBUG 21128 --- [udipsai-backend] [nio-8080-exec-3] c.u.backend.common.config.LogFilter      : Content-Type=[null]
2025-11-30T19:26:30.569-05:00 DEBUG 21128 --- [udipsai-backend] [nio-8080-exec-2] c.u.backend.common.config.LogFilter      : Content-Type=[null]
2025-11-30T19:26:30.569-05:00 DEBUG 21128 --- [udipsai-backend] [nio-8080-exec-3] c.u.backend.common.config.LogFilter      : User-Agent=[Mozilla/5.0 (Windows NT 10.0; Win64; x64) AppleWebKit/537.36 (KHTML, like Gecko) Chrome/142.0.0.0 Safari/537.36]
2025-11-30T19:26:30.571-05:00 DEBUG 21128 --- [udipsai-backend] [nio-8080-exec-2] c.u.backend.common.config.LogFilter      : User-Agent=[Mozilla/5.0 (Windows NT 10.0; Win64; x64) AppleWebKit/537.36 (KHTML, like Gecko) Chrome/142.0.0.0 Safari/537.36]
Hibernate: 
    select
        ua1_0.id_usuario,
        ua1_0.id_area,
        a1_0.id_area,
        a1_0.estado,
        a1_0.nombre,
        ua1_0.estado,
        ua1_0.fecha_asignacion 
    from
        usuarios_areas ua1_0 
    join
        areas a1_0 
            on a1_0.id_area=ua1_0.id_area 
    where
        ua1_0.id_usuario=?
2025-11-30T19:26:30.573-05:00  INFO 21128 --- [udipsai-backend] [nio-8080-exec-3] c.u.b.a.service.UsuarioSecurityService   : loadUserByUsername()
2025-11-30T19:26:30.573-05:00  INFO 21128 --- [udipsai-backend] [nio-8080-exec-2] c.u.b.a.service.UsuarioSecurityService   : loadUserByUsername()
2025-11-30T19:26:30.574-05:00  INFO 21128 --- [udipsai-backend] [nio-8080-exec-3] c.u.b.a.service.UsuarioSecurityService   : Cargando usuario con cédula 1234567890
2025-11-30T19:26:30.574-05:00  INFO 21128 --- [udipsai-backend] [nio-8080-exec-2] c.u.b.a.service.UsuarioSecurityService   : Cargando usuario con cédula 1234567890
2025-11-30T19:26:30.575-05:00  INFO 21128 --- [udipsai-backend] [nio-8080-exec-9] c.u.b.a.service.UsuarioSecurityService   : Usuario encontrado
2025-11-30T19:26:30.577-05:00 DEBUG 21128 --- [udipsai-backend] [nio-8080-exec-9] o.s.security.web.FilterChainProxy        : Secured GET /api/areas
Hibernate: 
    select
        ue1_0.id_usuario,
        ue1_0.apellidos,
        ue1_0.cedula,
        ue1_0.celular,
        ue1_0.contrasenia,
        ue1_0.email,
        ue1_0.estado,
        ue1_0.fecha_creacion,
        ue1_0.fecha_modificacion,
        ue1_0.nombres 
    from
        usuarios ue1_0 
    where
        ue1_0.cedula=?
Hibernate: 
    select
        ue1_0.id_usuario,
        ue1_0.apellidos,
        ue1_0.cedula,
        ue1_0.celular,
        ue1_0.contrasenia,
        ue1_0.email,
        ue1_0.estado,
        ue1_0.fecha_creacion,
        ue1_0.fecha_modificacion,
        ue1_0.nombres 
    from
        usuarios ue1_0 
    where
        ue1_0.cedula=?
2025-11-30T19:26:30.579-05:00  INFO 21128 --- [udipsai-backend] [nio-8080-exec-9] c.u.b.usuarios.service.AreaService       : obtenerAreas()
Hibernate: 
    select
        ur1_0.id_usuario,
        ur1_0.id_rol,
        r1_0.id_rol,
        r1_0.estado,
        r1_0.nombre,
        ur1_0.estado,
        ur1_0.fecha_asignacion 
    from
        usuarios_roles ur1_0 
    join
        roles r1_0 
            on r1_0.id_rol=ur1_0.id_rol 
    where
        ur1_0.id_usuario=?
2025-11-30T19:26:30.582-05:00  INFO 21128 --- [udipsai-backend] [nio-8080-exec-9] c.u.b.usuarios.service.AreaService       : Obteniendo todas las areas activas
Hibernate: 
    select
        ur1_0.id_usuario,
        ur1_0.id_rol,
        r1_0.id_rol,
        r1_0.estado,
        r1_0.nombre,
        ur1_0.estado,
        ur1_0.fecha_asignacion 
    from
        usuarios_roles ur1_0 
    join
        roles r1_0 
            on r1_0.id_rol=ur1_0.id_rol 
    where
        ur1_0.id_usuario=?
Hibernate: 
    select
        ae1_0.id_area,
        ae1_0.estado,
        ae1_0.nombre 
    from
        areas ae1_0 
    where
        ae1_0.estado=?
Hibernate: 
    select
        ua1_0.id_usuario,
        ua1_0.id_area,
        a1_0.id_area,
        a1_0.estado,
        a1_0.nombre,
        ua1_0.estado,
        ua1_0.fecha_asignacion 
    from
        usuarios_areas ua1_0 
    join
        areas a1_0 
            on a1_0.id_area=ua1_0.id_area 
    where
        ua1_0.id_usuario=?
Hibernate: 
    select
        ua1_0.id_usuario,
        ua1_0.id_area,
        a1_0.id_area,
        a1_0.estado,
        a1_0.nombre,
        ua1_0.estado,
        ua1_0.fecha_asignacion 
    from
        usuarios_areas ua1_0 
    join
        areas a1_0 
            on a1_0.id_area=ua1_0.id_area 
    where
        ua1_0.id_usuario=?
2025-11-30T19:26:30.587-05:00  INFO 21128 --- [udipsai-backend] [nio-8080-exec-9] c.u.b.usuarios.service.AreaService       : 200 OK: Areas activas obtenidas correctamente
2025-11-30T19:26:30.587-05:00  INFO 21128 --- [udipsai-backend] [nio-8080-exec-3] c.u.b.a.service.UsuarioSecurityService   : Usuario encontrado
2025-11-30T19:26:30.589-05:00  INFO 21128 --- [udipsai-backend] [nio-8080-exec-2] c.u.b.a.service.UsuarioSecurityService   : Usuario encontrado
2025-11-30T19:26:30.591-05:00 DEBUG 21128 --- [udipsai-backend] [nio-8080-exec-3] o.s.security.web.FilterChainProxy        : Secured GET /api/pasantes?page=0&size=10
2025-11-30T19:26:30.591-05:00 DEBUG 21128 --- [udipsai-backend] [nio-8080-exec-2] o.s.security.web.FilterChainProxy        : Secured GET /api/pasantes?page=0&size=5
2025-11-30T19:26:30.627-05:00 DEBUG 21128 --- [udipsai-backend] [nio-8080-exec-9] c.u.backend.common.config.LogFilter      : Response Status=[200]
2025-11-30T19:26:30.631-05:00  INFO 21128 --- [udipsai-backend] [nio-8080-exec-2] c.u.b.usuarios.service.PasanteService    : obtenerPasantes()
2025-11-30T19:26:30.631-05:00  INFO 21128 --- [udipsai-backend] [nio-8080-exec-3] c.u.b.usuarios.service.PasanteService    : obtenerPasantes()
2025-11-30T19:26:30.631-05:00  INFO 21128 --- [udipsai-backend] [nio-8080-exec-2] c.u.b.usuarios.service.PasanteService    : Obteniendo pasantes activos
2025-11-30T19:26:30.631-05:00  INFO 21128 --- [udipsai-backend] [nio-8080-exec-3] c.u.b.usuarios.service.PasanteService    : Obteniendo pasantes activos
Hibernate: 
    select
        pe1_0.id_pasante,
        pe1_0.carrera,
        pe1_0.estado,
        pe1_0.id_usuario 
    from
        pasantes pe1_0 
    where
        pe1_0.estado in ('A', 'B') 
    offset
        ? rows 
    fetch
        first ? rows only
Hibernate: 
    select
        pe1_0.id_pasante,
        pe1_0.carrera,
        pe1_0.estado,
        pe1_0.id_usuario 
    from
        pasantes pe1_0 
    where
        pe1_0.estado in ('A', 'B') 
    offset
        ? rows 
    fetch
        first ? rows only
2025-11-30T19:26:30.641-05:00  INFO 21128 --- [udipsai-backend] [nio-8080-exec-3] c.u.b.usuarios.service.PasanteService    : 200 OK: Pasantes activos obtenidos correctamente
2025-11-30T19:26:30.641-05:00  INFO 21128 --- [udipsai-backend] [nio-8080-exec-2] c.u.b.usuarios.service.PasanteService    : 200 OK: Pasantes activos obtenidos correctamente
2025-11-30T19:26:30.647-05:00 DEBUG 21128 --- [udipsai-backend] [nio-8080-exec-2] c.u.backend.common.config.LogFilter      : Response Status=[200]
2025-11-30T19:26:30.652-05:00 DEBUG 21128 --- [udipsai-backend] [nio-8080-exec-3] c.u.backend.common.config.LogFilter      : Response Status=[200]
2025-11-30T19:26:32.083-05:00 DEBUG 21128 --- [udipsai-backend] [nio-8080-exec-6] o.s.security.web.FilterChainProxy        : Securing GET /api/areas
2025-11-30T19:26:32.083-05:00 DEBUG 21128 --- [udipsai-backend] [nio-8080-exec-4] o.s.security.web.FilterChainProxy        : Securing OPTIONS /api/coordinadores?page=0&size=10
2025-11-30T19:26:32.083-05:00 DEBUG 21128 --- [udipsai-backend] [nio-8080-exec-5] o.s.security.web.FilterChainProxy        : Securing OPTIONS /api/coordinadores?page=0&size=10
2025-11-30T19:26:32.097-05:00 DEBUG 21128 --- [udipsai-backend] [nio-8080-exec-6] c.u.backend.common.config.LogFilter      : ========== REQUEST DATA ==========
2025-11-30T19:26:32.098-05:00 DEBUG 21128 --- [udipsai-backend] [nio-8080-exec-6] c.u.backend.common.config.LogFilter      : Origin IP=[0:0:0:0:0:0:0:1]
2025-11-30T19:26:32.100-05:00 DEBUG 21128 --- [udipsai-backend] [nio-8080-exec-6] c.u.backend.common.config.LogFilter      : URI=[/api/areas]
2025-11-30T19:26:32.101-05:00 DEBUG 21128 --- [udipsai-backend] [nio-8080-exec-6] c.u.backend.common.config.LogFilter      : Method=[GET]
2025-11-30T19:26:32.102-05:00 DEBUG 21128 --- [udipsai-backend] [nio-8080-exec-6] c.u.backend.common.config.LogFilter      : Host Header=[localhost:8080]
2025-11-30T19:26:32.103-05:00 DEBUG 21128 --- [udipsai-backend] [nio-8080-exec-6] c.u.backend.common.config.LogFilter      : Server IP=[0:0:0:0:0:0:0:1]
2025-11-30T19:26:32.103-05:00 DEBUG 21128 --- [udipsai-backend] [nio-8080-exec-6] c.u.backend.common.config.LogFilter      : Content-Type=[null]
2025-11-30T19:26:32.105-05:00 DEBUG 21128 --- [udipsai-backend] [nio-8080-exec-6] c.u.backend.common.config.LogFilter      : User-Agent=[Mozilla/5.0 (Windows NT 10.0; Win64; x64) AppleWebKit/537.36 (KHTML, like Gecko) Chrome/142.0.0.0 Safari/537.36]
2025-11-30T19:26:32.106-05:00 DEBUG 21128 --- [udipsai-backend] [nio-8080-exec-8] o.s.security.web.FilterChainProxy        : Securing GET /api/coordinadores?page=0&size=10
2025-11-30T19:26:32.107-05:00  INFO 21128 --- [udipsai-backend] [nio-8080-exec-6] c.u.b.a.service.UsuarioSecurityService   : loadUserByUsername()
2025-11-30T19:26:32.107-05:00 DEBUG 21128 --- [udipsai-backend] [nio-8080-exec-8] c.u.backend.common.config.LogFilter      : ========== REQUEST DATA ==========
2025-11-30T19:26:32.108-05:00  INFO 21128 --- [udipsai-backend] [nio-8080-exec-6] c.u.b.a.service.UsuarioSecurityService   : Cargando usuario con cédula 1234567890
2025-11-30T19:26:32.108-05:00 DEBUG 21128 --- [udipsai-backend] [nio-8080-exec-8] c.u.backend.common.config.LogFilter      : Origin IP=[0:0:0:0:0:0:0:1]
2025-11-30T19:26:32.109-05:00 DEBUG 21128 --- [udipsai-backend] [nio-8080-exec-8] c.u.backend.common.config.LogFilter      : URI=[/api/coordinadores]
2025-11-30T19:26:32.109-05:00 DEBUG 21128 --- [udipsai-backend] [nio-8080-exec-8] c.u.backend.common.config.LogFilter      : Method=[GET]
2025-11-30T19:26:32.110-05:00 DEBUG 21128 --- [udipsai-backend] [nio-8080-exec-8] c.u.backend.common.config.LogFilter      : Host Header=[localhost:8080]
2025-11-30T19:26:32.111-05:00 DEBUG 21128 --- [udipsai-backend] [nio-8080-exec-8] c.u.backend.common.config.LogFilter      : Server IP=[0:0:0:0:0:0:0:1]
Hibernate: 
    select
        ue1_0.id_usuario,
        ue1_0.apellidos,
        ue1_0.cedula,
        ue1_0.celular,
        ue1_0.contrasenia,
        ue1_0.email,
        ue1_0.estado,
        ue1_0.fecha_creacion,
        ue1_0.fecha_modificacion,
        ue1_0.nombres 
    from
        usuarios ue1_0 
    where
        ue1_0.cedula=?
2025-11-30T19:26:32.112-05:00 DEBUG 21128 --- [udipsai-backend] [nio-8080-exec-8] c.u.backend.common.config.LogFilter      : Content-Type=[null]
2025-11-30T19:26:32.113-05:00 DEBUG 21128 --- [udipsai-backend] [nio-8080-exec-8] c.u.backend.common.config.LogFilter      : User-Agent=[Mozilla/5.0 (Windows NT 10.0; Win64; x64) AppleWebKit/537.36 (KHTML, like Gecko) Chrome/142.0.0.0 Safari/537.36]
Hibernate: 
    select
        ur1_0.id_usuario,
        ur1_0.id_rol,
        r1_0.id_rol,
        r1_0.estado,
        r1_0.nombre,
        ur1_0.estado,
        ur1_0.fecha_asignacion 
    from
        usuarios_roles ur1_0 
    join
        roles r1_0 
            on r1_0.id_rol=ur1_0.id_rol 
    where
        ur1_0.id_usuario=?
2025-11-30T19:26:32.116-05:00  INFO 21128 --- [udipsai-backend] [nio-8080-exec-8] c.u.b.a.service.UsuarioSecurityService   : loadUserByUsername()
2025-11-30T19:26:32.116-05:00  INFO 21128 --- [udipsai-backend] [nio-8080-exec-8] c.u.b.a.service.UsuarioSecurityService   : Cargando usuario con cédula 1234567890
Hibernate: 
    select
        ua1_0.id_usuario,
        ua1_0.id_area,
        a1_0.id_area,
        a1_0.estado,
        a1_0.nombre,
        ua1_0.estado,
        ua1_0.fecha_asignacion 
    from
        usuarios_areas ua1_0 
    join
        areas a1_0 
            on a1_0.id_area=ua1_0.id_area 
    where
        ua1_0.id_usuario=?
Hibernate: 
    select
        ue1_0.id_usuario,
        ue1_0.apellidos,
        ue1_0.cedula,
        ue1_0.celular,
        ue1_0.contrasenia,
        ue1_0.email,
        ue1_0.estado,
        ue1_0.fecha_creacion,
        ue1_0.fecha_modificacion,
        ue1_0.nombres 
    from
        usuarios ue1_0 
    where
        ue1_0.cedula=?
2025-11-30T19:26:32.116-05:00  INFO 21128 --- [udipsai-backend] [nio-8080-exec-6] c.u.b.a.service.UsuarioSecurityService   : Usuario encontrado
2025-11-30T19:26:32.116-05:00 DEBUG 21128 --- [udipsai-backend] [nio-8080-exec-6] o.s.security.web.FilterChainProxy        : Secured GET /api/areas
Hibernate: 
    select
        ur1_0.id_usuario,
        ur1_0.id_rol,
        r1_0.id_rol,
        r1_0.estado,
        r1_0.nombre,
        ur1_0.estado,
        ur1_0.fecha_asignacion 
    from
        usuarios_roles ur1_0 
    join
        roles r1_0 
            on r1_0.id_rol=ur1_0.id_rol 
    where
        ur1_0.id_usuario=?
2025-11-30T19:26:32.116-05:00  INFO 21128 --- [udipsai-backend] [nio-8080-exec-6] c.u.b.usuarios.service.AreaService       : obtenerAreas()
2025-11-30T19:26:32.116-05:00  INFO 21128 --- [udipsai-backend] [nio-8080-exec-6] c.u.b.usuarios.service.AreaService       : Obteniendo todas las areas activas
Hibernate: 
    select
        ua1_0.id_usuario,
        ua1_0.id_area,
        a1_0.id_area,
        a1_0.estado,
        a1_0.nombre,
        ua1_0.estado,
        ua1_0.fecha_asignacion 
    from
        usuarios_areas ua1_0 
    join
        areas a1_0 
            on a1_0.id_area=ua1_0.id_area 
    where
        ua1_0.id_usuario=?
Hibernate: 
    select
        ae1_0.id_area,
        ae1_0.estado,
        ae1_0.nombre 
    from
        areas ae1_0 
    where
        ae1_0.estado=?
2025-11-30T19:26:32.129-05:00  INFO 21128 --- [udipsai-backend] [nio-8080-exec-6] c.u.b.usuarios.service.AreaService       : 200 OK: Areas activas obtenidas correctamente
2025-11-30T19:26:32.129-05:00  INFO 21128 --- [udipsai-backend] [nio-8080-exec-8] c.u.b.a.service.UsuarioSecurityService   : Usuario encontrado
2025-11-30T19:26:32.129-05:00 DEBUG 21128 --- [udipsai-backend] [nio-8080-exec-8] o.s.security.web.FilterChainProxy        : Secured GET /api/coordinadores?page=0&size=10
2025-11-30T19:26:32.129-05:00 DEBUG 21128 --- [udipsai-backend] [nio-8080-exec-6] c.u.backend.common.config.LogFilter      : Response Status=[200]
2025-11-30T19:26:32.129-05:00  INFO 21128 --- [udipsai-backend] [nio-8080-exec-8] c.u.b.u.service.CoordinadorService       : obtenerCoordinadores()
2025-11-30T19:26:32.129-05:00  INFO 21128 --- [udipsai-backend] [nio-8080-exec-8] c.u.b.u.service.CoordinadorService       : Obteniendo coordinadores activos
Hibernate: 
    select
        ce1_0.id_coordinador,
        ce1_0.estado,
        ce1_0.id_usuario 
    from
        coordinadores ce1_0 
    where
        ce1_0.estado in ('A', 'B') 
    offset
        ? rows 
    fetch
        first ? rows only
2025-11-30T19:26:32.129-05:00  INFO 21128 --- [udipsai-backend] [nio-8080-exec-8] c.u.b.u.service.CoordinadorService       : 200 OK: Coordinadores activos obtenidos correctamente
2025-11-30T19:26:32.148-05:00 DEBUG 21128 --- [udipsai-backend] [nio-8080-exec-8] c.u.backend.common.config.LogFilter      : Response Status=[200]
2025-11-30T19:26:32.148-05:00 DEBUG 21128 --- [udipsai-backend] [nio-8080-exec-7] o.s.security.web.FilterChainProxy        : Securing GET /api/coordinadores?page=0&size=10
2025-11-30T19:26:32.150-05:00 DEBUG 21128 --- [udipsai-backend] [nio-8080-exec-7] c.u.backend.common.config.LogFilter      : ========== REQUEST DATA ==========
2025-11-30T19:26:32.151-05:00 DEBUG 21128 --- [udipsai-backend] [nio-8080-exec-7] c.u.backend.common.config.LogFilter      : Origin IP=[0:0:0:0:0:0:0:1]
2025-11-30T19:26:32.151-05:00 DEBUG 21128 --- [udipsai-backend] [nio-8080-exec-7] c.u.backend.common.config.LogFilter      : URI=[/api/coordinadores]
2025-11-30T19:26:32.151-05:00 DEBUG 21128 --- [udipsai-backend] [nio-8080-exec-7] c.u.backend.common.config.LogFilter      : Method=[GET]
2025-11-30T19:26:32.152-05:00 DEBUG 21128 --- [udipsai-backend] [nio-8080-exec-7] c.u.backend.common.config.LogFilter      : Host Header=[localhost:8080]
2025-11-30T19:26:32.152-05:00 DEBUG 21128 --- [udipsai-backend] [nio-8080-exec-7] c.u.backend.common.config.LogFilter      : Server IP=[0:0:0:0:0:0:0:1]
2025-11-30T19:26:32.152-05:00 DEBUG 21128 --- [udipsai-backend] [nio-8080-exec-7] c.u.backend.common.config.LogFilter      : Content-Type=[null]
2025-11-30T19:26:32.153-05:00 DEBUG 21128 --- [udipsai-backend] [nio-8080-exec-7] c.u.backend.common.config.LogFilter      : User-Agent=[Mozilla/5.0 (Windows NT 10.0; Win64; x64) AppleWebKit/537.36 (KHTML, like Gecko) Chrome/142.0.0.0 Safari/537.36]
2025-11-30T19:26:32.154-05:00  INFO 21128 --- [udipsai-backend] [nio-8080-exec-7] c.u.b.a.service.UsuarioSecurityService   : loadUserByUsername()
2025-11-30T19:26:32.154-05:00  INFO 21128 --- [udipsai-backend] [nio-8080-exec-7] c.u.b.a.service.UsuarioSecurityService   : Cargando usuario con cédula 1234567890
Hibernate: 
    select
        ue1_0.id_usuario,
        ue1_0.apellidos,
        ue1_0.cedula,
        ue1_0.celular,
        ue1_0.contrasenia,
        ue1_0.email,
        ue1_0.estado,
        ue1_0.fecha_creacion,
        ue1_0.fecha_modificacion,
        ue1_0.nombres 
    from
        usuarios ue1_0 
    where
        ue1_0.cedula=?
Hibernate: 
    select
        ur1_0.id_usuario,
        ur1_0.id_rol,
        r1_0.id_rol,
        r1_0.estado,
        r1_0.nombre,
        ur1_0.estado,
        ur1_0.fecha_asignacion 
    from
        usuarios_roles ur1_0 
    join
        roles r1_0 
            on r1_0.id_rol=ur1_0.id_rol 
    where
        ur1_0.id_usuario=?
Hibernate: 
    select
        ua1_0.id_usuario,
        ua1_0.id_area,
        a1_0.id_area,
        a1_0.estado,
        a1_0.nombre,
        ua1_0.estado,
        ua1_0.fecha_asignacion 
    from
        usuarios_areas ua1_0 
    join
        areas a1_0 
            on a1_0.id_area=ua1_0.id_area 
    where
        ua1_0.id_usuario=?
2025-11-30T19:26:32.163-05:00  INFO 21128 --- [udipsai-backend] [nio-8080-exec-7] c.u.b.a.service.UsuarioSecurityService   : Usuario encontrado
2025-11-30T19:26:32.163-05:00 DEBUG 21128 --- [udipsai-backend] [nio-8080-exec-7] o.s.security.web.FilterChainProxy        : Secured GET /api/coordinadores?page=0&size=10
2025-11-30T19:26:32.163-05:00  INFO 21128 --- [udipsai-backend] [nio-8080-exec-7] c.u.b.u.service.CoordinadorService       : obtenerCoordinadores()
2025-11-30T19:26:32.163-05:00  INFO 21128 --- [udipsai-backend] [nio-8080-exec-7] c.u.b.u.service.CoordinadorService       : Obteniendo coordinadores activos
Hibernate: 
    select
        ce1_0.id_coordinador,
        ce1_0.estado,
        ce1_0.id_usuario 
    from
        coordinadores ce1_0 
    where
        ce1_0.estado in ('A', 'B') 
    offset
        ? rows 
    fetch
        first ? rows only
2025-11-30T19:26:32.163-05:00  INFO 21128 --- [udipsai-backend] [nio-8080-exec-7] c.u.b.u.service.CoordinadorService       : 200 OK: Coordinadores activos obtenidos correctamente
2025-11-30T19:26:32.163-05:00 DEBUG 21128 --- [udipsai-backend] [nio-8080-exec-7] c.u.backend.common.config.LogFilter      : Response Status=[200]
2025-11-30T19:26:33.217-05:00 DEBUG 21128 --- [udipsai-backend] [nio-8080-exec-1] o.s.security.web.FilterChainProxy        : Securing OPTIONS /api/secretarias?page=0&size=5
2025-11-30T19:26:33.222-05:00 DEBUG 21128 --- [udipsai-backend] [io-8080-exec-10] o.s.security.web.FilterChainProxy        : Securing GET /api/areas
2025-11-30T19:26:33.224-05:00 DEBUG 21128 --- [udipsai-backend] [io-8080-exec-10] c.u.backend.common.config.LogFilter      : ========== REQUEST DATA ==========
2025-11-30T19:26:33.225-05:00 DEBUG 21128 --- [udipsai-backend] [io-8080-exec-10] c.u.backend.common.config.LogFilter      : Origin IP=[0:0:0:0:0:0:0:1]
2025-11-30T19:26:33.235-05:00 DEBUG 21128 --- [udipsai-backend] [io-8080-exec-10] c.u.backend.common.config.LogFilter      : URI=[/api/areas]
2025-11-30T19:26:33.236-05:00 DEBUG 21128 --- [udipsai-backend] [io-8080-exec-10] c.u.backend.common.config.LogFilter      : Method=[GET]
2025-11-30T19:26:33.236-05:00 DEBUG 21128 --- [udipsai-backend] [io-8080-exec-10] c.u.backend.common.config.LogFilter      : Host Header=[localhost:8080]
2025-11-30T19:26:33.236-05:00 DEBUG 21128 --- [udipsai-backend] [nio-8080-exec-9] o.s.security.web.FilterChainProxy        : Securing GET /api/secretarias?page=0&size=5
2025-11-30T19:26:33.237-05:00 DEBUG 21128 --- [udipsai-backend] [io-8080-exec-10] c.u.backend.common.config.LogFilter      : Server IP=[0:0:0:0:0:0:0:1]
2025-11-30T19:26:33.238-05:00 DEBUG 21128 --- [udipsai-backend] [io-8080-exec-10] c.u.backend.common.config.LogFilter      : Content-Type=[null]
2025-11-30T19:26:33.238-05:00 DEBUG 21128 --- [udipsai-backend] [nio-8080-exec-9] c.u.backend.common.config.LogFilter      : ========== REQUEST DATA ==========
2025-11-30T19:26:33.239-05:00 DEBUG 21128 --- [udipsai-backend] [io-8080-exec-10] c.u.backend.common.config.LogFilter      : User-Agent=[Mozilla/5.0 (Windows NT 10.0; Win64; x64) AppleWebKit/537.36 (KHTML, like Gecko) Chrome/142.0.0.0 Safari/537.36]
2025-11-30T19:26:33.239-05:00 DEBUG 21128 --- [udipsai-backend] [nio-8080-exec-9] c.u.backend.common.config.LogFilter      : Origin IP=[0:0:0:0:0:0:0:1]
2025-11-30T19:26:33.241-05:00 DEBUG 21128 --- [udipsai-backend] [nio-8080-exec-9] c.u.backend.common.config.LogFilter      : URI=[/api/secretarias]
2025-11-30T19:26:33.241-05:00  INFO 21128 --- [udipsai-backend] [io-8080-exec-10] c.u.b.a.service.UsuarioSecurityService   : loadUserByUsername()
2025-11-30T19:26:33.243-05:00 DEBUG 21128 --- [udipsai-backend] [nio-8080-exec-9] c.u.backend.common.config.LogFilter      : Method=[GET]
2025-11-30T19:26:33.243-05:00  INFO 21128 --- [udipsai-backend] [io-8080-exec-10] c.u.b.a.service.UsuarioSecurityService   : Cargando usuario con cédula 1234567890
2025-11-30T19:26:33.243-05:00 DEBUG 21128 --- [udipsai-backend] [nio-8080-exec-9] c.u.backend.common.config.LogFilter      : Host Header=[localhost:8080]
2025-11-30T19:26:33.243-05:00 DEBUG 21128 --- [udipsai-backend] [nio-8080-exec-9] c.u.backend.common.config.LogFilter      : Server IP=[0:0:0:0:0:0:0:1]
2025-11-30T19:26:33.243-05:00 DEBUG 21128 --- [udipsai-backend] [nio-8080-exec-9] c.u.backend.common.config.LogFilter      : Content-Type=[null]
2025-11-30T19:26:33.243-05:00 DEBUG 21128 --- [udipsai-backend] [nio-8080-exec-9] c.u.backend.common.config.LogFilter      : User-Agent=[Mozilla/5.0 (Windows NT 10.0; Win64; x64) AppleWebKit/537.36 (KHTML, like Gecko) Chrome/142.0.0.0 Safari/537.36]
Hibernate: 
    select
        ue1_0.id_usuario,
        ue1_0.apellidos,
        ue1_0.cedula,
        ue1_0.celular,
        ue1_0.contrasenia,
        ue1_0.email,
        ue1_0.estado,
        ue1_0.fecha_creacion,
        ue1_0.fecha_modificacion,
        ue1_0.nombres 
    from
        usuarios ue1_0 
    where
        ue1_0.cedula=?
2025-11-30T19:26:33.247-05:00  INFO 21128 --- [udipsai-backend] [nio-8080-exec-9] c.u.b.a.service.UsuarioSecurityService   : loadUserByUsername()
2025-11-30T19:26:33.248-05:00  INFO 21128 --- [udipsai-backend] [nio-8080-exec-9] c.u.b.a.service.UsuarioSecurityService   : Cargando usuario con cédula 1234567890
Hibernate: 
    select
        ur1_0.id_usuario,
        ur1_0.id_rol,
        r1_0.id_rol,
        r1_0.estado,
        r1_0.nombre,
        ur1_0.estado,
        ur1_0.fecha_asignacion 
    from
        usuarios_roles ur1_0 
    join
        roles r1_0 
            on r1_0.id_rol=ur1_0.id_rol 
    where
        ur1_0.id_usuario=?
Hibernate: 
    select
        ue1_0.id_usuario,
        ue1_0.apellidos,
        ue1_0.cedula,
        ue1_0.celular,
        ue1_0.contrasenia,
        ue1_0.email,
        ue1_0.estado,
        ue1_0.fecha_creacion,
        ue1_0.fecha_modificacion,
        ue1_0.nombres 
    from
        usuarios ue1_0 
    where
        ue1_0.cedula=?
Hibernate: 
    select
        ua1_0.id_usuario,
        ua1_0.id_area,
        a1_0.id_area,
        a1_0.estado,
        a1_0.nombre,
        ua1_0.estado,
        ua1_0.fecha_asignacion 
    from
        usuarios_areas ua1_0 
    join
        areas a1_0 
            on a1_0.id_area=ua1_0.id_area 
    where
        ua1_0.id_usuario=?
Hibernate: 
    select
        ur1_0.id_usuario,
        ur1_0.id_rol,
        r1_0.id_rol,
        r1_0.estado,
        r1_0.nombre,
        ur1_0.estado,
        ur1_0.fecha_asignacion 
    from
        usuarios_roles ur1_0 
    join
        roles r1_0 
            on r1_0.id_rol=ur1_0.id_rol 
    where
        ur1_0.id_usuario=?
2025-11-30T19:26:33.255-05:00  INFO 21128 --- [udipsai-backend] [io-8080-exec-10] c.u.b.a.service.UsuarioSecurityService   : Usuario encontrado
Hibernate: 
    select
        ua1_0.id_usuario,
        ua1_0.id_area,
        a1_0.id_area,
        a1_0.estado,
        a1_0.nombre,
        ua1_0.estado,
        ua1_0.fecha_asignacion 
    from
        usuarios_areas ua1_0 
    join
        areas a1_0 
            on a1_0.id_area=ua1_0.id_area 
    where
        ua1_0.id_usuario=?
2025-11-30T19:26:33.257-05:00 DEBUG 21128 --- [udipsai-backend] [io-8080-exec-10] o.s.security.web.FilterChainProxy        : Secured GET /api/areas
2025-11-30T19:26:33.258-05:00  INFO 21128 --- [udipsai-backend] [nio-8080-exec-9] c.u.b.a.service.UsuarioSecurityService   : Usuario encontrado
2025-11-30T19:26:33.259-05:00  INFO 21128 --- [udipsai-backend] [io-8080-exec-10] c.u.b.usuarios.service.AreaService       : obtenerAreas()
2025-11-30T19:26:33.259-05:00  INFO 21128 --- [udipsai-backend] [io-8080-exec-10] c.u.b.usuarios.service.AreaService       : Obteniendo todas las areas activas
2025-11-30T19:26:33.260-05:00 DEBUG 21128 --- [udipsai-backend] [nio-8080-exec-9] o.s.security.web.FilterChainProxy        : Secured GET /api/secretarias?page=0&size=5
Hibernate: 
    select
        ae1_0.id_area,
        ae1_0.estado,
        ae1_0.nombre 
    from
        areas ae1_0 
    where
        ae1_0.estado=?
2025-11-30T19:26:33.264-05:00  INFO 21128 --- [udipsai-backend] [nio-8080-exec-9] c.u.b.u.service.SecretariaService        : obtenerSecretarias()
2025-11-30T19:26:33.266-05:00  INFO 21128 --- [udipsai-backend] [io-8080-exec-10] c.u.b.usuarios.service.AreaService       : 200 OK: Areas activas obtenidas correctamente
2025-11-30T19:26:33.266-05:00  INFO 21128 --- [udipsai-backend] [nio-8080-exec-9] c.u.b.u.service.SecretariaService        : Obteniendo secretarias activas
2025-11-30T19:26:33.268-05:00 DEBUG 21128 --- [udipsai-backend] [io-8080-exec-10] c.u.backend.common.config.LogFilter      : Response Status=[200]
Hibernate: 
    select
        se1_0.id_secretaria,
        se1_0.estado,
        se1_0.id_usuario 
    from
        secretarias se1_0 
    where
        se1_0.estado in ('A', 'B') 
    offset
        ? rows 
    fetch
        first ? rows only
2025-11-30T19:26:33.277-05:00  INFO 21128 --- [udipsai-backend] [nio-8080-exec-9] c.u.b.u.service.SecretariaService        : 200 OK: Secretarias activas obtenidas correctamente
2025-11-30T19:26:33.283-05:00 DEBUG 21128 --- [udipsai-backend] [nio-8080-exec-9] c.u.backend.common.config.LogFilter      : Response Status=[200]
2025-11-30T19:26:34.542-05:00 DEBUG 21128 --- [udipsai-backend] [nio-8080-exec-2] o.s.security.web.FilterChainProxy        : Securing GET /api/coordinadores?page=0&size=10
2025-11-30T19:26:34.545-05:00 DEBUG 21128 --- [udipsai-backend] [nio-8080-exec-3] o.s.security.web.FilterChainProxy        : Securing GET /api/areas
2025-11-30T19:26:34.546-05:00 DEBUG 21128 --- [udipsai-backend] [nio-8080-exec-2] c.u.backend.common.config.LogFilter      : ========== REQUEST DATA ==========
2025-11-30T19:26:34.549-05:00 DEBUG 21128 --- [udipsai-backend] [nio-8080-exec-2] c.u.backend.common.config.LogFilter      : Origin IP=[0:0:0:0:0:0:0:1]
2025-11-30T19:26:34.549-05:00 DEBUG 21128 --- [udipsai-backend] [nio-8080-exec-3] c.u.backend.common.config.LogFilter      : ========== REQUEST DATA ==========
2025-11-30T19:26:34.549-05:00 DEBUG 21128 --- [udipsai-backend] [nio-8080-exec-2] c.u.backend.common.config.LogFilter      : URI=[/api/coordinadores]
2025-11-30T19:26:34.551-05:00 DEBUG 21128 --- [udipsai-backend] [nio-8080-exec-3] c.u.backend.common.config.LogFilter      : Origin IP=[0:0:0:0:0:0:0:1]
2025-11-30T19:26:34.551-05:00 DEBUG 21128 --- [udipsai-backend] [nio-8080-exec-2] c.u.backend.common.config.LogFilter      : Method=[GET]
2025-11-30T19:26:34.553-05:00 DEBUG 21128 --- [udipsai-backend] [nio-8080-exec-3] c.u.backend.common.config.LogFilter      : URI=[/api/areas]
2025-11-30T19:26:34.553-05:00 DEBUG 21128 --- [udipsai-backend] [nio-8080-exec-2] c.u.backend.common.config.LogFilter      : Host Header=[localhost:8080]
2025-11-30T19:26:34.553-05:00 DEBUG 21128 --- [udipsai-backend] [nio-8080-exec-3] c.u.backend.common.config.LogFilter      : Method=[GET]
2025-11-30T19:26:34.553-05:00 DEBUG 21128 --- [udipsai-backend] [nio-8080-exec-2] c.u.backend.common.config.LogFilter      : Server IP=[0:0:0:0:0:0:0:1]
2025-11-30T19:26:34.553-05:00 DEBUG 21128 --- [udipsai-backend] [nio-8080-exec-3] c.u.backend.common.config.LogFilter      : Host Header=[localhost:8080]
2025-11-30T19:26:34.553-05:00 DEBUG 21128 --- [udipsai-backend] [nio-8080-exec-2] c.u.backend.common.config.LogFilter      : Content-Type=[null]
2025-11-30T19:26:34.553-05:00 DEBUG 21128 --- [udipsai-backend] [nio-8080-exec-3] c.u.backend.common.config.LogFilter      : Server IP=[0:0:0:0:0:0:0:1]
2025-11-30T19:26:34.553-05:00 DEBUG 21128 --- [udipsai-backend] [nio-8080-exec-2] c.u.backend.common.config.LogFilter      : User-Agent=[Mozilla/5.0 (Windows NT 10.0; Win64; x64) AppleWebKit/537.36 (KHTML, like Gecko) Chrome/142.0.0.0 Safari/537.36]
2025-11-30T19:26:34.553-05:00 DEBUG 21128 --- [udipsai-backend] [nio-8080-exec-3] c.u.backend.common.config.LogFilter      : Content-Type=[null]
2025-11-30T19:26:34.553-05:00 DEBUG 21128 --- [udipsai-backend] [nio-8080-exec-3] c.u.backend.common.config.LogFilter      : User-Agent=[Mozilla/5.0 (Windows NT 10.0; Win64; x64) AppleWebKit/537.36 (KHTML, like Gecko) Chrome/142.0.0.0 Safari/537.36]
2025-11-30T19:26:34.557-05:00  INFO 21128 --- [udipsai-backend] [nio-8080-exec-2] c.u.b.a.service.UsuarioSecurityService   : loadUserByUsername()
2025-11-30T19:26:34.557-05:00  INFO 21128 --- [udipsai-backend] [nio-8080-exec-2] c.u.b.a.service.UsuarioSecurityService   : Cargando usuario con cédula 1234567890
2025-11-30T19:26:34.557-05:00  INFO 21128 --- [udipsai-backend] [nio-8080-exec-3] c.u.b.a.service.UsuarioSecurityService   : loadUserByUsername()
2025-11-30T19:26:34.557-05:00  INFO 21128 --- [udipsai-backend] [nio-8080-exec-3] c.u.b.a.service.UsuarioSecurityService   : Cargando usuario con cédula 1234567890
Hibernate: 
    select
        ue1_0.id_usuario,
        ue1_0.apellidos,
        ue1_0.cedula,
        ue1_0.celular,
        ue1_0.contrasenia,
        ue1_0.email,
        ue1_0.estado,
        ue1_0.fecha_creacion,
        ue1_0.fecha_modificacion,
        ue1_0.nombres 
    from
        usuarios ue1_0 
    where
        ue1_0.cedula=?
Hibernate: 
    select
        ue1_0.id_usuario,
        ue1_0.apellidos,
        ue1_0.cedula,
        ue1_0.celular,
        ue1_0.contrasenia,
        ue1_0.email,
        ue1_0.estado,
        ue1_0.fecha_creacion,
        ue1_0.fecha_modificacion,
        ue1_0.nombres 
    from
        usuarios ue1_0 
    where
        ue1_0.cedula=?
Hibernate: 
    select
        ur1_0.id_usuario,
        ur1_0.id_rol,
        r1_0.id_rol,
        r1_0.estado,
        r1_0.nombre,
        ur1_0.estado,
        ur1_0.fecha_asignacion 
    from
        usuarios_roles ur1_0 
    join
        roles r1_0 
            on r1_0.id_rol=ur1_0.id_rol 
    where
        ur1_0.id_usuario=?
Hibernate: 
    select
        ur1_0.id_usuario,
        ur1_0.id_rol,
        r1_0.id_rol,
        r1_0.estado,
        r1_0.nombre,
        ur1_0.estado,
        ur1_0.fecha_asignacion 
    from
        usuarios_roles ur1_0 
    join
        roles r1_0 
            on r1_0.id_rol=ur1_0.id_rol 
    where
        ur1_0.id_usuario=?
Hibernate: 
    select
        ua1_0.id_usuario,
        ua1_0.id_area,
        a1_0.id_area,
        a1_0.estado,
        a1_0.nombre,
        ua1_0.estado,
        ua1_0.fecha_asignacion 
    from
        usuarios_areas ua1_0 
    join
        areas a1_0 
            on a1_0.id_area=ua1_0.id_area 
    where
        ua1_0.id_usuario=?
Hibernate: 
    select
        ua1_0.id_usuario,
        ua1_0.id_area,
        a1_0.id_area,
        a1_0.estado,
        a1_0.nombre,
        ua1_0.estado,
        ua1_0.fecha_asignacion 
    from
        usuarios_areas ua1_0 
    join
        areas a1_0 
            on a1_0.id_area=ua1_0.id_area 
    where
        ua1_0.id_usuario=?
2025-11-30T19:26:34.564-05:00  INFO 21128 --- [udipsai-backend] [nio-8080-exec-3] c.u.b.a.service.UsuarioSecurityService   : Usuario encontrado
2025-11-30T19:26:34.564-05:00  INFO 21128 --- [udipsai-backend] [nio-8080-exec-2] c.u.b.a.service.UsuarioSecurityService   : Usuario encontrado
2025-11-30T19:26:34.564-05:00 DEBUG 21128 --- [udipsai-backend] [nio-8080-exec-2] o.s.security.web.FilterChainProxy        : Secured GET /api/coordinadores?page=0&size=10
2025-11-30T19:26:34.564-05:00 DEBUG 21128 --- [udipsai-backend] [nio-8080-exec-3] o.s.security.web.FilterChainProxy        : Secured GET /api/areas
2025-11-30T19:26:34.564-05:00  INFO 21128 --- [udipsai-backend] [nio-8080-exec-3] c.u.b.usuarios.service.AreaService       : obtenerAreas()
2025-11-30T19:26:34.564-05:00  INFO 21128 --- [udipsai-backend] [nio-8080-exec-2] c.u.b.u.service.CoordinadorService       : obtenerCoordinadores()
2025-11-30T19:26:34.564-05:00  INFO 21128 --- [udipsai-backend] [nio-8080-exec-3] c.u.b.usuarios.service.AreaService       : Obteniendo todas las areas activas
2025-11-30T19:26:34.564-05:00  INFO 21128 --- [udipsai-backend] [nio-8080-exec-2] c.u.b.u.service.CoordinadorService       : Obteniendo coordinadores activos
Hibernate: 
    select
        ce1_0.id_coordinador,
        ce1_0.estado,
        ce1_0.id_usuario 
    from
        coordinadores ce1_0 
    where
        ce1_0.estado in ('A', 'B') 
    offset
        ? rows 
    fetch
        first ? rows only
Hibernate: 
    select
        ae1_0.id_area,
        ae1_0.estado,
        ae1_0.nombre 
    from
        areas ae1_0 
    where
        ae1_0.estado=?
2025-11-30T19:26:34.577-05:00  INFO 21128 --- [udipsai-backend] [nio-8080-exec-2] c.u.b.u.service.CoordinadorService       : 200 OK: Coordinadores activos obtenidos correctamente
2025-11-30T19:26:34.577-05:00  INFO 21128 --- [udipsai-backend] [nio-8080-exec-3] c.u.b.usuarios.service.AreaService       : 200 OK: Areas activas obtenidas correctamente
2025-11-30T19:26:34.582-05:00 DEBUG 21128 --- [udipsai-backend] [nio-8080-exec-3] c.u.backend.common.config.LogFilter      : Response Status=[200]
2025-11-30T19:26:34.583-05:00 DEBUG 21128 --- [udipsai-backend] [nio-8080-exec-2] c.u.backend.common.config.LogFilter      : Response Status=[200]
2025-11-30T19:26:34.586-05:00 DEBUG 21128 --- [udipsai-backend] [nio-8080-exec-3] o.s.security.web.FilterChainProxy        : Securing GET /api/coordinadores?page=0&size=10
2025-11-30T19:26:34.588-05:00 DEBUG 21128 --- [udipsai-backend] [nio-8080-exec-3] c.u.backend.common.config.LogFilter      : ========== REQUEST DATA ==========
2025-11-30T19:26:34.589-05:00 DEBUG 21128 --- [udipsai-backend] [nio-8080-exec-3] c.u.backend.common.config.LogFilter      : Origin IP=[0:0:0:0:0:0:0:1]
2025-11-30T19:26:34.589-05:00 DEBUG 21128 --- [udipsai-backend] [nio-8080-exec-3] c.u.backend.common.config.LogFilter      : URI=[/api/coordinadores]
2025-11-30T19:26:34.590-05:00 DEBUG 21128 --- [udipsai-backend] [nio-8080-exec-3] c.u.backend.common.config.LogFilter      : Method=[GET]
2025-11-30T19:26:34.590-05:00 DEBUG 21128 --- [udipsai-backend] [nio-8080-exec-3] c.u.backend.common.config.LogFilter      : Host Header=[localhost:8080]
2025-11-30T19:26:34.590-05:00 DEBUG 21128 --- [udipsai-backend] [nio-8080-exec-3] c.u.backend.common.config.LogFilter      : Server IP=[0:0:0:0:0:0:0:1]
2025-11-30T19:26:34.590-05:00 DEBUG 21128 --- [udipsai-backend] [nio-8080-exec-3] c.u.backend.common.config.LogFilter      : Content-Type=[null]
2025-11-30T19:26:34.591-05:00 DEBUG 21128 --- [udipsai-backend] [nio-8080-exec-3] c.u.backend.common.config.LogFilter      : User-Agent=[Mozilla/5.0 (Windows NT 10.0; Win64; x64) AppleWebKit/537.36 (KHTML, like Gecko) Chrome/142.0.0.0 Safari/537.36]
2025-11-30T19:26:34.592-05:00  INFO 21128 --- [udipsai-backend] [nio-8080-exec-3] c.u.b.a.service.UsuarioSecurityService   : loadUserByUsername()
2025-11-30T19:26:34.592-05:00  INFO 21128 --- [udipsai-backend] [nio-8080-exec-3] c.u.b.a.service.UsuarioSecurityService   : Cargando usuario con cédula 1234567890
Hibernate: 
    select
        ue1_0.id_usuario,
        ue1_0.apellidos,
        ue1_0.cedula,
        ue1_0.celular,
        ue1_0.contrasenia,
        ue1_0.email,
        ue1_0.estado,
        ue1_0.fecha_creacion,
        ue1_0.fecha_modificacion,
        ue1_0.nombres 
    from
        usuarios ue1_0 
    where
        ue1_0.cedula=?
Hibernate: 
    select
        ur1_0.id_usuario,
        ur1_0.id_rol,
        r1_0.id_rol,
        r1_0.estado,
        r1_0.nombre,
        ur1_0.estado,
        ur1_0.fecha_asignacion 
    from
        usuarios_roles ur1_0 
    join
        roles r1_0 
            on r1_0.id_rol=ur1_0.id_rol 
    where
        ur1_0.id_usuario=?
Hibernate: 
    select
        ua1_0.id_usuario,
        ua1_0.id_area,
        a1_0.id_area,
        a1_0.estado,
        a1_0.nombre,
        ua1_0.estado,
        ua1_0.fecha_asignacion 
    from
        usuarios_areas ua1_0 
    join
        areas a1_0 
            on a1_0.id_area=ua1_0.id_area 
    where
        ua1_0.id_usuario=?
2025-11-30T19:26:34.603-05:00  INFO 21128 --- [udipsai-backend] [nio-8080-exec-3] c.u.b.a.service.UsuarioSecurityService   : Usuario encontrado
2025-11-30T19:26:34.603-05:00 DEBUG 21128 --- [udipsai-backend] [nio-8080-exec-3] o.s.security.web.FilterChainProxy        : Secured GET /api/coordinadores?page=0&size=10
2025-11-30T19:26:34.603-05:00  INFO 21128 --- [udipsai-backend] [nio-8080-exec-3] c.u.b.u.service.CoordinadorService       : obtenerCoordinadores()
2025-11-30T19:26:34.603-05:00  INFO 21128 --- [udipsai-backend] [nio-8080-exec-3] c.u.b.u.service.CoordinadorService       : Obteniendo coordinadores activos
Hibernate: 
    select
        ce1_0.id_coordinador,
        ce1_0.estado,
        ce1_0.id_usuario 
    from
        coordinadores ce1_0 
    where
        ce1_0.estado in ('A', 'B') 
    offset
        ? rows 
    fetch
        first ? rows only
2025-11-30T19:26:34.603-05:00  INFO 21128 --- [udipsai-backend] [nio-8080-exec-3] c.u.b.u.service.CoordinadorService       : 200 OK: Coordinadores activos obtenidos correctamente
2025-11-30T19:26:34.613-05:00 DEBUG 21128 --- [udipsai-backend] [nio-8080-exec-3] c.u.backend.common.config.LogFilter      : Response Status=[200]
2025-11-30T19:26:35.193-05:00 DEBUG 21128 --- [udipsai-backend] [nio-8080-exec-5] o.s.security.web.FilterChainProxy        : Securing GET /api/pasantes?page=0&size=5
2025-11-30T19:26:35.196-05:00 DEBUG 21128 --- [udipsai-backend] [nio-8080-exec-8] o.s.security.web.FilterChainProxy        : Securing GET /api/pasantes?page=0&size=10
2025-11-30T19:26:35.198-05:00 DEBUG 21128 --- [udipsai-backend] [nio-8080-exec-6] o.s.security.web.FilterChainProxy        : Securing GET /api/areas
2025-11-30T19:26:35.204-05:00 DEBUG 21128 --- [udipsai-backend] [nio-8080-exec-8] c.u.backend.common.config.LogFilter      : ========== REQUEST DATA ==========
2025-11-30T19:26:35.204-05:00 DEBUG 21128 --- [udipsai-backend] [nio-8080-exec-5] c.u.backend.common.config.LogFilter      : ========== REQUEST DATA ==========
2025-11-30T19:26:35.209-05:00 DEBUG 21128 --- [udipsai-backend] [nio-8080-exec-8] c.u.backend.common.config.LogFilter      : Origin IP=[0:0:0:0:0:0:0:1]
2025-11-30T19:26:35.209-05:00 DEBUG 21128 --- [udipsai-backend] [nio-8080-exec-6] c.u.backend.common.config.LogFilter      : ========== REQUEST DATA ==========
2025-11-30T19:26:35.209-05:00 DEBUG 21128 --- [udipsai-backend] [nio-8080-exec-5] c.u.backend.common.config.LogFilter      : Origin IP=[0:0:0:0:0:0:0:1]
2025-11-30T19:26:35.209-05:00 DEBUG 21128 --- [udipsai-backend] [nio-8080-exec-8] c.u.backend.common.config.LogFilter      : URI=[/api/pasantes]
2025-11-30T19:26:35.211-05:00 DEBUG 21128 --- [udipsai-backend] [nio-8080-exec-6] c.u.backend.common.config.LogFilter      : Origin IP=[0:0:0:0:0:0:0:1]
2025-11-30T19:26:35.211-05:00 DEBUG 21128 --- [udipsai-backend] [nio-8080-exec-5] c.u.backend.common.config.LogFilter      : URI=[/api/pasantes]
2025-11-30T19:26:35.211-05:00 DEBUG 21128 --- [udipsai-backend] [nio-8080-exec-8] c.u.backend.common.config.LogFilter      : Method=[GET]
2025-11-30T19:26:35.211-05:00 DEBUG 21128 --- [udipsai-backend] [nio-8080-exec-6] c.u.backend.common.config.LogFilter      : URI=[/api/areas]
2025-11-30T19:26:35.212-05:00 DEBUG 21128 --- [udipsai-backend] [nio-8080-exec-5] c.u.backend.common.config.LogFilter      : Method=[GET]
2025-11-30T19:26:35.212-05:00 DEBUG 21128 --- [udipsai-backend] [nio-8080-exec-8] c.u.backend.common.config.LogFilter      : Host Header=[localhost:8080]
2025-11-30T19:26:35.212-05:00 DEBUG 21128 --- [udipsai-backend] [nio-8080-exec-6] c.u.backend.common.config.LogFilter      : Method=[GET]
2025-11-30T19:26:35.214-05:00 DEBUG 21128 --- [udipsai-backend] [nio-8080-exec-5] c.u.backend.common.config.LogFilter      : Host Header=[localhost:8080]
2025-11-30T19:26:35.214-05:00 DEBUG 21128 --- [udipsai-backend] [nio-8080-exec-8] c.u.backend.common.config.LogFilter      : Server IP=[0:0:0:0:0:0:0:1]
2025-11-30T19:26:35.214-05:00 DEBUG 21128 --- [udipsai-backend] [nio-8080-exec-6] c.u.backend.common.config.LogFilter      : Host Header=[localhost:8080]
2025-11-30T19:26:35.214-05:00 DEBUG 21128 --- [udipsai-backend] [nio-8080-exec-5] c.u.backend.common.config.LogFilter      : Server IP=[0:0:0:0:0:0:0:1]
2025-11-30T19:26:35.214-05:00 DEBUG 21128 --- [udipsai-backend] [nio-8080-exec-8] c.u.backend.common.config.LogFilter      : Content-Type=[null]
2025-11-30T19:26:35.214-05:00 DEBUG 21128 --- [udipsai-backend] [nio-8080-exec-6] c.u.backend.common.config.LogFilter      : Server IP=[0:0:0:0:0:0:0:1]
2025-11-30T19:26:35.214-05:00 DEBUG 21128 --- [udipsai-backend] [nio-8080-exec-5] c.u.backend.common.config.LogFilter      : Content-Type=[null]
2025-11-30T19:26:35.214-05:00 DEBUG 21128 --- [udipsai-backend] [nio-8080-exec-8] c.u.backend.common.config.LogFilter      : User-Agent=[Mozilla/5.0 (Windows NT 10.0; Win64; x64) AppleWebKit/537.36 (KHTML, like Gecko) Chrome/142.0.0.0 Safari/537.36]
2025-11-30T19:26:35.214-05:00 DEBUG 21128 --- [udipsai-backend] [nio-8080-exec-6] c.u.backend.common.config.LogFilter      : Content-Type=[null]
2025-11-30T19:26:35.214-05:00 DEBUG 21128 --- [udipsai-backend] [nio-8080-exec-5] c.u.backend.common.config.LogFilter      : User-Agent=[Mozilla/5.0 (Windows NT 10.0; Win64; x64) AppleWebKit/537.36 (KHTML, like Gecko) Chrome/142.0.0.0 Safari/537.36]
2025-11-30T19:26:35.214-05:00 DEBUG 21128 --- [udipsai-backend] [nio-8080-exec-6] c.u.backend.common.config.LogFilter      : User-Agent=[Mozilla/5.0 (Windows NT 10.0; Win64; x64) AppleWebKit/537.36 (KHTML, like Gecko) Chrome/142.0.0.0 Safari/537.36]
2025-11-30T19:26:35.214-05:00  INFO 21128 --- [udipsai-backend] [nio-8080-exec-8] c.u.b.a.service.UsuarioSecurityService   : loadUserByUsername()
2025-11-30T19:26:35.214-05:00  INFO 21128 --- [udipsai-backend] [nio-8080-exec-5] c.u.b.a.service.UsuarioSecurityService   : loadUserByUsername()
2025-11-30T19:26:35.214-05:00  INFO 21128 --- [udipsai-backend] [nio-8080-exec-8] c.u.b.a.service.UsuarioSecurityService   : Cargando usuario con cédula 1234567890
2025-11-30T19:26:35.214-05:00  INFO 21128 --- [udipsai-backend] [nio-8080-exec-5] c.u.b.a.service.UsuarioSecurityService   : Cargando usuario con cédula 1234567890
2025-11-30T19:26:35.214-05:00  INFO 21128 --- [udipsai-backend] [nio-8080-exec-6] c.u.b.a.service.UsuarioSecurityService   : loadUserByUsername()
2025-11-30T19:26:35.220-05:00  INFO 21128 --- [udipsai-backend] [nio-8080-exec-6] c.u.b.a.service.UsuarioSecurityService   : Cargando usuario con cédula 1234567890
Hibernate: 
    select
        ue1_0.id_usuario,
        ue1_0.apellidos,
        ue1_0.cedula,
        ue1_0.celular,
        ue1_0.contrasenia,
        ue1_0.email,
        ue1_0.estado,
        ue1_0.fecha_creacion,
        ue1_0.fecha_modificacion,
        ue1_0.nombres 
    from
        usuarios ue1_0 
    where
        ue1_0.cedula=?
Hibernate: 
    select
        ue1_0.id_usuario,
        ue1_0.apellidos,
        ue1_0.cedula,
        ue1_0.celular,
        ue1_0.contrasenia,
        ue1_0.email,
        ue1_0.estado,
        ue1_0.fecha_creacion,
        ue1_0.fecha_modificacion,
        ue1_0.nombres 
    from
        usuarios ue1_0 
    where
        ue1_0.cedula=?
Hibernate: 
    select
        ue1_0.id_usuario,
        ue1_0.apellidos,
        ue1_0.cedula,
        ue1_0.celular,
        ue1_0.contrasenia,
        ue1_0.email,
        ue1_0.estado,
        ue1_0.fecha_creacion,
        ue1_0.fecha_modificacion,
        ue1_0.nombres 
    from
        usuarios ue1_0 
    where
        ue1_0.cedula=?
Hibernate: 
    select
        ur1_0.id_usuario,
        ur1_0.id_rol,
        r1_0.id_rol,
        r1_0.estado,
        r1_0.nombre,
        ur1_0.estado,
        ur1_0.fecha_asignacion 
    from
        usuarios_roles ur1_0 
    join
        roles r1_0 
            on r1_0.id_rol=ur1_0.id_rol 
    where
        ur1_0.id_usuario=?
Hibernate: 
    select
        ur1_0.id_usuario,
        ur1_0.id_rol,
        r1_0.id_rol,
        r1_0.estado,
        r1_0.nombre,
        ur1_0.estado,
        ur1_0.fecha_asignacion 
    from
        usuarios_roles ur1_0 
    join
        roles r1_0 
            on r1_0.id_rol=ur1_0.id_rol 
    where
        ur1_0.id_usuario=?
Hibernate: 
    select
        ur1_0.id_usuario,
        ur1_0.id_rol,
        r1_0.id_rol,
        r1_0.estado,
        r1_0.nombre,
        ur1_0.estado,
        ur1_0.fecha_asignacion 
    from
        usuarios_roles ur1_0 
    join
        roles r1_0 
            on r1_0.id_rol=ur1_0.id_rol 
    where
        ur1_0.id_usuario=?
Hibernate: 
    select
        ua1_0.id_usuario,
        ua1_0.id_area,
        a1_0.id_area,
        a1_0.estado,
        a1_0.nombre,
        ua1_0.estado,
        ua1_0.fecha_asignacion 
    from
        usuarios_areas ua1_0 
    join
        areas a1_0 
            on a1_0.id_area=ua1_0.id_area 
    where
        ua1_0.id_usuario=?
Hibernate: 
    select
        ua1_0.id_usuario,
        ua1_0.id_area,
        a1_0.id_area,
        a1_0.estado,
        a1_0.nombre,
        ua1_0.estado,
        ua1_0.fecha_asignacion 
    from
        usuarios_areas ua1_0 
    join
        areas a1_0 
            on a1_0.id_area=ua1_0.id_area 
    where
        ua1_0.id_usuario=?
2025-11-30T19:26:35.230-05:00  INFO 21128 --- [udipsai-backend] [nio-8080-exec-8] c.u.b.a.service.UsuarioSecurityService   : Usuario encontrado
Hibernate: 
    select
        ua1_0.id_usuario,
        ua1_0.id_area,
        a1_0.id_area,
        a1_0.estado,
        a1_0.nombre,
        ua1_0.estado,
        ua1_0.fecha_asignacion 
    from
        usuarios_areas ua1_0 
    join
        areas a1_0 
            on a1_0.id_area=ua1_0.id_area 
    where
        ua1_0.id_usuario=?
2025-11-30T19:26:35.230-05:00  INFO 21128 --- [udipsai-backend] [nio-8080-exec-5] c.u.b.a.service.UsuarioSecurityService   : Usuario encontrado
2025-11-30T19:26:35.233-05:00 DEBUG 21128 --- [udipsai-backend] [nio-8080-exec-8] o.s.security.web.FilterChainProxy        : Secured GET /api/pasantes?page=0&size=10
2025-11-30T19:26:35.234-05:00 DEBUG 21128 --- [udipsai-backend] [nio-8080-exec-5] o.s.security.web.FilterChainProxy        : Secured GET /api/pasantes?page=0&size=5
2025-11-30T19:26:35.234-05:00  INFO 21128 --- [udipsai-backend] [nio-8080-exec-6] c.u.b.a.service.UsuarioSecurityService   : Usuario encontrado
2025-11-30T19:26:35.236-05:00  INFO 21128 --- [udipsai-backend] [nio-8080-exec-8] c.u.b.usuarios.service.PasanteService    : obtenerPasantes()
2025-11-30T19:26:35.236-05:00  INFO 21128 --- [udipsai-backend] [nio-8080-exec-5] c.u.b.usuarios.service.PasanteService    : obtenerPasantes()
2025-11-30T19:26:35.236-05:00 DEBUG 21128 --- [udipsai-backend] [nio-8080-exec-6] o.s.security.web.FilterChainProxy        : Secured GET /api/areas
2025-11-30T19:26:35.236-05:00  INFO 21128 --- [udipsai-backend] [nio-8080-exec-8] c.u.b.usuarios.service.PasanteService    : Obteniendo pasantes activos
2025-11-30T19:26:35.237-05:00  INFO 21128 --- [udipsai-backend] [nio-8080-exec-5] c.u.b.usuarios.service.PasanteService    : Obteniendo pasantes activos
2025-11-30T19:26:35.238-05:00  INFO 21128 --- [udipsai-backend] [nio-8080-exec-6] c.u.b.usuarios.service.AreaService       : obtenerAreas()
Hibernate: 
    select
        pe1_0.id_pasante,
        pe1_0.carrera,
        pe1_0.estado,
        pe1_0.id_usuario 
    from
        pasantes pe1_0 
    where
        pe1_0.estado in ('A', 'B') 
    offset
        ? rows 
    fetch
        first ? rows only
Hibernate: 
    select
        pe1_0.id_pasante,
        pe1_0.carrera,
        pe1_0.estado,
        pe1_0.id_usuario 
    from
        pasantes pe1_0 
    where
        pe1_0.estado in ('A', 'B') 
    offset
        ? rows 
    fetch
        first ? rows only
2025-11-30T19:26:35.238-05:00  INFO 21128 --- [udipsai-backend] [nio-8080-exec-6] c.u.b.usuarios.service.AreaService       : Obteniendo todas las areas activas
2025-11-30T19:26:35.239-05:00  INFO 21128 --- [udipsai-backend] [nio-8080-exec-8] c.u.b.usuarios.service.PasanteService    : 200 OK: Pasantes activos obtenidos correctamente
2025-11-30T19:26:35.239-05:00  INFO 21128 --- [udipsai-backend] [nio-8080-exec-5] c.u.b.usuarios.service.PasanteService    : 200 OK: Pasantes activos obtenidos correctamente
Hibernate: 
    select
        ae1_0.id_area,
        ae1_0.estado,
        ae1_0.nombre 
    from
        areas ae1_0 
    where
        ae1_0.estado=?
2025-11-30T19:26:35.242-05:00 DEBUG 21128 --- [udipsai-backend] [nio-8080-exec-8] c.u.backend.common.config.LogFilter      : Response Status=[200]
2025-11-30T19:26:35.241-05:00 DEBUG 21128 --- [udipsai-backend] [nio-8080-exec-5] c.u.backend.common.config.LogFilter      : Response Status=[200]
2025-11-30T19:26:35.242-05:00  INFO 21128 --- [udipsai-backend] [nio-8080-exec-6] c.u.b.usuarios.service.AreaService       : 200 OK: Areas activas obtenidas correctamente
2025-11-30T19:26:35.247-05:00 DEBUG 21128 --- [udipsai-backend] [nio-8080-exec-6] c.u.backend.common.config.LogFilter      : Response Status=[200]
2025-11-30T19:26:35.853-05:00 DEBUG 21128 --- [udipsai-backend] [nio-8080-exec-7] o.s.security.web.FilterChainProxy        : Securing GET /api/profesionales?page=0&size=10
2025-11-30T19:26:35.855-05:00 DEBUG 21128 --- [udipsai-backend] [nio-8080-exec-7] c.u.backend.common.config.LogFilter      : ========== REQUEST DATA ==========
2025-11-30T19:26:35.856-05:00 DEBUG 21128 --- [udipsai-backend] [nio-8080-exec-7] c.u.backend.common.config.LogFilter      : Origin IP=[0:0:0:0:0:0:0:1]
2025-11-30T19:26:35.858-05:00 DEBUG 21128 --- [udipsai-backend] [nio-8080-exec-7] c.u.backend.common.config.LogFilter      : URI=[/api/profesionales]
2025-11-30T19:26:35.859-05:00 DEBUG 21128 --- [udipsai-backend] [nio-8080-exec-7] c.u.backend.common.config.LogFilter      : Method=[GET]
2025-11-30T19:26:35.860-05:00 DEBUG 21128 --- [udipsai-backend] [nio-8080-exec-7] c.u.backend.common.config.LogFilter      : Host Header=[localhost:8080]
2025-11-30T19:26:35.860-05:00 DEBUG 21128 --- [udipsai-backend] [nio-8080-exec-1] o.s.security.web.FilterChainProxy        : Securing GET /api/areas
2025-11-30T19:26:35.861-05:00 DEBUG 21128 --- [udipsai-backend] [nio-8080-exec-7] c.u.backend.common.config.LogFilter      : Server IP=[0:0:0:0:0:0:0:1]
2025-11-30T19:26:35.863-05:00 DEBUG 21128 --- [udipsai-backend] [nio-8080-exec-7] c.u.backend.common.config.LogFilter      : Content-Type=[null]
2025-11-30T19:26:35.865-05:00 DEBUG 21128 --- [udipsai-backend] [nio-8080-exec-7] c.u.backend.common.config.LogFilter      : User-Agent=[Mozilla/5.0 (Windows NT 10.0; Win64; x64) AppleWebKit/537.36 (KHTML, like Gecko) Chrome/142.0.0.0 Safari/537.36]
2025-11-30T19:26:35.863-05:00 DEBUG 21128 --- [udipsai-backend] [nio-8080-exec-1] c.u.backend.common.config.LogFilter      : ========== REQUEST DATA ==========
2025-11-30T19:26:35.867-05:00 DEBUG 21128 --- [udipsai-backend] [nio-8080-exec-1] c.u.backend.common.config.LogFilter      : Origin IP=[0:0:0:0:0:0:0:1]
2025-11-30T19:26:35.868-05:00 DEBUG 21128 --- [udipsai-backend] [nio-8080-exec-1] c.u.backend.common.config.LogFilter      : URI=[/api/areas]
2025-11-30T19:26:35.868-05:00  INFO 21128 --- [udipsai-backend] [nio-8080-exec-7] c.u.b.a.service.UsuarioSecurityService   : loadUserByUsername()
2025-11-30T19:26:35.869-05:00 DEBUG 21128 --- [udipsai-backend] [nio-8080-exec-1] c.u.backend.common.config.LogFilter      : Method=[GET]
2025-11-30T19:26:35.869-05:00  INFO 21128 --- [udipsai-backend] [nio-8080-exec-7] c.u.b.a.service.UsuarioSecurityService   : Cargando usuario con cédula 1234567890
2025-11-30T19:26:35.870-05:00 DEBUG 21128 --- [udipsai-backend] [nio-8080-exec-1] c.u.backend.common.config.LogFilter      : Host Header=[localhost:8080]
2025-11-30T19:26:35.871-05:00 DEBUG 21128 --- [udipsai-backend] [nio-8080-exec-1] c.u.backend.common.config.LogFilter      : Server IP=[0:0:0:0:0:0:0:1]
2025-11-30T19:26:35.871-05:00 DEBUG 21128 --- [udipsai-backend] [nio-8080-exec-1] c.u.backend.common.config.LogFilter      : Content-Type=[null]
Hibernate: 
    select
        ue1_0.id_usuario,
        ue1_0.apellidos,
        ue1_0.cedula,
        ue1_0.celular,
        ue1_0.contrasenia,
        ue1_0.email,
        ue1_0.estado,
        ue1_0.fecha_creacion,
        ue1_0.fecha_modificacion,
        ue1_0.nombres 
    from
        usuarios ue1_0 
    where
        ue1_0.cedula=?
2025-11-30T19:26:35.872-05:00 DEBUG 21128 --- [udipsai-backend] [nio-8080-exec-1] c.u.backend.common.config.LogFilter      : User-Agent=[Mozilla/5.0 (Windows NT 10.0; Win64; x64) AppleWebKit/537.36 (KHTML, like Gecko) Chrome/142.0.0.0 Safari/537.36]
2025-11-30T19:26:35.874-05:00  INFO 21128 --- [udipsai-backend] [nio-8080-exec-1] c.u.b.a.service.UsuarioSecurityService   : loadUserByUsername()
2025-11-30T19:26:35.876-05:00  INFO 21128 --- [udipsai-backend] [nio-8080-exec-1] c.u.b.a.service.UsuarioSecurityService   : Cargando usuario con cédula 1234567890
Hibernate: 
    select
        ur1_0.id_usuario,
        ur1_0.id_rol,
        r1_0.id_rol,
        r1_0.estado,
        r1_0.nombre,
        ur1_0.estado,
        ur1_0.fecha_asignacion 
    from
        usuarios_roles ur1_0 
    join
        roles r1_0 
            on r1_0.id_rol=ur1_0.id_rol 
    where
        ur1_0.id_usuario=?
Hibernate: 
    select
        ue1_0.id_usuario,
        ue1_0.apellidos,
        ue1_0.cedula,
        ue1_0.celular,
        ue1_0.contrasenia,
        ue1_0.email,
        ue1_0.estado,
        ue1_0.fecha_creacion,
        ue1_0.fecha_modificacion,
        ue1_0.nombres 
    from
        usuarios ue1_0 
    where
        ue1_0.cedula=?
Hibernate: 
    select
        ua1_0.id_usuario,
        ua1_0.id_area,
        a1_0.id_area,
        a1_0.estado,
        a1_0.nombre,
        ua1_0.estado,
        ua1_0.fecha_asignacion 
    from
        usuarios_areas ua1_0 
    join
        areas a1_0 
            on a1_0.id_area=ua1_0.id_area 
    where
        ua1_0.id_usuario=?
2025-11-30T19:26:35.882-05:00  INFO 21128 --- [udipsai-backend] [nio-8080-exec-7] c.u.b.a.service.UsuarioSecurityService   : Usuario encontrado
Hibernate: 
    select
        ur1_0.id_usuario,
        ur1_0.id_rol,
        r1_0.id_rol,
        r1_0.estado,
        r1_0.nombre,
        ur1_0.estado,
        ur1_0.fecha_asignacion 
    from
        usuarios_roles ur1_0 
    join
        roles r1_0 
            on r1_0.id_rol=ur1_0.id_rol 
    where
        ur1_0.id_usuario=?
2025-11-30T19:26:35.884-05:00 DEBUG 21128 --- [udipsai-backend] [nio-8080-exec-7] o.s.security.web.FilterChainProxy        : Secured GET /api/profesionales?page=0&size=10
Hibernate: 
    select
        ua1_0.id_usuario,
        ua1_0.id_area,
        a1_0.id_area,
        a1_0.estado,
        a1_0.nombre,
        ua1_0.estado,
        ua1_0.fecha_asignacion 
    from
        usuarios_areas ua1_0 
    join
        areas a1_0 
            on a1_0.id_area=ua1_0.id_area 
    where
        ua1_0.id_usuario=?
2025-11-30T19:26:35.886-05:00  INFO 21128 --- [udipsai-backend] [nio-8080-exec-7] c.u.b.u.service.ProfesionalService       : obtenerProfesionales()
2025-11-30T19:26:35.886-05:00  INFO 21128 --- [udipsai-backend] [nio-8080-exec-7] c.u.b.u.service.ProfesionalService       : Obteniendo profesionales activos
2025-11-30T19:26:35.887-05:00  INFO 21128 --- [udipsai-backend] [nio-8080-exec-1] c.u.b.a.service.UsuarioSecurityService   : Usuario encontrado
Hibernate: 
    select
        pe1_0.id_profesional,
        pe1_0.especialidad,
        pe1_0.estado,
        pe1_0.id_usuario 
    from
        profesionales pe1_0 
    where
        pe1_0.estado in ('A', 'B') 
    offset
        ? rows 
    fetch
        first ? rows only
2025-11-30T19:26:35.889-05:00 DEBUG 21128 --- [udipsai-backend] [nio-8080-exec-1] o.s.security.web.FilterChainProxy        : Secured GET /api/areas
2025-11-30T19:26:35.890-05:00  INFO 21128 --- [udipsai-backend] [nio-8080-exec-7] c.u.b.u.service.ProfesionalService       : 200 OK: Profesionales activos obtenidos correctamente
2025-11-30T19:26:35.890-05:00  INFO 21128 --- [udipsai-backend] [nio-8080-exec-1] c.u.b.usuarios.service.AreaService       : obtenerAreas()
2025-11-30T19:26:35.890-05:00  INFO 21128 --- [udipsai-backend] [nio-8080-exec-1] c.u.b.usuarios.service.AreaService       : Obteniendo todas las areas activas
2025-11-30T19:26:35.890-05:00 DEBUG 21128 --- [udipsai-backend] [nio-8080-exec-7] c.u.backend.common.config.LogFilter      : Response Status=[200]
Hibernate: 
    select
        ae1_0.id_area,
        ae1_0.estado,
        ae1_0.nombre 
    from
        areas ae1_0 
    where
        ae1_0.estado=?
2025-11-30T19:26:35.896-05:00  INFO 21128 --- [udipsai-backend] [nio-8080-exec-1] c.u.b.usuarios.service.AreaService       : 200 OK: Areas activas obtenidas correctamente
2025-11-30T19:26:35.898-05:00 DEBUG 21128 --- [udipsai-backend] [nio-8080-exec-1] c.u.backend.common.config.LogFilter      : Response Status=[200]
2025-11-30T19:26:43.330-05:00 DEBUG 21128 --- [udipsai-backend] [io-8080-exec-10] o.s.security.web.FilterChainProxy        : Securing OPTIONS /api/pacientes?page=0&size=5
2025-11-30T19:26:43.330-05:00 DEBUG 21128 --- [udipsai-backend] [nio-8080-exec-9] o.s.security.web.FilterChainProxy        : Securing OPTIONS /api/areas
2025-11-30T19:26:43.345-05:00 DEBUG 21128 --- [udipsai-backend] [nio-8080-exec-4] o.s.security.web.FilterChainProxy        : Securing GET /api/pacientes?page=0&size=5
2025-11-30T19:26:43.345-05:00 DEBUG 21128 --- [udipsai-backend] [nio-8080-exec-2] o.s.security.web.FilterChainProxy        : Securing GET /api/areas
2025-11-30T19:26:43.348-05:00 DEBUG 21128 --- [udipsai-backend] [nio-8080-exec-4] c.u.backend.common.config.LogFilter      : ========== REQUEST DATA ==========
2025-11-30T19:26:43.348-05:00 DEBUG 21128 --- [udipsai-backend] [nio-8080-exec-2] c.u.backend.common.config.LogFilter      : ========== REQUEST DATA ==========
2025-11-30T19:26:43.348-05:00 DEBUG 21128 --- [udipsai-backend] [nio-8080-exec-4] c.u.backend.common.config.LogFilter      : Origin IP=[0:0:0:0:0:0:0:1]
2025-11-30T19:26:43.349-05:00 DEBUG 21128 --- [udipsai-backend] [nio-8080-exec-2] c.u.backend.common.config.LogFilter      : Origin IP=[0:0:0:0:0:0:0:1]
2025-11-30T19:26:43.349-05:00 DEBUG 21128 --- [udipsai-backend] [nio-8080-exec-4] c.u.backend.common.config.LogFilter      : URI=[/api/pacientes]
2025-11-30T19:26:43.350-05:00 DEBUG 21128 --- [udipsai-backend] [nio-8080-exec-2] c.u.backend.common.config.LogFilter      : URI=[/api/areas]
2025-11-30T19:26:43.350-05:00 DEBUG 21128 --- [udipsai-backend] [nio-8080-exec-4] c.u.backend.common.config.LogFilter      : Method=[GET]
2025-11-30T19:26:43.352-05:00 DEBUG 21128 --- [udipsai-backend] [nio-8080-exec-2] c.u.backend.common.config.LogFilter      : Method=[GET]
2025-11-30T19:26:43.352-05:00 DEBUG 21128 --- [udipsai-backend] [nio-8080-exec-4] c.u.backend.common.config.LogFilter      : Host Header=[localhost:8080]
2025-11-30T19:26:43.352-05:00 DEBUG 21128 --- [udipsai-backend] [nio-8080-exec-2] c.u.backend.common.config.LogFilter      : Host Header=[localhost:8080]
2025-11-30T19:26:43.353-05:00 DEBUG 21128 --- [udipsai-backend] [nio-8080-exec-4] c.u.backend.common.config.LogFilter      : Server IP=[0:0:0:0:0:0:0:1]
2025-11-30T19:26:43.353-05:00 DEBUG 21128 --- [udipsai-backend] [nio-8080-exec-2] c.u.backend.common.config.LogFilter      : Server IP=[0:0:0:0:0:0:0:1]
2025-11-30T19:26:43.353-05:00 DEBUG 21128 --- [udipsai-backend] [nio-8080-exec-4] c.u.backend.common.config.LogFilter      : Content-Type=[null]
2025-11-30T19:26:43.353-05:00 DEBUG 21128 --- [udipsai-backend] [nio-8080-exec-2] c.u.backend.common.config.LogFilter      : Content-Type=[null]
2025-11-30T19:26:43.354-05:00 DEBUG 21128 --- [udipsai-backend] [nio-8080-exec-4] c.u.backend.common.config.LogFilter      : User-Agent=[Mozilla/5.0 (Windows NT 10.0; Win64; x64) AppleWebKit/537.36 (KHTML, like Gecko) Code/1.106.2 Chrome/138.0.7204.251 Electron/37.7.0 Safari/537.36]
2025-11-30T19:26:43.354-05:00 DEBUG 21128 --- [udipsai-backend] [nio-8080-exec-2] c.u.backend.common.config.LogFilter      : User-Agent=[Mozilla/5.0 (Windows NT 10.0; Win64; x64) AppleWebKit/537.36 (KHTML, like Gecko) Code/1.106.2 Chrome/138.0.7204.251 Electron/37.7.0 Safari/537.36]
2025-11-30T19:26:43.355-05:00  INFO 21128 --- [udipsai-backend] [nio-8080-exec-4] c.u.b.a.service.UsuarioSecurityService   : loadUserByUsername()
2025-11-30T19:26:43.355-05:00  INFO 21128 --- [udipsai-backend] [nio-8080-exec-2] c.u.b.a.service.UsuarioSecurityService   : loadUserByUsername()
2025-11-30T19:26:43.356-05:00  INFO 21128 --- [udipsai-backend] [nio-8080-exec-4] c.u.b.a.service.UsuarioSecurityService   : Cargando usuario con cédula 1234567890
2025-11-30T19:26:43.356-05:00  INFO 21128 --- [udipsai-backend] [nio-8080-exec-2] c.u.b.a.service.UsuarioSecurityService   : Cargando usuario con cédula 1234567890
Hibernate: 
    select
        ue1_0.id_usuario,
        ue1_0.apellidos,
        ue1_0.cedula,
        ue1_0.celular,
        ue1_0.contrasenia,
        ue1_0.email,
        ue1_0.estado,
        ue1_0.fecha_creacion,
        ue1_0.fecha_modificacion,
        ue1_0.nombres 
    from
        usuarios ue1_0 
    where
        ue1_0.cedula=?
Hibernate: 
    select
        ue1_0.id_usuario,
        ue1_0.apellidos,
        ue1_0.cedula,
        ue1_0.celular,
        ue1_0.contrasenia,
        ue1_0.email,
        ue1_0.estado,
        ue1_0.fecha_creacion,
        ue1_0.fecha_modificacion,
        ue1_0.nombres 
    from
        usuarios ue1_0 
    where
        ue1_0.cedula=?
Hibernate: 
    select
        ur1_0.id_usuario,
        ur1_0.id_rol,
        r1_0.id_rol,
        r1_0.estado,
        r1_0.nombre,
        ur1_0.estado,
        ur1_0.fecha_asignacion 
    from
        usuarios_roles ur1_0 
    join
        roles r1_0 
            on r1_0.id_rol=ur1_0.id_rol 
    where
        ur1_0.id_usuario=?
Hibernate: 
    select
        ur1_0.id_usuario,
        ur1_0.id_rol,
        r1_0.id_rol,
        r1_0.estado,
        r1_0.nombre,
        ur1_0.estado,
        ur1_0.fecha_asignacion 
    from
        usuarios_roles ur1_0 
    join
        roles r1_0 
            on r1_0.id_rol=ur1_0.id_rol 
    where
        ur1_0.id_usuario=?
Hibernate: 
    select
        ua1_0.id_usuario,
        ua1_0.id_area,
        a1_0.id_area,
        a1_0.estado,
        a1_0.nombre,
        ua1_0.estado,
        ua1_0.fecha_asignacion 
    from
        usuarios_areas ua1_0 
    join
        areas a1_0 
            on a1_0.id_area=ua1_0.id_area 
    where
        ua1_0.id_usuario=?
Hibernate: 
    select
        ua1_0.id_usuario,
        ua1_0.id_area,
        a1_0.id_area,
        a1_0.estado,
        a1_0.nombre,
        ua1_0.estado,
        ua1_0.fecha_asignacion 
    from
        usuarios_areas ua1_0 
    join
        areas a1_0 
            on a1_0.id_area=ua1_0.id_area 
    where
        ua1_0.id_usuario=?
2025-11-30T19:26:43.365-05:00  INFO 21128 --- [udipsai-backend] [nio-8080-exec-4] c.u.b.a.service.UsuarioSecurityService   : Usuario encontrado
2025-11-30T19:26:43.365-05:00  INFO 21128 --- [udipsai-backend] [nio-8080-exec-2] c.u.b.a.service.UsuarioSecurityService   : Usuario encontrado
2025-11-30T19:26:43.366-05:00 DEBUG 21128 --- [udipsai-backend] [nio-8080-exec-4] o.s.security.web.FilterChainProxy        : Secured GET /api/pacientes?page=0&size=5
2025-11-30T19:26:43.366-05:00 DEBUG 21128 --- [udipsai-backend] [nio-8080-exec-2] o.s.security.web.FilterChainProxy        : Secured GET /api/areas
2025-11-30T19:26:43.367-05:00  INFO 21128 --- [udipsai-backend] [nio-8080-exec-2] c.u.b.usuarios.service.AreaService       : obtenerAreas()
2025-11-30T19:26:43.368-05:00  INFO 21128 --- [udipsai-backend] [nio-8080-exec-4] c.u.b.citas.service.PacienteService      : obtenerPacientes()
2025-11-30T19:26:43.368-05:00  INFO 21128 --- [udipsai-backend] [nio-8080-exec-2] c.u.b.usuarios.service.AreaService       : Obteniendo todas las areas activas
2025-11-30T19:26:43.368-05:00  INFO 21128 --- [udipsai-backend] [nio-8080-exec-4] c.u.b.citas.service.PacienteService      : Obteniendo todos los pacientes
Hibernate: 
    select
        ae1_0.id_area,
        ae1_0.estado,
        ae1_0.nombre 
    from
        areas ae1_0 
    where
        ae1_0.estado=?
Hibernate: 
    select
        pe1_0.id,
        pe1_0.anio_educacion,
        pe1_0.anotaciones,
        pe1_0.barrio,
        pe1_0.cedula,
        pe1_0.celular,
        pe1_0.ciudad,
        pe1_0.diagnostico,
        pe1_0.domicilio,
        pe1_0.edad,
        pe1_0.fecha_apertura,
        pe1_0.fecha_nacimiento,
        pe1_0.institucion_educativa,
        pe1_0.jornada,
        pe1_0.motivo_consulta,
        pe1_0.nombre_examinador,
        pe1_0.nombres_apellidos,
        pe1_0.observaciones,
        pe1_0.paralelo,
        pe1_0.pertenece_inclusion,
        pe1_0.portador_carnet,
        pe1_0.sector,
        pe1_0.telefono,
        pe1_0.telefono_institucion,
        pe1_0.tiene_discapacidad,
        pe1_0.tipo_institucion 
    from
        paciente pe1_0 
    order by
        pe1_0.id desc 
    offset
        ? rows 
    fetch
        first ? rows only
2025-11-30T19:26:43.372-05:00 DEBUG 21128 --- [udipsai-backend] [nio-8080-exec-3] o.s.security.web.FilterChainProxy        : Securing OPTIONS /api/pacientes?page=0&size=10
2025-11-30T19:26:43.372-05:00  INFO 21128 --- [udipsai-backend] [nio-8080-exec-2] c.u.b.usuarios.service.AreaService       : 200 OK: Areas activas obtenidas correctamente
2025-11-30T19:26:43.374-05:00  INFO 21128 --- [udipsai-backend] [nio-8080-exec-4] c.u.b.citas.service.PacienteService      : 200 OK: Pacientes obtenidos correctamente
2025-11-30T19:26:43.375-05:00 DEBUG 21128 --- [udipsai-backend] [nio-8080-exec-2] c.u.backend.common.config.LogFilter      : Response Status=[200]
2025-11-30T19:26:43.378-05:00 DEBUG 21128 --- [udipsai-backend] [nio-8080-exec-4] c.u.backend.common.config.LogFilter      : Response Status=[200]
2025-11-30T19:26:43.382-05:00 DEBUG 21128 --- [udipsai-backend] [nio-8080-exec-8] o.s.security.web.FilterChainProxy        : Securing GET /api/pacientes?page=0&size=10
2025-11-30T19:26:43.384-05:00 DEBUG 21128 --- [udipsai-backend] [nio-8080-exec-8] c.u.backend.common.config.LogFilter      : ========== REQUEST DATA ==========
2025-11-30T19:26:43.384-05:00 DEBUG 21128 --- [udipsai-backend] [nio-8080-exec-8] c.u.backend.common.config.LogFilter      : Origin IP=[0:0:0:0:0:0:0:1]
2025-11-30T19:26:43.385-05:00 DEBUG 21128 --- [udipsai-backend] [nio-8080-exec-8] c.u.backend.common.config.LogFilter      : URI=[/api/pacientes]
2025-11-30T19:26:43.385-05:00 DEBUG 21128 --- [udipsai-backend] [nio-8080-exec-8] c.u.backend.common.config.LogFilter      : Method=[GET]
2025-11-30T19:26:43.385-05:00 DEBUG 21128 --- [udipsai-backend] [nio-8080-exec-8] c.u.backend.common.config.LogFilter      : Host Header=[localhost:8080]
2025-11-30T19:26:43.385-05:00 DEBUG 21128 --- [udipsai-backend] [nio-8080-exec-8] c.u.backend.common.config.LogFilter      : Server IP=[0:0:0:0:0:0:0:1]
2025-11-30T19:26:43.385-05:00 DEBUG 21128 --- [udipsai-backend] [nio-8080-exec-8] c.u.backend.common.config.LogFilter      : Content-Type=[null]
2025-11-30T19:26:43.385-05:00 DEBUG 21128 --- [udipsai-backend] [nio-8080-exec-8] c.u.backend.common.config.LogFilter      : User-Agent=[Mozilla/5.0 (Windows NT 10.0; Win64; x64) AppleWebKit/537.36 (KHTML, like Gecko) Code/1.106.2 Chrome/138.0.7204.251 Electron/37.7.0 Safari/537.36]
2025-11-30T19:26:43.387-05:00  INFO 21128 --- [udipsai-backend] [nio-8080-exec-8] c.u.b.a.service.UsuarioSecurityService   : loadUserByUsername()
2025-11-30T19:26:43.388-05:00  INFO 21128 --- [udipsai-backend] [nio-8080-exec-8] c.u.b.a.service.UsuarioSecurityService   : Cargando usuario con cédula 1234567890
Hibernate: 
    select
        ue1_0.id_usuario,
        ue1_0.apellidos,
        ue1_0.cedula,
        ue1_0.celular,
        ue1_0.contrasenia,
        ue1_0.email,
        ue1_0.estado,
        ue1_0.fecha_creacion,
        ue1_0.fecha_modificacion,
        ue1_0.nombres 
    from
        usuarios ue1_0 
    where
        ue1_0.cedula=?
Hibernate: 
    select
        ur1_0.id_usuario,
        ur1_0.id_rol,
        r1_0.id_rol,
        r1_0.estado,
        r1_0.nombre,
        ur1_0.estado,
        ur1_0.fecha_asignacion 
    from
        usuarios_roles ur1_0 
    join
        roles r1_0 
            on r1_0.id_rol=ur1_0.id_rol 
    where
        ur1_0.id_usuario=?
Hibernate: 
    select
        ua1_0.id_usuario,
        ua1_0.id_area,
        a1_0.id_area,
        a1_0.estado,
        a1_0.nombre,
        ua1_0.estado,
        ua1_0.fecha_asignacion 
    from
        usuarios_areas ua1_0 
    join
        areas a1_0 
            on a1_0.id_area=ua1_0.id_area 
    where
        ua1_0.id_usuario=?
2025-11-30T19:26:43.397-05:00  INFO 21128 --- [udipsai-backend] [nio-8080-exec-8] c.u.b.a.service.UsuarioSecurityService   : Usuario encontrado
2025-11-30T19:26:43.398-05:00 DEBUG 21128 --- [udipsai-backend] [nio-8080-exec-8] o.s.security.web.FilterChainProxy        : Secured GET /api/pacientes?page=0&size=10
2025-11-30T19:26:43.400-05:00  INFO 21128 --- [udipsai-backend] [nio-8080-exec-8] c.u.b.citas.service.PacienteService      : obtenerPacientes()
2025-11-30T19:26:43.400-05:00  INFO 21128 --- [udipsai-backend] [nio-8080-exec-8] c.u.b.citas.service.PacienteService      : Obteniendo todos los pacientes
Hibernate: 
    select
        pe1_0.id,
        pe1_0.anio_educacion,
        pe1_0.anotaciones,
        pe1_0.barrio,
        pe1_0.cedula,
        pe1_0.celular,
        pe1_0.ciudad,
        pe1_0.diagnostico,
        pe1_0.domicilio,
        pe1_0.edad,
        pe1_0.fecha_apertura,
        pe1_0.fecha_nacimiento,
        pe1_0.institucion_educativa,
        pe1_0.jornada,
        pe1_0.motivo_consulta,
        pe1_0.nombre_examinador,
        pe1_0.nombres_apellidos,
        pe1_0.observaciones,
        pe1_0.paralelo,
        pe1_0.pertenece_inclusion,
        pe1_0.portador_carnet,
        pe1_0.sector,
        pe1_0.telefono,
        pe1_0.telefono_institucion,
        pe1_0.tiene_discapacidad,
        pe1_0.tipo_institucion 
    from
        paciente pe1_0 
    order by
        pe1_0.id desc 
    offset
        ? rows 
    fetch
        first ? rows only
2025-11-30T19:26:43.406-05:00  INFO 21128 --- [udipsai-backend] [nio-8080-exec-8] c.u.b.citas.service.PacienteService      : 200 OK: Pacientes obtenidos correctamente
2025-11-30T19:26:43.408-05:00 DEBUG 21128 --- [udipsai-backend] [nio-8080-exec-8] c.u.backend.common.config.LogFilter      : Response Status=[200]
2025-11-30T19:26:47.054-05:00 DEBUG 21128 --- [udipsai-backend] [nio-8080-exec-5] o.s.security.web.FilterChainProxy        : Securing OPTIONS /api/citas?page=0&size=10
2025-11-30T19:26:47.058-05:00 DEBUG 21128 --- [udipsai-backend] [nio-8080-exec-6] o.s.security.web.FilterChainProxy        : Securing OPTIONS /api/citas?page=0&size=10
2025-11-30T19:26:47.072-05:00 DEBUG 21128 --- [udipsai-backend] [nio-8080-exec-7] o.s.security.web.FilterChainProxy        : Securing GET /api/citas?page=0&size=10
2025-11-30T19:26:47.073-05:00 DEBUG 21128 --- [udipsai-backend] [nio-8080-exec-7] c.u.backend.common.config.LogFilter      : ========== REQUEST DATA ==========
2025-11-30T19:26:47.074-05:00 DEBUG 21128 --- [udipsai-backend] [nio-8080-exec-7] c.u.backend.common.config.LogFilter      : Origin IP=[0:0:0:0:0:0:0:1]
2025-11-30T19:26:47.074-05:00 DEBUG 21128 --- [udipsai-backend] [nio-8080-exec-7] c.u.backend.common.config.LogFilter      : URI=[/api/citas]
2025-11-30T19:26:47.075-05:00 DEBUG 21128 --- [udipsai-backend] [nio-8080-exec-7] c.u.backend.common.config.LogFilter      : Method=[GET]
2025-11-30T19:26:47.076-05:00 DEBUG 21128 --- [udipsai-backend] [nio-8080-exec-7] c.u.backend.common.config.LogFilter      : Host Header=[localhost:8080]
2025-11-30T19:26:47.076-05:00 DEBUG 21128 --- [udipsai-backend] [nio-8080-exec-7] c.u.backend.common.config.LogFilter      : Server IP=[0:0:0:0:0:0:0:1]
2025-11-30T19:26:47.076-05:00 DEBUG 21128 --- [udipsai-backend] [nio-8080-exec-7] c.u.backend.common.config.LogFilter      : Content-Type=[null]
2025-11-30T19:26:47.076-05:00 DEBUG 21128 --- [udipsai-backend] [nio-8080-exec-7] c.u.backend.common.config.LogFilter      : User-Agent=[Mozilla/5.0 (Windows NT 10.0; Win64; x64) AppleWebKit/537.36 (KHTML, like Gecko) Code/1.106.2 Chrome/138.0.7204.251 Electron/37.7.0 Safari/537.36]
2025-11-30T19:26:47.076-05:00  INFO 21128 --- [udipsai-backend] [nio-8080-exec-7] c.u.b.a.service.UsuarioSecurityService   : loadUserByUsername()
2025-11-30T19:26:47.079-05:00  INFO 21128 --- [udipsai-backend] [nio-8080-exec-7] c.u.b.a.service.UsuarioSecurityService   : Cargando usuario con cédula 1234567890
Hibernate: 
    select
        ue1_0.id_usuario,
        ue1_0.apellidos,
        ue1_0.cedula,
        ue1_0.celular,
        ue1_0.contrasenia,
        ue1_0.email,
        ue1_0.estado,
        ue1_0.fecha_creacion,
        ue1_0.fecha_modificacion,
        ue1_0.nombres 
    from
        usuarios ue1_0 
    where
        ue1_0.cedula=?
Hibernate: 
    select
        ur1_0.id_usuario,
        ur1_0.id_rol,
        r1_0.id_rol,
        r1_0.estado,
        r1_0.nombre,
        ur1_0.estado,
        ur1_0.fecha_asignacion 
    from
        usuarios_roles ur1_0 
    join
        roles r1_0 
            on r1_0.id_rol=ur1_0.id_rol 
    where
        ur1_0.id_usuario=?
Hibernate: 
    select
        ua1_0.id_usuario,
        ua1_0.id_area,
        a1_0.id_area,
        a1_0.estado,
        a1_0.nombre,
        ua1_0.estado,
        ua1_0.fecha_asignacion 
    from
        usuarios_areas ua1_0 
    join
        areas a1_0 
            on a1_0.id_area=ua1_0.id_area 
    where
        ua1_0.id_usuario=?
2025-11-30T19:26:47.084-05:00  INFO 21128 --- [udipsai-backend] [nio-8080-exec-7] c.u.b.a.service.UsuarioSecurityService   : Usuario encontrado
2025-11-30T19:26:47.084-05:00 DEBUG 21128 --- [udipsai-backend] [nio-8080-exec-7] o.s.security.web.FilterChainProxy        : Secured GET /api/citas?page=0&size=10
2025-11-30T19:26:47.084-05:00  INFO 21128 --- [udipsai-backend] [nio-8080-exec-7] c.u.backend.citas.service.CitaService    : obtenerCitas()
2025-11-30T19:26:47.084-05:00  INFO 21128 --- [udipsai-backend] [nio-8080-exec-7] c.u.backend.citas.service.CitaService    : Obteniendo todas las Citas
Hibernate: 
    select
        ce1_0.id_cita,
        ce1_0.id_area,
        ce1_0.estado,
        ce1_0.fecha,
        ce1_0.fecha_creacion,
        ce1_0.fecha_modificacion,
        ce1_0.ficha_paciente,
        ce1_0.hora_fin,
        ce1_0.hora_inicio,
        ce1_0.id_profesional 
    from
        citas ce1_0 
    offset
        ? rows 
    fetch
        first ? rows only
2025-11-30T19:26:47.095-05:00 ERROR 21128 --- [udipsai-backend] [nio-8080-exec-7] c.u.b.c.e.GlobalExceptionHandler         : 404 NOT FOUND: Recurso no encontrado - No existen citas registradas
2025-11-30T19:26:47.098-05:00 DEBUG 21128 --- [udipsai-backend] [nio-8080-exec-7] c.u.backend.common.config.LogFilter      : Response Status=[404]
2025-11-30T19:26:47.098-05:00 DEBUG 21128 --- [udipsai-backend] [nio-8080-exec-1] o.s.security.web.FilterChainProxy        : Securing GET /api/citas?page=0&size=10
2025-11-30T19:26:47.098-05:00 DEBUG 21128 --- [udipsai-backend] [nio-8080-exec-1] c.u.backend.common.config.LogFilter      : ========== REQUEST DATA ==========
2025-11-30T19:26:47.098-05:00 DEBUG 21128 --- [udipsai-backend] [nio-8080-exec-1] c.u.backend.common.config.LogFilter      : Origin IP=[0:0:0:0:0:0:0:1]
2025-11-30T19:26:47.098-05:00 DEBUG 21128 --- [udipsai-backend] [nio-8080-exec-1] c.u.backend.common.config.LogFilter      : URI=[/api/citas]
2025-11-30T19:26:47.098-05:00 DEBUG 21128 --- [udipsai-backend] [nio-8080-exec-1] c.u.backend.common.config.LogFilter      : Method=[GET]
2025-11-30T19:26:47.098-05:00 DEBUG 21128 --- [udipsai-backend] [nio-8080-exec-1] c.u.backend.common.config.LogFilter      : Host Header=[localhost:8080]
2025-11-30T19:26:47.098-05:00 DEBUG 21128 --- [udipsai-backend] [nio-8080-exec-1] c.u.backend.common.config.LogFilter      : Server IP=[0:0:0:0:0:0:0:1]
2025-11-30T19:26:47.098-05:00 DEBUG 21128 --- [udipsai-backend] [nio-8080-exec-1] c.u.backend.common.config.LogFilter      : Content-Type=[null]
2025-11-30T19:26:47.098-05:00 DEBUG 21128 --- [udipsai-backend] [nio-8080-exec-1] c.u.backend.common.config.LogFilter      : User-Agent=[Mozilla/5.0 (Windows NT 10.0; Win64; x64) AppleWebKit/537.36 (KHTML, like Gecko) Code/1.106.2 Chrome/138.0.7204.251 Electron/37.7.0 Safari/537.36]
2025-11-30T19:26:47.098-05:00  INFO 21128 --- [udipsai-backend] [nio-8080-exec-1] c.u.b.a.service.UsuarioSecurityService   : loadUserByUsername()
2025-11-30T19:26:47.098-05:00  INFO 21128 --- [udipsai-backend] [nio-8080-exec-1] c.u.b.a.service.UsuarioSecurityService   : Cargando usuario con cédula 1234567890
Hibernate: 
    select
        ue1_0.id_usuario,
        ue1_0.apellidos,
        ue1_0.cedula,
        ue1_0.celular,
        ue1_0.contrasenia,
        ue1_0.email,
        ue1_0.estado,
        ue1_0.fecha_creacion,
        ue1_0.fecha_modificacion,
        ue1_0.nombres 
    from
        usuarios ue1_0 
    where
        ue1_0.cedula=?
Hibernate: 
    select
        ur1_0.id_usuario,
        ur1_0.id_rol,
        r1_0.id_rol,
        r1_0.estado,
        r1_0.nombre,
        ur1_0.estado,
        ur1_0.fecha_asignacion 
    from
        usuarios_roles ur1_0 
    join
        roles r1_0 
            on r1_0.id_rol=ur1_0.id_rol 
    where
        ur1_0.id_usuario=?
Hibernate: 
    select
        ua1_0.id_usuario,
        ua1_0.id_area,
        a1_0.id_area,
        a1_0.estado,
        a1_0.nombre,
        ua1_0.estado,
        ua1_0.fecha_asignacion 
    from
        usuarios_areas ua1_0 
    join
        areas a1_0 
            on a1_0.id_area=ua1_0.id_area 
    where
        ua1_0.id_usuario=?
2025-11-30T19:26:47.113-05:00  INFO 21128 --- [udipsai-backend] [nio-8080-exec-1] c.u.b.a.service.UsuarioSecurityService   : Usuario encontrado
2025-11-30T19:26:47.113-05:00 DEBUG 21128 --- [udipsai-backend] [nio-8080-exec-1] o.s.security.web.FilterChainProxy        : Secured GET /api/citas?page=0&size=10
2025-11-30T19:26:47.113-05:00  INFO 21128 --- [udipsai-backend] [nio-8080-exec-1] c.u.backend.citas.service.CitaService    : obtenerCitas()
2025-11-30T19:26:47.113-05:00  INFO 21128 --- [udipsai-backend] [nio-8080-exec-1] c.u.backend.citas.service.CitaService    : Obteniendo todas las Citas
Hibernate: 
    select
        ce1_0.id_cita,
        ce1_0.id_area,
        ce1_0.estado,
        ce1_0.fecha,
        ce1_0.fecha_creacion,
        ce1_0.fecha_modificacion,
        ce1_0.ficha_paciente,
        ce1_0.hora_fin,
        ce1_0.hora_inicio,
        ce1_0.id_profesional 
    from
        citas ce1_0 
    offset
        ? rows 
    fetch
        first ? rows only
2025-11-30T19:26:47.113-05:00 ERROR 21128 --- [udipsai-backend] [nio-8080-exec-1] c.u.b.c.e.GlobalExceptionHandler         : 404 NOT FOUND: Recurso no encontrado - No existen citas registradas
2025-11-30T19:26:47.113-05:00 DEBUG 21128 --- [udipsai-backend] [nio-8080-exec-1] c.u.backend.common.config.LogFilter      : Response Status=[404]
2025-11-30T19:26:48.747-05:00 DEBUG 21128 --- [udipsai-backend] [io-8080-exec-10] o.s.security.web.FilterChainProxy        : Securing OPTIONS /api/profesionales?page=0&size=10
2025-11-30T19:26:48.747-05:00 DEBUG 21128 --- [udipsai-backend] [nio-8080-exec-9] o.s.security.web.FilterChainProxy        : Securing GET /api/areas
2025-11-30T19:26:48.747-05:00 DEBUG 21128 --- [udipsai-backend] [nio-8080-exec-9] c.u.backend.common.config.LogFilter      : ========== REQUEST DATA ==========
2025-11-30T19:26:48.747-05:00 DEBUG 21128 --- [udipsai-backend] [nio-8080-exec-9] c.u.backend.common.config.LogFilter      : Origin IP=[0:0:0:0:0:0:0:1]
2025-11-30T19:26:48.747-05:00 DEBUG 21128 --- [udipsai-backend] [nio-8080-exec-9] c.u.backend.common.config.LogFilter      : URI=[/api/areas]
2025-11-30T19:26:48.747-05:00 DEBUG 21128 --- [udipsai-backend] [nio-8080-exec-9] c.u.backend.common.config.LogFilter      : Method=[GET]
2025-11-30T19:26:48.762-05:00 DEBUG 21128 --- [udipsai-backend] [nio-8080-exec-9] c.u.backend.common.config.LogFilter      : Host Header=[localhost:8080]
2025-11-30T19:26:48.763-05:00 DEBUG 21128 --- [udipsai-backend] [nio-8080-exec-9] c.u.backend.common.config.LogFilter      : Server IP=[0:0:0:0:0:0:0:1]
2025-11-30T19:26:48.764-05:00 DEBUG 21128 --- [udipsai-backend] [nio-8080-exec-9] c.u.backend.common.config.LogFilter      : Content-Type=[null]
2025-11-30T19:26:48.764-05:00 DEBUG 21128 --- [udipsai-backend] [nio-8080-exec-3] o.s.security.web.FilterChainProxy        : Securing GET /api/profesionales?page=0&size=10
2025-11-30T19:26:48.764-05:00 DEBUG 21128 --- [udipsai-backend] [nio-8080-exec-9] c.u.backend.common.config.LogFilter      : User-Agent=[Mozilla/5.0 (Windows NT 10.0; Win64; x64) AppleWebKit/537.36 (KHTML, like Gecko) Code/1.106.2 Chrome/138.0.7204.251 Electron/37.7.0 Safari/537.36]
2025-11-30T19:26:48.765-05:00 DEBUG 21128 --- [udipsai-backend] [nio-8080-exec-3] c.u.backend.common.config.LogFilter      : ========== REQUEST DATA ==========
2025-11-30T19:26:48.765-05:00  INFO 21128 --- [udipsai-backend] [nio-8080-exec-9] c.u.b.a.service.UsuarioSecurityService   : loadUserByUsername()
2025-11-30T19:26:48.766-05:00 DEBUG 21128 --- [udipsai-backend] [nio-8080-exec-3] c.u.backend.common.config.LogFilter      : Origin IP=[0:0:0:0:0:0:0:1]
2025-11-30T19:26:48.766-05:00  INFO 21128 --- [udipsai-backend] [nio-8080-exec-9] c.u.b.a.service.UsuarioSecurityService   : Cargando usuario con cédula 1234567890
2025-11-30T19:26:48.766-05:00 DEBUG 21128 --- [udipsai-backend] [nio-8080-exec-3] c.u.backend.common.config.LogFilter      : URI=[/api/profesionales]
2025-11-30T19:26:48.767-05:00 DEBUG 21128 --- [udipsai-backend] [nio-8080-exec-3] c.u.backend.common.config.LogFilter      : Method=[GET]
2025-11-30T19:26:48.767-05:00 DEBUG 21128 --- [udipsai-backend] [nio-8080-exec-3] c.u.backend.common.config.LogFilter      : Host Header=[localhost:8080]
2025-11-30T19:26:48.767-05:00 DEBUG 21128 --- [udipsai-backend] [nio-8080-exec-3] c.u.backend.common.config.LogFilter      : Server IP=[0:0:0:0:0:0:0:1]
2025-11-30T19:26:48.768-05:00 DEBUG 21128 --- [udipsai-backend] [nio-8080-exec-3] c.u.backend.common.config.LogFilter      : Content-Type=[null]
Hibernate: 
    select
        ue1_0.id_usuario,
        ue1_0.apellidos,
        ue1_0.cedula,
        ue1_0.celular,
        ue1_0.contrasenia,
        ue1_0.email,
        ue1_0.estado,
        ue1_0.fecha_creacion,
        ue1_0.fecha_modificacion,
        ue1_0.nombres 
    from
        usuarios ue1_0 
    where
        ue1_0.cedula=?
2025-11-30T19:26:48.769-05:00 DEBUG 21128 --- [udipsai-backend] [nio-8080-exec-3] c.u.backend.common.config.LogFilter      : User-Agent=[Mozilla/5.0 (Windows NT 10.0; Win64; x64) AppleWebKit/537.36 (KHTML, like Gecko) Code/1.106.2 Chrome/138.0.7204.251 Electron/37.7.0 Safari/537.36]
2025-11-30T19:26:48.770-05:00  INFO 21128 --- [udipsai-backend] [nio-8080-exec-3] c.u.b.a.service.UsuarioSecurityService   : loadUserByUsername()
2025-11-30T19:26:48.771-05:00  INFO 21128 --- [udipsai-backend] [nio-8080-exec-3] c.u.b.a.service.UsuarioSecurityService   : Cargando usuario con cédula 1234567890
Hibernate: 
    select
        ur1_0.id_usuario,
        ur1_0.id_rol,
        r1_0.id_rol,
        r1_0.estado,
        r1_0.nombre,
        ur1_0.estado,
        ur1_0.fecha_asignacion 
    from
        usuarios_roles ur1_0 
    join
        roles r1_0 
            on r1_0.id_rol=ur1_0.id_rol 
    where
        ur1_0.id_usuario=?
Hibernate: 
    select
        ue1_0.id_usuario,
        ue1_0.apellidos,
        ue1_0.cedula,
        ue1_0.celular,
        ue1_0.contrasenia,
        ue1_0.email,
        ue1_0.estado,
        ue1_0.fecha_creacion,
        ue1_0.fecha_modificacion,
        ue1_0.nombres 
    from
        usuarios ue1_0 
    where
        ue1_0.cedula=?
Hibernate: 
    select
        ua1_0.id_usuario,
        ua1_0.id_area,
        a1_0.id_area,
        a1_0.estado,
        a1_0.nombre,
        ua1_0.estado,
        ua1_0.fecha_asignacion 
    from
        usuarios_areas ua1_0 
    join
        areas a1_0 
            on a1_0.id_area=ua1_0.id_area 
    where
        ua1_0.id_usuario=?
2025-11-30T19:26:48.777-05:00  INFO 21128 --- [udipsai-backend] [nio-8080-exec-9] c.u.b.a.service.UsuarioSecurityService   : Usuario encontrado
Hibernate: 
    select
        ur1_0.id_usuario,
        ur1_0.id_rol,
        r1_0.id_rol,
        r1_0.estado,
        r1_0.nombre,
        ur1_0.estado,
        ur1_0.fecha_asignacion 
    from
        usuarios_roles ur1_0 
    join
        roles r1_0 
            on r1_0.id_rol=ur1_0.id_rol 
    where
        ur1_0.id_usuario=?
2025-11-30T19:26:48.778-05:00 DEBUG 21128 --- [udipsai-backend] [nio-8080-exec-9] o.s.security.web.FilterChainProxy        : Secured GET /api/areas
Hibernate: 
    select
        ua1_0.id_usuario,
        ua1_0.id_area,
        a1_0.id_area,
        a1_0.estado,
        a1_0.nombre,
        ua1_0.estado,
        ua1_0.fecha_asignacion 
    from
        usuarios_areas ua1_0 
    join
        areas a1_0 
            on a1_0.id_area=ua1_0.id_area 
    where
        ua1_0.id_usuario=?
2025-11-30T19:26:48.780-05:00  INFO 21128 --- [udipsai-backend] [nio-8080-exec-9] c.u.b.usuarios.service.AreaService       : obtenerAreas()
2025-11-30T19:26:48.781-05:00  INFO 21128 --- [udipsai-backend] [nio-8080-exec-9] c.u.b.usuarios.service.AreaService       : Obteniendo todas las areas activas
2025-11-30T19:26:48.781-05:00  INFO 21128 --- [udipsai-backend] [nio-8080-exec-3] c.u.b.a.service.UsuarioSecurityService   : Usuario encontrado
Hibernate: 
    select
        ae1_0.id_area,
        ae1_0.estado,
        ae1_0.nombre 
    from
        areas ae1_0 
    where
        ae1_0.estado=?
2025-11-30T19:26:48.783-05:00 DEBUG 21128 --- [udipsai-backend] [nio-8080-exec-3] o.s.security.web.FilterChainProxy        : Secured GET /api/profesionales?page=0&size=10
2025-11-30T19:26:48.784-05:00  INFO 21128 --- [udipsai-backend] [nio-8080-exec-9] c.u.b.usuarios.service.AreaService       : 200 OK: Areas activas obtenidas correctamente
2025-11-30T19:26:48.785-05:00  INFO 21128 --- [udipsai-backend] [nio-8080-exec-3] c.u.b.u.service.ProfesionalService       : obtenerProfesionales()
2025-11-30T19:26:48.786-05:00  INFO 21128 --- [udipsai-backend] [nio-8080-exec-3] c.u.b.u.service.ProfesionalService       : Obteniendo profesionales activos
2025-11-30T19:26:48.786-05:00 DEBUG 21128 --- [udipsai-backend] [nio-8080-exec-9] c.u.backend.common.config.LogFilter      : Response Status=[200]
Hibernate: 
    select
        pe1_0.id_profesional,
        pe1_0.especialidad,
        pe1_0.estado,
        pe1_0.id_usuario 
    from
        profesionales pe1_0 
    where
        pe1_0.estado in ('A', 'B') 
    offset
        ? rows 
    fetch
        first ? rows only
2025-11-30T19:26:48.789-05:00  INFO 21128 --- [udipsai-backend] [nio-8080-exec-3] c.u.b.u.service.ProfesionalService       : 200 OK: Profesionales activos obtenidos correctamente
2025-11-30T19:26:48.793-05:00 DEBUG 21128 --- [udipsai-backend] [nio-8080-exec-3] c.u.backend.common.config.LogFilter      : Response Status=[200]
2025-11-30T19:26:51.580-05:00 DEBUG 21128 --- [udipsai-backend] [nio-8080-exec-2] o.s.security.web.FilterChainProxy        : Securing OPTIONS /api/pasantes?page=0&size=5
2025-11-30T19:26:51.596-05:00 DEBUG 21128 --- [udipsai-backend] [nio-8080-exec-4] o.s.security.web.FilterChainProxy        : Securing GET /api/areas
2025-11-30T19:26:51.597-05:00 DEBUG 21128 --- [udipsai-backend] [nio-8080-exec-4] c.u.backend.common.config.LogFilter      : ========== REQUEST DATA ==========
2025-11-30T19:26:51.598-05:00 DEBUG 21128 --- [udipsai-backend] [nio-8080-exec-4] c.u.backend.common.config.LogFilter      : Origin IP=[0:0:0:0:0:0:0:1]
2025-11-30T19:26:51.599-05:00 DEBUG 21128 --- [udipsai-backend] [nio-8080-exec-4] c.u.backend.common.config.LogFilter      : URI=[/api/areas]
2025-11-30T19:26:51.599-05:00 DEBUG 21128 --- [udipsai-backend] [nio-8080-exec-4] c.u.backend.common.config.LogFilter      : Method=[GET]
2025-11-30T19:26:51.600-05:00 DEBUG 21128 --- [udipsai-backend] [nio-8080-exec-4] c.u.backend.common.config.LogFilter      : Host Header=[localhost:8080]
2025-11-30T19:26:51.600-05:00 DEBUG 21128 --- [udipsai-backend] [nio-8080-exec-4] c.u.backend.common.config.LogFilter      : Server IP=[0:0:0:0:0:0:0:1]
2025-11-30T19:26:51.601-05:00 DEBUG 21128 --- [udipsai-backend] [nio-8080-exec-4] c.u.backend.common.config.LogFilter      : Content-Type=[null]
2025-11-30T19:26:51.601-05:00 DEBUG 21128 --- [udipsai-backend] [nio-8080-exec-8] o.s.security.web.FilterChainProxy        : Securing GET /api/pasantes?page=0&size=5
2025-11-30T19:26:51.602-05:00 DEBUG 21128 --- [udipsai-backend] [nio-8080-exec-4] c.u.backend.common.config.LogFilter      : User-Agent=[Mozilla/5.0 (Windows NT 10.0; Win64; x64) AppleWebKit/537.36 (KHTML, like Gecko) Code/1.106.2 Chrome/138.0.7204.251 Electron/37.7.0 Safari/537.36]
2025-11-30T19:26:51.603-05:00 DEBUG 21128 --- [udipsai-backend] [nio-8080-exec-8] c.u.backend.common.config.LogFilter      : ========== REQUEST DATA ==========
2025-11-30T19:26:51.603-05:00  INFO 21128 --- [udipsai-backend] [nio-8080-exec-4] c.u.b.a.service.UsuarioSecurityService   : loadUserByUsername()
2025-11-30T19:26:51.603-05:00 DEBUG 21128 --- [udipsai-backend] [nio-8080-exec-8] c.u.backend.common.config.LogFilter      : Origin IP=[0:0:0:0:0:0:0:1]
2025-11-30T19:26:51.604-05:00  INFO 21128 --- [udipsai-backend] [nio-8080-exec-4] c.u.b.a.service.UsuarioSecurityService   : Cargando usuario con cédula 1234567890
2025-11-30T19:26:51.604-05:00 DEBUG 21128 --- [udipsai-backend] [nio-8080-exec-8] c.u.backend.common.config.LogFilter      : URI=[/api/pasantes]
2025-11-30T19:26:51.605-05:00 DEBUG 21128 --- [udipsai-backend] [nio-8080-exec-8] c.u.backend.common.config.LogFilter      : Method=[GET]
2025-11-30T19:26:51.606-05:00 DEBUG 21128 --- [udipsai-backend] [nio-8080-exec-8] c.u.backend.common.config.LogFilter      : Host Header=[localhost:8080]
2025-11-30T19:26:51.606-05:00 DEBUG 21128 --- [udipsai-backend] [nio-8080-exec-8] c.u.backend.common.config.LogFilter      : Server IP=[0:0:0:0:0:0:0:1]
Hibernate: 
    select
        ue1_0.id_usuario,
        ue1_0.apellidos,
        ue1_0.cedula,
        ue1_0.celular,
        ue1_0.contrasenia,
        ue1_0.email,
        ue1_0.estado,
        ue1_0.fecha_creacion,
        ue1_0.fecha_modificacion,
        ue1_0.nombres 
    from
        usuarios ue1_0 
    where
        ue1_0.cedula=?
2025-11-30T19:26:51.607-05:00 DEBUG 21128 --- [udipsai-backend] [nio-8080-exec-8] c.u.backend.common.config.LogFilter      : Content-Type=[null]
2025-11-30T19:26:51.607-05:00 DEBUG 21128 --- [udipsai-backend] [nio-8080-exec-8] c.u.backend.common.config.LogFilter      : User-Agent=[Mozilla/5.0 (Windows NT 10.0; Win64; x64) AppleWebKit/537.36 (KHTML, like Gecko) Code/1.106.2 Chrome/138.0.7204.251 Electron/37.7.0 Safari/537.36]
2025-11-30T19:26:51.609-05:00  INFO 21128 --- [udipsai-backend] [nio-8080-exec-8] c.u.b.a.service.UsuarioSecurityService   : loadUserByUsername()
Hibernate: 
    select
        ur1_0.id_usuario,
        ur1_0.id_rol,
        r1_0.id_rol,
        r1_0.estado,
        r1_0.nombre,
        ur1_0.estado,
        ur1_0.fecha_asignacion 
    from
        usuarios_roles ur1_0 
    join
        roles r1_0 
            on r1_0.id_rol=ur1_0.id_rol 
    where
        ur1_0.id_usuario=?
2025-11-30T19:26:51.610-05:00  INFO 21128 --- [udipsai-backend] [nio-8080-exec-8] c.u.b.a.service.UsuarioSecurityService   : Cargando usuario con cédula 1234567890
2025-11-30T19:26:51.612-05:00 DEBUG 21128 --- [udipsai-backend] [nio-8080-exec-5] o.s.security.web.FilterChainProxy        : Securing OPTIONS /api/pasantes?page=0&size=10
Hibernate: 
    select
        ua1_0.id_usuario,
        ua1_0.id_area,
        a1_0.id_area,
        a1_0.estado,
        a1_0.nombre,
        ua1_0.estado,
        ua1_0.fecha_asignacion 
    from
        usuarios_areas ua1_0 
    join
        areas a1_0 
            on a1_0.id_area=ua1_0.id_area 
    where
        ua1_0.id_usuario=?
Hibernate: 
    select
        ue1_0.id_usuario,
        ue1_0.apellidos,
        ue1_0.cedula,
        ue1_0.celular,
        ue1_0.contrasenia,
        ue1_0.email,
        ue1_0.estado,
        ue1_0.fecha_creacion,
        ue1_0.fecha_modificacion,
        ue1_0.nombres 
    from
        usuarios ue1_0 
    where
        ue1_0.cedula=?
2025-11-30T19:26:51.615-05:00  INFO 21128 --- [udipsai-backend] [nio-8080-exec-4] c.u.b.a.service.UsuarioSecurityService   : Usuario encontrado
2025-11-30T19:26:51.616-05:00 DEBUG 21128 --- [udipsai-backend] [nio-8080-exec-4] o.s.security.web.FilterChainProxy        : Secured GET /api/areas
Hibernate: 
    select
        ur1_0.id_usuario,
        ur1_0.id_rol,
        r1_0.id_rol,
        r1_0.estado,
        r1_0.nombre,
        ur1_0.estado,
        ur1_0.fecha_asignacion 
    from
        usuarios_roles ur1_0 
    join
        roles r1_0 
            on r1_0.id_rol=ur1_0.id_rol 
    where
        ur1_0.id_usuario=?
2025-11-30T19:26:51.618-05:00  INFO 21128 --- [udipsai-backend] [nio-8080-exec-4] c.u.b.usuarios.service.AreaService       : obtenerAreas()
2025-11-30T19:26:51.619-05:00  INFO 21128 --- [udipsai-backend] [nio-8080-exec-4] c.u.b.usuarios.service.AreaService       : Obteniendo todas las areas activas
2025-11-30T19:26:51.619-05:00 DEBUG 21128 --- [udipsai-backend] [nio-8080-exec-6] o.s.security.web.FilterChainProxy        : Securing GET /api/pasantes?page=0&size=10
Hibernate: 
    select
        ua1_0.id_usuario,
        ua1_0.id_area,
        a1_0.id_area,
        a1_0.estado,
        a1_0.nombre,
        ua1_0.estado,
        ua1_0.fecha_asignacion 
    from
        usuarios_areas ua1_0 
    join
        areas a1_0 
            on a1_0.id_area=ua1_0.id_area 
    where
        ua1_0.id_usuario=?
2025-11-30T19:26:51.621-05:00 DEBUG 21128 --- [udipsai-backend] [nio-8080-exec-6] c.u.backend.common.config.LogFilter      : ========== REQUEST DATA ==========
Hibernate: 
    select
        ae1_0.id_area,
        ae1_0.estado,
        ae1_0.nombre 
    from
        areas ae1_0 
    where
        ae1_0.estado=?
2025-11-30T19:26:51.621-05:00 DEBUG 21128 --- [udipsai-backend] [nio-8080-exec-6] c.u.backend.common.config.LogFilter      : Origin IP=[0:0:0:0:0:0:0:1]
2025-11-30T19:26:51.622-05:00  INFO 21128 --- [udipsai-backend] [nio-8080-exec-8] c.u.b.a.service.UsuarioSecurityService   : Usuario encontrado
2025-11-30T19:26:51.622-05:00 DEBUG 21128 --- [udipsai-backend] [nio-8080-exec-6] c.u.backend.common.config.LogFilter      : URI=[/api/pasantes]
2025-11-30T19:26:51.623-05:00 DEBUG 21128 --- [udipsai-backend] [nio-8080-exec-6] c.u.backend.common.config.LogFilter      : Method=[GET]
2025-11-30T19:26:51.623-05:00  INFO 21128 --- [udipsai-backend] [nio-8080-exec-4] c.u.b.usuarios.service.AreaService       : 200 OK: Areas activas obtenidas correctamente
2025-11-30T19:26:51.623-05:00 DEBUG 21128 --- [udipsai-backend] [nio-8080-exec-6] c.u.backend.common.config.LogFilter      : Host Header=[localhost:8080]
2025-11-30T19:26:51.623-05:00 DEBUG 21128 --- [udipsai-backend] [nio-8080-exec-8] o.s.security.web.FilterChainProxy        : Secured GET /api/pasantes?page=0&size=5
2025-11-30T19:26:51.624-05:00 DEBUG 21128 --- [udipsai-backend] [nio-8080-exec-6] c.u.backend.common.config.LogFilter      : Server IP=[0:0:0:0:0:0:0:1]
2025-11-30T19:26:51.625-05:00 DEBUG 21128 --- [udipsai-backend] [nio-8080-exec-6] c.u.backend.common.config.LogFilter      : Content-Type=[null]
2025-11-30T19:26:51.625-05:00 DEBUG 21128 --- [udipsai-backend] [nio-8080-exec-4] c.u.backend.common.config.LogFilter      : Response Status=[200]
2025-11-30T19:26:51.625-05:00 DEBUG 21128 --- [udipsai-backend] [nio-8080-exec-6] c.u.backend.common.config.LogFilter      : User-Agent=[Mozilla/5.0 (Windows NT 10.0; Win64; x64) AppleWebKit/537.36 (KHTML, like Gecko) Code/1.106.2 Chrome/138.0.7204.251 Electron/37.7.0 Safari/537.36]
2025-11-30T19:26:51.625-05:00  INFO 21128 --- [udipsai-backend] [nio-8080-exec-8] c.u.b.usuarios.service.PasanteService    : obtenerPasantes()
2025-11-30T19:26:51.627-05:00  INFO 21128 --- [udipsai-backend] [nio-8080-exec-8] c.u.b.usuarios.service.PasanteService    : Obteniendo pasantes activos
2025-11-30T19:26:51.627-05:00  INFO 21128 --- [udipsai-backend] [nio-8080-exec-6] c.u.b.a.service.UsuarioSecurityService   : loadUserByUsername()
2025-11-30T19:26:51.628-05:00  INFO 21128 --- [udipsai-backend] [nio-8080-exec-6] c.u.b.a.service.UsuarioSecurityService   : Cargando usuario con cédula 1234567890
Hibernate: 
    select
        pe1_0.id_pasante,
        pe1_0.carrera,
        pe1_0.estado,
        pe1_0.id_usuario 
    from
        pasantes pe1_0 
    where
        pe1_0.estado in ('A', 'B') 
    offset
        ? rows 
    fetch
        first ? rows only
Hibernate: 
    select
        ue1_0.id_usuario,
        ue1_0.apellidos,
        ue1_0.cedula,
        ue1_0.celular,
        ue1_0.contrasenia,
        ue1_0.email,
        ue1_0.estado,
        ue1_0.fecha_creacion,
        ue1_0.fecha_modificacion,
        ue1_0.nombres 
    from
        usuarios ue1_0 
    where
        ue1_0.cedula=?
2025-11-30T19:26:51.633-05:00  INFO 21128 --- [udipsai-backend] [nio-8080-exec-8] c.u.b.usuarios.service.PasanteService    : 200 OK: Pasantes activos obtenidos correctamente
Hibernate: 
    select
        ur1_0.id_usuario,
        ur1_0.id_rol,
        r1_0.id_rol,
        r1_0.estado,
        r1_0.nombre,
        ur1_0.estado,
        ur1_0.fecha_asignacion 
    from
        usuarios_roles ur1_0 
    join
        roles r1_0 
            on r1_0.id_rol=ur1_0.id_rol 
    where
        ur1_0.id_usuario=?
Hibernate: 
    select
        ua1_0.id_usuario,
        ua1_0.id_area,
        a1_0.id_area,
        a1_0.estado,
        a1_0.nombre,
        ua1_0.estado,
        ua1_0.fecha_asignacion 
    from
        usuarios_areas ua1_0 
    join
        areas a1_0 
            on a1_0.id_area=ua1_0.id_area 
    where
        ua1_0.id_usuario=?
2025-11-30T19:26:51.638-05:00 DEBUG 21128 --- [udipsai-backend] [nio-8080-exec-8] c.u.backend.common.config.LogFilter      : Response Status=[200]
2025-11-30T19:26:51.640-05:00  INFO 21128 --- [udipsai-backend] [nio-8080-exec-6] c.u.b.a.service.UsuarioSecurityService   : Usuario encontrado
2025-11-30T19:26:51.642-05:00 DEBUG 21128 --- [udipsai-backend] [nio-8080-exec-6] o.s.security.web.FilterChainProxy        : Secured GET /api/pasantes?page=0&size=10
2025-11-30T19:26:51.644-05:00  INFO 21128 --- [udipsai-backend] [nio-8080-exec-6] c.u.b.usuarios.service.PasanteService    : obtenerPasantes()
2025-11-30T19:26:51.644-05:00  INFO 21128 --- [udipsai-backend] [nio-8080-exec-6] c.u.b.usuarios.service.PasanteService    : Obteniendo pasantes activos
Hibernate: 
    select
        pe1_0.id_pasante,
        pe1_0.carrera,
        pe1_0.estado,
        pe1_0.id_usuario 
    from
        pasantes pe1_0 
    where
        pe1_0.estado in ('A', 'B') 
    offset
        ? rows 
    fetch
        first ? rows only
2025-11-30T19:26:51.647-05:00  INFO 21128 --- [udipsai-backend] [nio-8080-exec-6] c.u.b.usuarios.service.PasanteService    : 200 OK: Pasantes activos obtenidos correctamente
2025-11-30T19:26:51.647-05:00 DEBUG 21128 --- [udipsai-backend] [nio-8080-exec-6] c.u.backend.common.config.LogFilter      : Response Status=[200]
2025-11-30T19:26:53.912-05:00 DEBUG 21128 --- [udipsai-backend] [nio-8080-exec-7] o.s.security.web.FilterChainProxy        : Securing OPTIONS /api/coordinadores?page=0&size=10
2025-11-30T19:26:53.913-05:00 DEBUG 21128 --- [udipsai-backend] [nio-8080-exec-1] o.s.security.web.FilterChainProxy        : Securing GET /api/areas
2025-11-30T19:26:53.914-05:00 DEBUG 21128 --- [udipsai-backend] [io-8080-exec-10] o.s.security.web.FilterChainProxy        : Securing OPTIONS /api/coordinadores?page=0&size=10
2025-11-30T19:26:53.915-05:00 DEBUG 21128 --- [udipsai-backend] [nio-8080-exec-1] c.u.backend.common.config.LogFilter      : ========== REQUEST DATA ==========
2025-11-30T19:26:53.916-05:00 DEBUG 21128 --- [udipsai-backend] [nio-8080-exec-1] c.u.backend.common.config.LogFilter      : Origin IP=[0:0:0:0:0:0:0:1]
2025-11-30T19:26:53.917-05:00 DEBUG 21128 --- [udipsai-backend] [nio-8080-exec-1] c.u.backend.common.config.LogFilter      : URI=[/api/areas]
2025-11-30T19:26:53.918-05:00 DEBUG 21128 --- [udipsai-backend] [nio-8080-exec-1] c.u.backend.common.config.LogFilter      : Method=[GET]
2025-11-30T19:26:53.919-05:00 DEBUG 21128 --- [udipsai-backend] [nio-8080-exec-1] c.u.backend.common.config.LogFilter      : Host Header=[localhost:8080]
2025-11-30T19:26:53.919-05:00 DEBUG 21128 --- [udipsai-backend] [nio-8080-exec-1] c.u.backend.common.config.LogFilter      : Server IP=[0:0:0:0:0:0:0:1]
2025-11-30T19:26:53.920-05:00 DEBUG 21128 --- [udipsai-backend] [nio-8080-exec-1] c.u.backend.common.config.LogFilter      : Content-Type=[null]
2025-11-30T19:26:53.920-05:00 DEBUG 21128 --- [udipsai-backend] [nio-8080-exec-1] c.u.backend.common.config.LogFilter      : User-Agent=[Mozilla/5.0 (Windows NT 10.0; Win64; x64) AppleWebKit/537.36 (KHTML, like Gecko) Code/1.106.2 Chrome/138.0.7204.251 Electron/37.7.0 Safari/537.36]
2025-11-30T19:26:53.920-05:00 DEBUG 21128 --- [udipsai-backend] [nio-8080-exec-9] o.s.security.web.FilterChainProxy        : Securing GET /api/coordinadores?page=0&size=10
2025-11-30T19:26:53.922-05:00  INFO 21128 --- [udipsai-backend] [nio-8080-exec-1] c.u.b.a.service.UsuarioSecurityService   : loadUserByUsername()
2025-11-30T19:26:53.922-05:00 DEBUG 21128 --- [udipsai-backend] [nio-8080-exec-9] c.u.backend.common.config.LogFilter      : ========== REQUEST DATA ==========
2025-11-30T19:26:53.923-05:00  INFO 21128 --- [udipsai-backend] [nio-8080-exec-1] c.u.b.a.service.UsuarioSecurityService   : Cargando usuario con cédula 1234567890
2025-11-30T19:26:53.924-05:00 DEBUG 21128 --- [udipsai-backend] [nio-8080-exec-9] c.u.backend.common.config.LogFilter      : Origin IP=[0:0:0:0:0:0:0:1]
2025-11-30T19:26:53.925-05:00 DEBUG 21128 --- [udipsai-backend] [nio-8080-exec-9] c.u.backend.common.config.LogFilter      : URI=[/api/coordinadores]
2025-11-30T19:26:53.925-05:00 DEBUG 21128 --- [udipsai-backend] [nio-8080-exec-9] c.u.backend.common.config.LogFilter      : Method=[GET]
2025-11-30T19:26:53.926-05:00 DEBUG 21128 --- [udipsai-backend] [nio-8080-exec-9] c.u.backend.common.config.LogFilter      : Host Header=[localhost:8080]
Hibernate: 
    select
        ue1_0.id_usuario,
        ue1_0.apellidos,
        ue1_0.cedula,
        ue1_0.celular,
        ue1_0.contrasenia,
        ue1_0.email,
        ue1_0.estado,
        ue1_0.fecha_creacion,
        ue1_0.fecha_modificacion,
        ue1_0.nombres 
    from
        usuarios ue1_0 
    where
        ue1_0.cedula=?
2025-11-30T19:26:53.927-05:00 DEBUG 21128 --- [udipsai-backend] [nio-8080-exec-9] c.u.backend.common.config.LogFilter      : Server IP=[0:0:0:0:0:0:0:1]
2025-11-30T19:26:53.927-05:00 DEBUG 21128 --- [udipsai-backend] [nio-8080-exec-9] c.u.backend.common.config.LogFilter      : Content-Type=[null]
2025-11-30T19:26:53.928-05:00 DEBUG 21128 --- [udipsai-backend] [nio-8080-exec-9] c.u.backend.common.config.LogFilter      : User-Agent=[Mozilla/5.0 (Windows NT 10.0; Win64; x64) AppleWebKit/537.36 (KHTML, like Gecko) Code/1.106.2 Chrome/138.0.7204.251 Electron/37.7.0 Safari/537.36]
Hibernate: 
    select
        ur1_0.id_usuario,
        ur1_0.id_rol,
        r1_0.id_rol,
        r1_0.estado,
        r1_0.nombre,
        ur1_0.estado,
        ur1_0.fecha_asignacion 
    from
        usuarios_roles ur1_0 
    join
        roles r1_0 
            on r1_0.id_rol=ur1_0.id_rol 
    where
        ur1_0.id_usuario=?
2025-11-30T19:26:53.930-05:00  INFO 21128 --- [udipsai-backend] [nio-8080-exec-9] c.u.b.a.service.UsuarioSecurityService   : loadUserByUsername()
2025-11-30T19:26:53.931-05:00  INFO 21128 --- [udipsai-backend] [nio-8080-exec-9] c.u.b.a.service.UsuarioSecurityService   : Cargando usuario con cédula 1234567890
Hibernate: 
    select
        ua1_0.id_usuario,
        ua1_0.id_area,
        a1_0.id_area,
        a1_0.estado,
        a1_0.nombre,
        ua1_0.estado,
        ua1_0.fecha_asignacion 
    from
        usuarios_areas ua1_0 
    join
        areas a1_0 
            on a1_0.id_area=ua1_0.id_area 
    where
        ua1_0.id_usuario=?
Hibernate: 
    select
        ue1_0.id_usuario,
        ue1_0.apellidos,
        ue1_0.cedula,
        ue1_0.celular,
        ue1_0.contrasenia,
        ue1_0.email,
        ue1_0.estado,
        ue1_0.fecha_creacion,
        ue1_0.fecha_modificacion,
        ue1_0.nombres 
    from
        usuarios ue1_0 
    where
        ue1_0.cedula=?
2025-11-30T19:26:53.934-05:00  INFO 21128 --- [udipsai-backend] [nio-8080-exec-1] c.u.b.a.service.UsuarioSecurityService   : Usuario encontrado
2025-11-30T19:26:53.935-05:00 DEBUG 21128 --- [udipsai-backend] [nio-8080-exec-1] o.s.security.web.FilterChainProxy        : Secured GET /api/areas
Hibernate: 
    select
        ur1_0.id_usuario,
        ur1_0.id_rol,
        r1_0.id_rol,
        r1_0.estado,
        r1_0.nombre,
        ur1_0.estado,
        ur1_0.fecha_asignacion 
    from
        usuarios_roles ur1_0 
    join
        roles r1_0 
            on r1_0.id_rol=ur1_0.id_rol 
    where
        ur1_0.id_usuario=?
2025-11-30T19:26:53.937-05:00  INFO 21128 --- [udipsai-backend] [nio-8080-exec-1] c.u.b.usuarios.service.AreaService       : obtenerAreas()
2025-11-30T19:26:53.938-05:00  INFO 21128 --- [udipsai-backend] [nio-8080-exec-1] c.u.b.usuarios.service.AreaService       : Obteniendo todas las areas activas
Hibernate: 
    select
        ua1_0.id_usuario,
        ua1_0.id_area,
        a1_0.id_area,
        a1_0.estado,
        a1_0.nombre,
        ua1_0.estado,
        ua1_0.fecha_asignacion 
    from
        usuarios_areas ua1_0 
    join
        areas a1_0 
            on a1_0.id_area=ua1_0.id_area 
    where
        ua1_0.id_usuario=?
Hibernate: 
    select
        ae1_0.id_area,
        ae1_0.estado,
        ae1_0.nombre 
    from
        areas ae1_0 
    where
        ae1_0.estado=?
2025-11-30T19:26:53.940-05:00  INFO 21128 --- [udipsai-backend] [nio-8080-exec-9] c.u.b.a.service.UsuarioSecurityService   : Usuario encontrado
2025-11-30T19:26:53.942-05:00  INFO 21128 --- [udipsai-backend] [nio-8080-exec-1] c.u.b.usuarios.service.AreaService       : 200 OK: Areas activas obtenidas correctamente
2025-11-30T19:26:53.942-05:00 DEBUG 21128 --- [udipsai-backend] [nio-8080-exec-9] o.s.security.web.FilterChainProxy        : Secured GET /api/coordinadores?page=0&size=10
2025-11-30T19:26:53.942-05:00  INFO 21128 --- [udipsai-backend] [nio-8080-exec-9] c.u.b.u.service.CoordinadorService       : obtenerCoordinadores()
2025-11-30T19:26:53.946-05:00 DEBUG 21128 --- [udipsai-backend] [nio-8080-exec-1] c.u.backend.common.config.LogFilter      : Response Status=[200]
2025-11-30T19:26:53.946-05:00  INFO 21128 --- [udipsai-backend] [nio-8080-exec-9] c.u.b.u.service.CoordinadorService       : Obteniendo coordinadores activos
Hibernate: 
    select
        ce1_0.id_coordinador,
        ce1_0.estado,
        ce1_0.id_usuario 
    from
        coordinadores ce1_0 
    where
        ce1_0.estado in ('A', 'B') 
    offset
        ? rows 
    fetch
        first ? rows only
2025-11-30T19:26:53.947-05:00  INFO 21128 --- [udipsai-backend] [nio-8080-exec-9] c.u.b.u.service.CoordinadorService       : 200 OK: Coordinadores activos obtenidos correctamente
2025-11-30T19:26:53.947-05:00 DEBUG 21128 --- [udipsai-backend] [nio-8080-exec-9] c.u.backend.common.config.LogFilter      : Response Status=[200]
2025-11-30T19:26:53.947-05:00 DEBUG 21128 --- [udipsai-backend] [nio-8080-exec-3] o.s.security.web.FilterChainProxy        : Securing GET /api/coordinadores?page=0&size=10
2025-11-30T19:26:53.947-05:00 DEBUG 21128 --- [udipsai-backend] [nio-8080-exec-3] c.u.backend.common.config.LogFilter      : ========== REQUEST DATA ==========
2025-11-30T19:26:53.947-05:00 DEBUG 21128 --- [udipsai-backend] [nio-8080-exec-3] c.u.backend.common.config.LogFilter      : Origin IP=[0:0:0:0:0:0:0:1]
2025-11-30T19:26:53.947-05:00 DEBUG 21128 --- [udipsai-backend] [nio-8080-exec-3] c.u.backend.common.config.LogFilter      : URI=[/api/coordinadores]
2025-11-30T19:26:53.947-05:00 DEBUG 21128 --- [udipsai-backend] [nio-8080-exec-3] c.u.backend.common.config.LogFilter      : Method=[GET]
2025-11-30T19:26:53.947-05:00 DEBUG 21128 --- [udipsai-backend] [nio-8080-exec-3] c.u.backend.common.config.LogFilter      : Host Header=[localhost:8080]
2025-11-30T19:26:53.947-05:00 DEBUG 21128 --- [udipsai-backend] [nio-8080-exec-3] c.u.backend.common.config.LogFilter      : Server IP=[0:0:0:0:0:0:0:1]
2025-11-30T19:26:53.947-05:00 DEBUG 21128 --- [udipsai-backend] [nio-8080-exec-3] c.u.backend.common.config.LogFilter      : Content-Type=[null]
2025-11-30T19:26:53.947-05:00 DEBUG 21128 --- [udipsai-backend] [nio-8080-exec-3] c.u.backend.common.config.LogFilter      : User-Agent=[Mozilla/5.0 (Windows NT 10.0; Win64; x64) AppleWebKit/537.36 (KHTML, like Gecko) Code/1.106.2 Chrome/138.0.7204.251 Electron/37.7.0 Safari/537.36]
2025-11-30T19:26:53.947-05:00  INFO 21128 --- [udipsai-backend] [nio-8080-exec-3] c.u.b.a.service.UsuarioSecurityService   : loadUserByUsername()
2025-11-30T19:26:53.947-05:00  INFO 21128 --- [udipsai-backend] [nio-8080-exec-3] c.u.b.a.service.UsuarioSecurityService   : Cargando usuario con cédula 1234567890
Hibernate: 
    select
        ue1_0.id_usuario,
        ue1_0.apellidos,
        ue1_0.cedula,
        ue1_0.celular,
        ue1_0.contrasenia,
        ue1_0.email,
        ue1_0.estado,
        ue1_0.fecha_creacion,
        ue1_0.fecha_modificacion,
        ue1_0.nombres 
    from
        usuarios ue1_0 
    where
        ue1_0.cedula=?
Hibernate: 
    select
        ur1_0.id_usuario,
        ur1_0.id_rol,
        r1_0.id_rol,
        r1_0.estado,
        r1_0.nombre,
        ur1_0.estado,
        ur1_0.fecha_asignacion 
    from
        usuarios_roles ur1_0 
    join
        roles r1_0 
            on r1_0.id_rol=ur1_0.id_rol 
    where
        ur1_0.id_usuario=?
Hibernate: 
    select
        ua1_0.id_usuario,
        ua1_0.id_area,
        a1_0.id_area,
        a1_0.estado,
        a1_0.nombre,
        ua1_0.estado,
        ua1_0.fecha_asignacion 
    from
        usuarios_areas ua1_0 
    join
        areas a1_0 
            on a1_0.id_area=ua1_0.id_area 
    where
        ua1_0.id_usuario=?
2025-11-30T19:26:53.963-05:00  INFO 21128 --- [udipsai-backend] [nio-8080-exec-3] c.u.b.a.service.UsuarioSecurityService   : Usuario encontrado
2025-11-30T19:26:53.963-05:00 DEBUG 21128 --- [udipsai-backend] [nio-8080-exec-3] o.s.security.web.FilterChainProxy        : Secured GET /api/coordinadores?page=0&size=10
2025-11-30T19:26:53.963-05:00  INFO 21128 --- [udipsai-backend] [nio-8080-exec-3] c.u.b.u.service.CoordinadorService       : obtenerCoordinadores()
2025-11-30T19:26:53.963-05:00  INFO 21128 --- [udipsai-backend] [nio-8080-exec-3] c.u.b.u.service.CoordinadorService       : Obteniendo coordinadores activos
Hibernate: 
    select
        ce1_0.id_coordinador,
        ce1_0.estado,
        ce1_0.id_usuario 
    from
        coordinadores ce1_0 
    where
        ce1_0.estado in ('A', 'B') 
    offset
        ? rows 
    fetch
        first ? rows only
2025-11-30T19:26:53.963-05:00  INFO 21128 --- [udipsai-backend] [nio-8080-exec-3] c.u.b.u.service.CoordinadorService       : 200 OK: Coordinadores activos obtenidos correctamente
2025-11-30T19:26:53.963-05:00 DEBUG 21128 --- [udipsai-backend] [nio-8080-exec-3] c.u.backend.common.config.LogFilter      : Response Status=[200]
2025-11-30T19:26:57.365-05:00 DEBUG 21128 --- [udipsai-backend] [nio-8080-exec-2] o.s.security.web.FilterChainProxy        : Securing OPTIONS /api/secretarias?page=0&size=5
2025-11-30T19:26:57.365-05:00 DEBUG 21128 --- [udipsai-backend] [nio-8080-exec-5] o.s.security.web.FilterChainProxy        : Securing GET /api/areas
2025-11-30T19:26:57.366-05:00 DEBUG 21128 --- [udipsai-backend] [nio-8080-exec-5] c.u.backend.common.config.LogFilter      : ========== REQUEST DATA ==========
2025-11-30T19:26:57.367-05:00 DEBUG 21128 --- [udipsai-backend] [nio-8080-exec-5] c.u.backend.common.config.LogFilter      : Origin IP=[0:0:0:0:0:0:0:1]
2025-11-30T19:26:57.368-05:00 DEBUG 21128 --- [udipsai-backend] [nio-8080-exec-5] c.u.backend.common.config.LogFilter      : URI=[/api/areas]
2025-11-30T19:26:57.368-05:00 DEBUG 21128 --- [udipsai-backend] [nio-8080-exec-5] c.u.backend.common.config.LogFilter      : Method=[GET]
2025-11-30T19:26:57.369-05:00 DEBUG 21128 --- [udipsai-backend] [nio-8080-exec-5] c.u.backend.common.config.LogFilter      : Host Header=[localhost:8080]
2025-11-30T19:26:57.369-05:00 DEBUG 21128 --- [udipsai-backend] [nio-8080-exec-5] c.u.backend.common.config.LogFilter      : Server IP=[0:0:0:0:0:0:0:1]
2025-11-30T19:26:57.370-05:00 DEBUG 21128 --- [udipsai-backend] [nio-8080-exec-5] c.u.backend.common.config.LogFilter      : Content-Type=[null]
2025-11-30T19:26:57.370-05:00 DEBUG 21128 --- [udipsai-backend] [nio-8080-exec-5] c.u.backend.common.config.LogFilter      : User-Agent=[Mozilla/5.0 (Windows NT 10.0; Win64; x64) AppleWebKit/537.36 (KHTML, like Gecko) Code/1.106.2 Chrome/138.0.7204.251 Electron/37.7.0 Safari/537.36]
2025-11-30T19:26:57.371-05:00 DEBUG 21128 --- [udipsai-backend] [nio-8080-exec-4] o.s.security.web.FilterChainProxy        : Securing GET /api/secretarias?page=0&size=5
2025-11-30T19:26:57.371-05:00  INFO 21128 --- [udipsai-backend] [nio-8080-exec-5] c.u.b.a.service.UsuarioSecurityService   : loadUserByUsername()
2025-11-30T19:26:57.372-05:00  INFO 21128 --- [udipsai-backend] [nio-8080-exec-5] c.u.b.a.service.UsuarioSecurityService   : Cargando usuario con cédula 1234567890
2025-11-30T19:26:57.373-05:00 DEBUG 21128 --- [udipsai-backend] [nio-8080-exec-4] c.u.backend.common.config.LogFilter      : ========== REQUEST DATA ==========
2025-11-30T19:26:57.373-05:00 DEBUG 21128 --- [udipsai-backend] [nio-8080-exec-4] c.u.backend.common.config.LogFilter      : Origin IP=[0:0:0:0:0:0:0:1]
2025-11-30T19:26:57.374-05:00 DEBUG 21128 --- [udipsai-backend] [nio-8080-exec-4] c.u.backend.common.config.LogFilter      : URI=[/api/secretarias]
Hibernate: 
    select
        ue1_0.id_usuario,
        ue1_0.apellidos,
        ue1_0.cedula,
        ue1_0.celular,
        ue1_0.contrasenia,
        ue1_0.email,
        ue1_0.estado,
        ue1_0.fecha_creacion,
        ue1_0.fecha_modificacion,
        ue1_0.nombres 
    from
        usuarios ue1_0 
    where
        ue1_0.cedula=?
2025-11-30T19:26:57.374-05:00 DEBUG 21128 --- [udipsai-backend] [nio-8080-exec-4] c.u.backend.common.config.LogFilter      : Method=[GET]
2025-11-30T19:26:57.375-05:00 DEBUG 21128 --- [udipsai-backend] [nio-8080-exec-4] c.u.backend.common.config.LogFilter      : Host Header=[localhost:8080]
2025-11-30T19:26:57.375-05:00 DEBUG 21128 --- [udipsai-backend] [nio-8080-exec-4] c.u.backend.common.config.LogFilter      : Server IP=[0:0:0:0:0:0:0:1]
2025-11-30T19:26:57.376-05:00 DEBUG 21128 --- [udipsai-backend] [nio-8080-exec-4] c.u.backend.common.config.LogFilter      : Content-Type=[null]
2025-11-30T19:26:57.376-05:00 DEBUG 21128 --- [udipsai-backend] [nio-8080-exec-4] c.u.backend.common.config.LogFilter      : User-Agent=[Mozilla/5.0 (Windows NT 10.0; Win64; x64) AppleWebKit/537.36 (KHTML, like Gecko) Code/1.106.2 Chrome/138.0.7204.251 Electron/37.7.0 Safari/537.36]
Hibernate: 
    select
        ur1_0.id_usuario,
        ur1_0.id_rol,
        r1_0.id_rol,
        r1_0.estado,
        r1_0.nombre,
        ur1_0.estado,
        ur1_0.fecha_asignacion 
    from
        usuarios_roles ur1_0 
    join
        roles r1_0 
            on r1_0.id_rol=ur1_0.id_rol 
    where
        ur1_0.id_usuario=?
2025-11-30T19:26:57.378-05:00  INFO 21128 --- [udipsai-backend] [nio-8080-exec-4] c.u.b.a.service.UsuarioSecurityService   : loadUserByUsername()
2025-11-30T19:26:57.378-05:00  INFO 21128 --- [udipsai-backend] [nio-8080-exec-4] c.u.b.a.service.UsuarioSecurityService   : Cargando usuario con cédula 1234567890
Hibernate: 
    select
        ua1_0.id_usuario,
        ua1_0.id_area,
        a1_0.id_area,
        a1_0.estado,
        a1_0.nombre,
        ua1_0.estado,
        ua1_0.fecha_asignacion 
    from
        usuarios_areas ua1_0 
    join
        areas a1_0 
            on a1_0.id_area=ua1_0.id_area 
    where
        ua1_0.id_usuario=?
2025-11-30T19:26:57.381-05:00  INFO 21128 --- [udipsai-backend] [nio-8080-exec-5] c.u.b.a.service.UsuarioSecurityService   : Usuario encontrado
Hibernate: 
    select
        ue1_0.id_usuario,
        ue1_0.apellidos,
        ue1_0.cedula,
        ue1_0.celular,
        ue1_0.contrasenia,
        ue1_0.email,
        ue1_0.estado,
        ue1_0.fecha_creacion,
        ue1_0.fecha_modificacion,
        ue1_0.nombres 
    from
        usuarios ue1_0 
    where
        ue1_0.cedula=?
2025-11-30T19:26:57.382-05:00 DEBUG 21128 --- [udipsai-backend] [nio-8080-exec-5] o.s.security.web.FilterChainProxy        : Secured GET /api/areas
2025-11-30T19:26:57.384-05:00  INFO 21128 --- [udipsai-backend] [nio-8080-exec-5] c.u.b.usuarios.service.AreaService       : obtenerAreas()
Hibernate: 
    select
        ur1_0.id_usuario,
        ur1_0.id_rol,
        r1_0.id_rol,
        r1_0.estado,
        r1_0.nombre,
        ur1_0.estado,
        ur1_0.fecha_asignacion 
    from
        usuarios_roles ur1_0 
    join
        roles r1_0 
            on r1_0.id_rol=ur1_0.id_rol 
    where
        ur1_0.id_usuario=?
2025-11-30T19:26:57.385-05:00  INFO 21128 --- [udipsai-backend] [nio-8080-exec-5] c.u.b.usuarios.service.AreaService       : Obteniendo todas las areas activas
Hibernate: 
    select
        ae1_0.id_area,
        ae1_0.estado,
        ae1_0.nombre 
    from
        areas ae1_0 
    where
        ae1_0.estado=?
Hibernate: 
    select
        ua1_0.id_usuario,
        ua1_0.id_area,
        a1_0.id_area,
        a1_0.estado,
        a1_0.nombre,
        ua1_0.estado,
        ua1_0.fecha_asignacion 
    from
        usuarios_areas ua1_0 
    join
        areas a1_0 
            on a1_0.id_area=ua1_0.id_area 
    where
        ua1_0.id_usuario=?
2025-11-30T19:26:57.387-05:00  INFO 21128 --- [udipsai-backend] [nio-8080-exec-5] c.u.b.usuarios.service.AreaService       : 200 OK: Areas activas obtenidas correctamente
2025-11-30T19:26:57.387-05:00  INFO 21128 --- [udipsai-backend] [nio-8080-exec-4] c.u.b.a.service.UsuarioSecurityService   : Usuario encontrado
2025-11-30T19:26:57.387-05:00 DEBUG 21128 --- [udipsai-backend] [nio-8080-exec-4] o.s.security.web.FilterChainProxy        : Secured GET /api/secretarias?page=0&size=5
2025-11-30T19:26:57.387-05:00 DEBUG 21128 --- [udipsai-backend] [nio-8080-exec-5] c.u.backend.common.config.LogFilter      : Response Status=[200]
2025-11-30T19:26:57.387-05:00  INFO 21128 --- [udipsai-backend] [nio-8080-exec-4] c.u.b.u.service.SecretariaService        : obtenerSecretarias()
2025-11-30T19:26:57.387-05:00  INFO 21128 --- [udipsai-backend] [nio-8080-exec-4] c.u.b.u.service.SecretariaService        : Obteniendo secretarias activas
Hibernate: 
    select
        se1_0.id_secretaria,
        se1_0.estado,
        se1_0.id_usuario 
    from
        secretarias se1_0 
    where
        se1_0.estado in ('A', 'B') 
    offset
        ? rows 
    fetch
        first ? rows only
2025-11-30T19:26:57.387-05:00  INFO 21128 --- [udipsai-backend] [nio-8080-exec-4] c.u.b.u.service.SecretariaService        : 200 OK: Secretarias activas obtenidas correctamente
2025-11-30T19:26:57.398-05:00 DEBUG 21128 --- [udipsai-backend] [nio-8080-exec-4] c.u.backend.common.config.LogFilter      : Response Status=[200]
2025-11-30T20:06:58.034-05:00 DEBUG 21128 --- [udipsai-backend] [nio-8080-exec-3] o.s.security.web.FilterChainProxy        : Securing GET /api/pasantes?page=0&size=5
2025-11-30T20:06:58.036-05:00 DEBUG 21128 --- [udipsai-backend] [nio-8080-exec-2] o.s.security.web.FilterChainProxy        : Securing GET /api/areas
2025-11-30T20:06:58.036-05:00 DEBUG 21128 --- [udipsai-backend] [nio-8080-exec-5] o.s.security.web.FilterChainProxy        : Securing GET /api/pasantes?page=0&size=10
2025-11-30T20:06:58.036-05:00 DEBUG 21128 --- [udipsai-backend] [nio-8080-exec-2] c.u.backend.common.config.LogFilter      : ========== REQUEST DATA ==========
2025-11-30T20:06:58.036-05:00 DEBUG 21128 --- [udipsai-backend] [nio-8080-exec-5] c.u.backend.common.config.LogFilter      : ========== REQUEST DATA ==========
2025-11-30T20:06:58.040-05:00 DEBUG 21128 --- [udipsai-backend] [nio-8080-exec-3] c.u.backend.common.config.LogFilter      : ========== REQUEST DATA ==========
2025-11-30T20:06:58.040-05:00 DEBUG 21128 --- [udipsai-backend] [nio-8080-exec-2] c.u.backend.common.config.LogFilter      : Origin IP=[0:0:0:0:0:0:0:1]
2025-11-30T20:06:58.040-05:00 DEBUG 21128 --- [udipsai-backend] [nio-8080-exec-5] c.u.backend.common.config.LogFilter      : Origin IP=[0:0:0:0:0:0:0:1]
2025-11-30T20:06:58.040-05:00 DEBUG 21128 --- [udipsai-backend] [nio-8080-exec-3] c.u.backend.common.config.LogFilter      : Origin IP=[0:0:0:0:0:0:0:1]
2025-11-30T20:06:58.040-05:00 DEBUG 21128 --- [udipsai-backend] [nio-8080-exec-2] c.u.backend.common.config.LogFilter      : URI=[/api/areas]
2025-11-30T20:06:58.040-05:00 DEBUG 21128 --- [udipsai-backend] [nio-8080-exec-5] c.u.backend.common.config.LogFilter      : URI=[/api/pasantes]
2025-11-30T20:06:58.043-05:00 DEBUG 21128 --- [udipsai-backend] [nio-8080-exec-3] c.u.backend.common.config.LogFilter      : URI=[/api/pasantes]
2025-11-30T20:06:58.043-05:00 DEBUG 21128 --- [udipsai-backend] [nio-8080-exec-2] c.u.backend.common.config.LogFilter      : Method=[GET]
2025-11-30T20:06:58.043-05:00 DEBUG 21128 --- [udipsai-backend] [nio-8080-exec-5] c.u.backend.common.config.LogFilter      : Method=[GET]
2025-11-30T20:06:58.043-05:00 DEBUG 21128 --- [udipsai-backend] [nio-8080-exec-3] c.u.backend.common.config.LogFilter      : Method=[GET]
2025-11-30T20:06:58.045-05:00 DEBUG 21128 --- [udipsai-backend] [nio-8080-exec-2] c.u.backend.common.config.LogFilter      : Host Header=[localhost:8080]
2025-11-30T20:06:58.047-05:00 DEBUG 21128 --- [udipsai-backend] [nio-8080-exec-5] c.u.backend.common.config.LogFilter      : Host Header=[localhost:8080]
2025-11-30T20:06:58.047-05:00 DEBUG 21128 --- [udipsai-backend] [nio-8080-exec-3] c.u.backend.common.config.LogFilter      : Host Header=[localhost:8080]
2025-11-30T20:06:58.047-05:00 DEBUG 21128 --- [udipsai-backend] [nio-8080-exec-2] c.u.backend.common.config.LogFilter      : Server IP=[0:0:0:0:0:0:0:1]
2025-11-30T20:06:58.048-05:00 DEBUG 21128 --- [udipsai-backend] [nio-8080-exec-5] c.u.backend.common.config.LogFilter      : Server IP=[0:0:0:0:0:0:0:1]
2025-11-30T20:06:58.048-05:00 DEBUG 21128 --- [udipsai-backend] [nio-8080-exec-3] c.u.backend.common.config.LogFilter      : Server IP=[0:0:0:0:0:0:0:1]
2025-11-30T20:06:58.048-05:00 DEBUG 21128 --- [udipsai-backend] [nio-8080-exec-2] c.u.backend.common.config.LogFilter      : Content-Type=[null]
2025-11-30T20:06:58.049-05:00 DEBUG 21128 --- [udipsai-backend] [nio-8080-exec-5] c.u.backend.common.config.LogFilter      : Content-Type=[null]
2025-11-30T20:06:58.049-05:00 DEBUG 21128 --- [udipsai-backend] [nio-8080-exec-3] c.u.backend.common.config.LogFilter      : Content-Type=[null]
2025-11-30T20:06:58.050-05:00 DEBUG 21128 --- [udipsai-backend] [nio-8080-exec-2] c.u.backend.common.config.LogFilter      : User-Agent=[Mozilla/5.0 (Windows NT 10.0; Win64; x64) AppleWebKit/537.36 (KHTML, like Gecko) Chrome/142.0.0.0 Safari/537.36]
2025-11-30T20:06:58.050-05:00 DEBUG 21128 --- [udipsai-backend] [nio-8080-exec-5] c.u.backend.common.config.LogFilter      : User-Agent=[Mozilla/5.0 (Windows NT 10.0; Win64; x64) AppleWebKit/537.36 (KHTML, like Gecko) Chrome/142.0.0.0 Safari/537.36]
2025-11-30T20:06:58.051-05:00 DEBUG 21128 --- [udipsai-backend] [nio-8080-exec-3] c.u.backend.common.config.LogFilter      : User-Agent=[Mozilla/5.0 (Windows NT 10.0; Win64; x64) AppleWebKit/537.36 (KHTML, like Gecko) Chrome/142.0.0.0 Safari/537.36]
2025-11-30T20:06:58.052-05:00  INFO 21128 --- [udipsai-backend] [nio-8080-exec-2] c.u.b.a.service.UsuarioSecurityService   : loadUserByUsername()
2025-11-30T20:06:58.053-05:00  INFO 21128 --- [udipsai-backend] [nio-8080-exec-5] c.u.b.a.service.UsuarioSecurityService   : loadUserByUsername()
2025-11-30T20:06:58.053-05:00  INFO 21128 --- [udipsai-backend] [nio-8080-exec-3] c.u.b.a.service.UsuarioSecurityService   : loadUserByUsername()
2025-11-30T20:06:58.053-05:00  INFO 21128 --- [udipsai-backend] [nio-8080-exec-5] c.u.b.a.service.UsuarioSecurityService   : Cargando usuario con cédula 1234567890
2025-11-30T20:06:58.053-05:00  INFO 21128 --- [udipsai-backend] [nio-8080-exec-2] c.u.b.a.service.UsuarioSecurityService   : Cargando usuario con cédula 1234567890
2025-11-30T20:06:58.053-05:00  INFO 21128 --- [udipsai-backend] [nio-8080-exec-3] c.u.b.a.service.UsuarioSecurityService   : Cargando usuario con cédula 1234567890
Hibernate: 
    select
        ue1_0.id_usuario,
        ue1_0.apellidos,
        ue1_0.cedula,
        ue1_0.celular,
        ue1_0.contrasenia,
        ue1_0.email,
        ue1_0.estado,
        ue1_0.fecha_creacion,
        ue1_0.fecha_modificacion,
        ue1_0.nombres 
    from
        usuarios ue1_0 
    where
        ue1_0.cedula=?
Hibernate: 
    select
        ue1_0.id_usuario,
        ue1_0.apellidos,
        ue1_0.cedula,
        ue1_0.celular,
        ue1_0.contrasenia,
        ue1_0.email,
        ue1_0.estado,
        ue1_0.fecha_creacion,
        ue1_0.fecha_modificacion,
        ue1_0.nombres 
    from
        usuarios ue1_0 
    where
        ue1_0.cedula=?
Hibernate: 
    select
        ue1_0.id_usuario,
        ue1_0.apellidos,
        ue1_0.cedula,
        ue1_0.celular,
        ue1_0.contrasenia,
        ue1_0.email,
        ue1_0.estado,
        ue1_0.fecha_creacion,
        ue1_0.fecha_modificacion,
        ue1_0.nombres 
    from
        usuarios ue1_0 
    where
        ue1_0.cedula=?
Hibernate: 
    select
        ur1_0.id_usuario,
        ur1_0.id_rol,
        r1_0.id_rol,
        r1_0.estado,
        r1_0.nombre,
        ur1_0.estado,
        ur1_0.fecha_asignacion 
    from
        usuarios_roles ur1_0 
    join
        roles r1_0 
            on r1_0.id_rol=ur1_0.id_rol 
    where
        ur1_0.id_usuario=?
Hibernate: 
    select
        ur1_0.id_usuario,
        ur1_0.id_rol,
        r1_0.id_rol,
        r1_0.estado,
        r1_0.nombre,
        ur1_0.estado,
        ur1_0.fecha_asignacion 
    from
        usuarios_roles ur1_0 
    join
        roles r1_0 
            on r1_0.id_rol=ur1_0.id_rol 
    where
        ur1_0.id_usuario=?
Hibernate: 
    select
        ur1_0.id_usuario,
        ur1_0.id_rol,
        r1_0.id_rol,
        r1_0.estado,
        r1_0.nombre,
        ur1_0.estado,
        ur1_0.fecha_asignacion 
    from
        usuarios_roles ur1_0 
    join
        roles r1_0 
            on r1_0.id_rol=ur1_0.id_rol 
    where
        ur1_0.id_usuario=?
Hibernate: 
    select
        ua1_0.id_usuario,
        ua1_0.id_area,
        a1_0.id_area,
        a1_0.estado,
        a1_0.nombre,
        ua1_0.estado,
        ua1_0.fecha_asignacion 
    from
        usuarios_areas ua1_0 
    join
        areas a1_0 
            on a1_0.id_area=ua1_0.id_area 
    where
        ua1_0.id_usuario=?
Hibernate: 
    select
        ua1_0.id_usuario,
        ua1_0.id_area,
        a1_0.id_area,
        a1_0.estado,
        a1_0.nombre,
        ua1_0.estado,
        ua1_0.fecha_asignacion 
    from
        usuarios_areas ua1_0 
    join
        areas a1_0 
            on a1_0.id_area=ua1_0.id_area 
    where
        ua1_0.id_usuario=?
Hibernate: 
    select
        ua1_0.id_usuario,
        ua1_0.id_area,
        a1_0.id_area,
        a1_0.estado,
        a1_0.nombre,
        ua1_0.estado,
        ua1_0.fecha_asignacion 
    from
        usuarios_areas ua1_0 
    join
        areas a1_0 
            on a1_0.id_area=ua1_0.id_area 
    where
        ua1_0.id_usuario=?
2025-11-30T20:06:58.087-05:00  INFO 21128 --- [udipsai-backend] [nio-8080-exec-2] c.u.b.a.service.UsuarioSecurityService   : Usuario encontrado
2025-11-30T20:06:58.087-05:00  INFO 21128 --- [udipsai-backend] [nio-8080-exec-3] c.u.b.a.service.UsuarioSecurityService   : Usuario encontrado
2025-11-30T20:06:58.087-05:00  INFO 21128 --- [udipsai-backend] [nio-8080-exec-5] c.u.b.a.service.UsuarioSecurityService   : Usuario encontrado
2025-11-30T20:06:58.089-05:00 DEBUG 21128 --- [udipsai-backend] [nio-8080-exec-2] o.s.security.web.FilterChainProxy        : Secured GET /api/areas
2025-11-30T20:06:58.089-05:00 DEBUG 21128 --- [udipsai-backend] [nio-8080-exec-3] o.s.security.web.FilterChainProxy        : Secured GET /api/pasantes?page=0&size=5
2025-11-30T20:06:58.089-05:00 DEBUG 21128 --- [udipsai-backend] [nio-8080-exec-5] o.s.security.web.FilterChainProxy        : Secured GET /api/pasantes?page=0&size=10
2025-11-30T20:06:58.091-05:00  INFO 21128 --- [udipsai-backend] [nio-8080-exec-2] c.u.b.usuarios.service.AreaService       : obtenerAreas()
2025-11-30T20:06:58.091-05:00  INFO 21128 --- [udipsai-backend] [nio-8080-exec-5] c.u.b.usuarios.service.PasanteService    : obtenerPasantes()
2025-11-30T20:06:58.091-05:00  INFO 21128 --- [udipsai-backend] [nio-8080-exec-3] c.u.b.usuarios.service.PasanteService    : obtenerPasantes()
2025-11-30T20:06:58.091-05:00  INFO 21128 --- [udipsai-backend] [nio-8080-exec-2] c.u.b.usuarios.service.AreaService       : Obteniendo todas las areas activas
2025-11-30T20:06:58.091-05:00  INFO 21128 --- [udipsai-backend] [nio-8080-exec-5] c.u.b.usuarios.service.PasanteService    : Obteniendo pasantes activos
2025-11-30T20:06:58.093-05:00  INFO 21128 --- [udipsai-backend] [nio-8080-exec-3] c.u.b.usuarios.service.PasanteService    : Obteniendo pasantes activos
Hibernate: 
    select
        pe1_0.id_pasante,
        pe1_0.carrera,
        pe1_0.estado,
        pe1_0.id_usuario 
    from
        pasantes pe1_0 
    where
        pe1_0.estado in ('A', 'B') 
    offset
        ? rows 
    fetch
        first ? rows only
Hibernate: 
    select
        pe1_0.id_pasante,
        pe1_0.carrera,
        pe1_0.estado,
        pe1_0.id_usuario 
    from
        pasantes pe1_0 
    where
        pe1_0.estado in ('A', 'B') 
    offset
        ? rows 
    fetch
        first ? rows only
Hibernate: 
    select
        ae1_0.id_area,
        ae1_0.estado,
        ae1_0.nombre 
    from
        areas ae1_0 
    where
        ae1_0.estado=?
2025-11-30T20:06:58.100-05:00  INFO 21128 --- [udipsai-backend] [nio-8080-exec-2] c.u.b.usuarios.service.AreaService       : 200 OK: Areas activas obtenidas correctamente
2025-11-30T20:06:58.100-05:00  INFO 21128 --- [udipsai-backend] [nio-8080-exec-5] c.u.b.usuarios.service.PasanteService    : 200 OK: Pasantes activos obtenidos correctamente
2025-11-30T20:06:58.102-05:00  INFO 21128 --- [udipsai-backend] [nio-8080-exec-3] c.u.b.usuarios.service.PasanteService    : 200 OK: Pasantes activos obtenidos correctamente
2025-11-30T20:06:58.104-05:00 DEBUG 21128 --- [udipsai-backend] [nio-8080-exec-2] c.u.backend.common.config.LogFilter      : Response Status=[200]
2025-11-30T20:06:58.104-05:00 DEBUG 21128 --- [udipsai-backend] [nio-8080-exec-5] c.u.backend.common.config.LogFilter      : Response Status=[200]
2025-11-30T20:06:58.104-05:00 DEBUG 21128 --- [udipsai-backend] [nio-8080-exec-3] c.u.backend.common.config.LogFilter      : Response Status=[200]
2025-11-30T20:07:00.596-05:00 DEBUG 21128 --- [udipsai-backend] [nio-8080-exec-4] o.s.security.web.FilterChainProxy        : Securing GET /api/citas?page=0&size=10
2025-11-30T20:07:00.599-05:00 DEBUG 21128 --- [udipsai-backend] [nio-8080-exec-4] c.u.backend.common.config.LogFilter      : ========== REQUEST DATA ==========
2025-11-30T20:07:00.600-05:00 DEBUG 21128 --- [udipsai-backend] [nio-8080-exec-4] c.u.backend.common.config.LogFilter      : Origin IP=[0:0:0:0:0:0:0:1]
2025-11-30T20:07:00.601-05:00 DEBUG 21128 --- [udipsai-backend] [nio-8080-exec-4] c.u.backend.common.config.LogFilter      : URI=[/api/citas]
2025-11-30T20:07:00.602-05:00 DEBUG 21128 --- [udipsai-backend] [nio-8080-exec-4] c.u.backend.common.config.LogFilter      : Method=[GET]
2025-11-30T20:07:00.603-05:00 DEBUG 21128 --- [udipsai-backend] [nio-8080-exec-4] c.u.backend.common.config.LogFilter      : Host Header=[localhost:8080]
2025-11-30T20:07:00.603-05:00 DEBUG 21128 --- [udipsai-backend] [nio-8080-exec-4] c.u.backend.common.config.LogFilter      : Server IP=[0:0:0:0:0:0:0:1]
2025-11-30T20:07:00.604-05:00 DEBUG 21128 --- [udipsai-backend] [nio-8080-exec-4] c.u.backend.common.config.LogFilter      : Content-Type=[null]
2025-11-30T20:07:00.604-05:00 DEBUG 21128 --- [udipsai-backend] [nio-8080-exec-4] c.u.backend.common.config.LogFilter      : User-Agent=[Mozilla/5.0 (Windows NT 10.0; Win64; x64) AppleWebKit/537.36 (KHTML, like Gecko) Chrome/142.0.0.0 Safari/537.36]
2025-11-30T20:07:00.606-05:00  INFO 21128 --- [udipsai-backend] [nio-8080-exec-4] c.u.b.a.service.UsuarioSecurityService   : loadUserByUsername()
2025-11-30T20:07:00.607-05:00  INFO 21128 --- [udipsai-backend] [nio-8080-exec-4] c.u.b.a.service.UsuarioSecurityService   : Cargando usuario con cédula 1234567890
Hibernate: 
    select
        ue1_0.id_usuario,
        ue1_0.apellidos,
        ue1_0.cedula,
        ue1_0.celular,
        ue1_0.contrasenia,
        ue1_0.email,
        ue1_0.estado,
        ue1_0.fecha_creacion,
        ue1_0.fecha_modificacion,
        ue1_0.nombres 
    from
        usuarios ue1_0 
    where
        ue1_0.cedula=?
Hibernate: 
    select
        ur1_0.id_usuario,
        ur1_0.id_rol,
        r1_0.id_rol,
        r1_0.estado,
        r1_0.nombre,
        ur1_0.estado,
        ur1_0.fecha_asignacion 
    from
        usuarios_roles ur1_0 
    join
        roles r1_0 
            on r1_0.id_rol=ur1_0.id_rol 
    where
        ur1_0.id_usuario=?
Hibernate: 
    select
        ua1_0.id_usuario,
        ua1_0.id_area,
        a1_0.id_area,
        a1_0.estado,
        a1_0.nombre,
        ua1_0.estado,
        ua1_0.fecha_asignacion 
    from
        usuarios_areas ua1_0 
    join
        areas a1_0 
            on a1_0.id_area=ua1_0.id_area 
    where
        ua1_0.id_usuario=?
2025-11-30T20:07:00.613-05:00  INFO 21128 --- [udipsai-backend] [nio-8080-exec-4] c.u.b.a.service.UsuarioSecurityService   : Usuario encontrado
2025-11-30T20:07:00.613-05:00 DEBUG 21128 --- [udipsai-backend] [nio-8080-exec-4] o.s.security.web.FilterChainProxy        : Secured GET /api/citas?page=0&size=10
2025-11-30T20:07:00.624-05:00  INFO 21128 --- [udipsai-backend] [nio-8080-exec-4] c.u.backend.citas.service.CitaService    : obtenerCitas()
2025-11-30T20:07:00.624-05:00  INFO 21128 --- [udipsai-backend] [nio-8080-exec-4] c.u.backend.citas.service.CitaService    : Obteniendo todas las Citas
Hibernate: 
    select
        ce1_0.id_cita,
        ce1_0.id_area,
        ce1_0.estado,
        ce1_0.fecha,
        ce1_0.fecha_creacion,
        ce1_0.fecha_modificacion,
        ce1_0.ficha_paciente,
        ce1_0.hora_fin,
        ce1_0.hora_inicio,
        ce1_0.id_profesional 
    from
        citas ce1_0 
    offset
        ? rows 
    fetch
        first ? rows only
2025-11-30T20:07:00.639-05:00 ERROR 21128 --- [udipsai-backend] [nio-8080-exec-4] c.u.b.c.e.GlobalExceptionHandler         : 404 NOT FOUND: Recurso no encontrado - No existen citas registradas
2025-11-30T20:07:00.641-05:00 DEBUG 21128 --- [udipsai-backend] [nio-8080-exec-4] c.u.backend.common.config.LogFilter      : Response Status=[404]
2025-11-30T20:07:00.645-05:00 DEBUG 21128 --- [udipsai-backend] [nio-8080-exec-8] o.s.security.web.FilterChainProxy        : Securing GET /api/citas?page=0&size=10
2025-11-30T20:07:00.647-05:00 DEBUG 21128 --- [udipsai-backend] [nio-8080-exec-8] c.u.backend.common.config.LogFilter      : ========== REQUEST DATA ==========
2025-11-30T20:07:00.648-05:00 DEBUG 21128 --- [udipsai-backend] [nio-8080-exec-8] c.u.backend.common.config.LogFilter      : Origin IP=[0:0:0:0:0:0:0:1]
2025-11-30T20:07:00.649-05:00 DEBUG 21128 --- [udipsai-backend] [nio-8080-exec-8] c.u.backend.common.config.LogFilter      : URI=[/api/citas]
2025-11-30T20:07:00.649-05:00 DEBUG 21128 --- [udipsai-backend] [nio-8080-exec-8] c.u.backend.common.config.LogFilter      : Method=[GET]
2025-11-30T20:07:00.651-05:00 DEBUG 21128 --- [udipsai-backend] [nio-8080-exec-8] c.u.backend.common.config.LogFilter      : Host Header=[localhost:8080]
2025-11-30T20:07:00.651-05:00 DEBUG 21128 --- [udipsai-backend] [nio-8080-exec-8] c.u.backend.common.config.LogFilter      : Server IP=[0:0:0:0:0:0:0:1]
2025-11-30T20:07:00.651-05:00 DEBUG 21128 --- [udipsai-backend] [nio-8080-exec-8] c.u.backend.common.config.LogFilter      : Content-Type=[null]
2025-11-30T20:07:00.651-05:00 DEBUG 21128 --- [udipsai-backend] [nio-8080-exec-8] c.u.backend.common.config.LogFilter      : User-Agent=[Mozilla/5.0 (Windows NT 10.0; Win64; x64) AppleWebKit/537.36 (KHTML, like Gecko) Chrome/142.0.0.0 Safari/537.36]
2025-11-30T20:07:00.654-05:00  INFO 21128 --- [udipsai-backend] [nio-8080-exec-8] c.u.b.a.service.UsuarioSecurityService   : loadUserByUsername()
2025-11-30T20:07:00.656-05:00  INFO 21128 --- [udipsai-backend] [nio-8080-exec-8] c.u.b.a.service.UsuarioSecurityService   : Cargando usuario con cédula 1234567890
Hibernate: 
    select
        ue1_0.id_usuario,
        ue1_0.apellidos,
        ue1_0.cedula,
        ue1_0.celular,
        ue1_0.contrasenia,
        ue1_0.email,
        ue1_0.estado,
        ue1_0.fecha_creacion,
        ue1_0.fecha_modificacion,
        ue1_0.nombres 
    from
        usuarios ue1_0 
    where
        ue1_0.cedula=?
Hibernate: 
    select
        ur1_0.id_usuario,
        ur1_0.id_rol,
        r1_0.id_rol,
        r1_0.estado,
        r1_0.nombre,
        ur1_0.estado,
        ur1_0.fecha_asignacion 
    from
        usuarios_roles ur1_0 
    join
        roles r1_0 
            on r1_0.id_rol=ur1_0.id_rol 
    where
        ur1_0.id_usuario=?
Hibernate: 
    select
        ua1_0.id_usuario,
        ua1_0.id_area,
        a1_0.id_area,
        a1_0.estado,
        a1_0.nombre,
        ua1_0.estado,
        ua1_0.fecha_asignacion 
    from
        usuarios_areas ua1_0 
    join
        areas a1_0 
            on a1_0.id_area=ua1_0.id_area 
    where
        ua1_0.id_usuario=?
2025-11-30T20:07:00.664-05:00  INFO 21128 --- [udipsai-backend] [nio-8080-exec-8] c.u.b.a.service.UsuarioSecurityService   : Usuario encontrado
2025-11-30T20:07:00.664-05:00 DEBUG 21128 --- [udipsai-backend] [nio-8080-exec-8] o.s.security.web.FilterChainProxy        : Secured GET /api/citas?page=0&size=10
2025-11-30T20:07:00.664-05:00  INFO 21128 --- [udipsai-backend] [nio-8080-exec-8] c.u.backend.citas.service.CitaService    : obtenerCitas()
2025-11-30T20:07:00.664-05:00  INFO 21128 --- [udipsai-backend] [nio-8080-exec-8] c.u.backend.citas.service.CitaService    : Obteniendo todas las Citas
Hibernate: 
    select
        ce1_0.id_cita,
        ce1_0.id_area,
        ce1_0.estado,
        ce1_0.fecha,
        ce1_0.fecha_creacion,
        ce1_0.fecha_modificacion,
        ce1_0.ficha_paciente,
        ce1_0.hora_fin,
        ce1_0.hora_inicio,
        ce1_0.id_profesional 
    from
        citas ce1_0 
    offset
        ? rows 
    fetch
        first ? rows only
2025-11-30T20:07:00.664-05:00 ERROR 21128 --- [udipsai-backend] [nio-8080-exec-8] c.u.b.c.e.GlobalExceptionHandler         : 404 NOT FOUND: Recurso no encontrado - No existen citas registradas
2025-11-30T20:07:00.677-05:00 DEBUG 21128 --- [udipsai-backend] [nio-8080-exec-8] c.u.backend.common.config.LogFilter      : Response Status=[404]
2025-11-30T20:07:01.285-05:00 DEBUG 21128 --- [udipsai-backend] [nio-8080-exec-7] o.s.security.web.FilterChainProxy        : Securing GET /api/pacientes?page=0&size=5
2025-11-30T20:07:01.290-05:00 DEBUG 21128 --- [udipsai-backend] [nio-8080-exec-6] o.s.security.web.FilterChainProxy        : Securing GET /api/areas
2025-11-30T20:07:01.291-05:00 DEBUG 21128 --- [udipsai-backend] [io-8080-exec-10] o.s.security.web.FilterChainProxy        : Securing GET /api/pacientes?page=0&size=10
2025-11-30T20:07:01.301-05:00 DEBUG 21128 --- [udipsai-backend] [nio-8080-exec-7] c.u.backend.common.config.LogFilter      : ========== REQUEST DATA ==========
2025-11-30T20:07:01.301-05:00 DEBUG 21128 --- [udipsai-backend] [nio-8080-exec-7] c.u.backend.common.config.LogFilter      : Origin IP=[0:0:0:0:0:0:0:1]
2025-11-30T20:07:01.301-05:00 DEBUG 21128 --- [udipsai-backend] [nio-8080-exec-7] c.u.backend.common.config.LogFilter      : URI=[/api/pacientes]
2025-11-30T20:07:01.301-05:00 DEBUG 21128 --- [udipsai-backend] [io-8080-exec-10] c.u.backend.common.config.LogFilter      : ========== REQUEST DATA ==========
2025-11-30T20:07:01.301-05:00 DEBUG 21128 --- [udipsai-backend] [nio-8080-exec-7] c.u.backend.common.config.LogFilter      : Method=[GET]
2025-11-30T20:07:01.312-05:00 DEBUG 21128 --- [udipsai-backend] [nio-8080-exec-6] c.u.backend.common.config.LogFilter      : ========== REQUEST DATA ==========
2025-11-30T20:07:01.313-05:00 DEBUG 21128 --- [udipsai-backend] [io-8080-exec-10] c.u.backend.common.config.LogFilter      : Origin IP=[0:0:0:0:0:0:0:1]
2025-11-30T20:07:01.313-05:00 DEBUG 21128 --- [udipsai-backend] [nio-8080-exec-7] c.u.backend.common.config.LogFilter      : Host Header=[localhost:8080]
2025-11-30T20:07:01.313-05:00 DEBUG 21128 --- [udipsai-backend] [nio-8080-exec-6] c.u.backend.common.config.LogFilter      : Origin IP=[0:0:0:0:0:0:0:1]
2025-11-30T20:07:01.315-05:00 DEBUG 21128 --- [udipsai-backend] [io-8080-exec-10] c.u.backend.common.config.LogFilter      : URI=[/api/pacientes]
2025-11-30T20:07:01.315-05:00 DEBUG 21128 --- [udipsai-backend] [nio-8080-exec-7] c.u.backend.common.config.LogFilter      : Server IP=[0:0:0:0:0:0:0:1]
2025-11-30T20:07:01.315-05:00 DEBUG 21128 --- [udipsai-backend] [nio-8080-exec-6] c.u.backend.common.config.LogFilter      : URI=[/api/areas]
2025-11-30T20:07:01.315-05:00 DEBUG 21128 --- [udipsai-backend] [io-8080-exec-10] c.u.backend.common.config.LogFilter      : Method=[GET]
2025-11-30T20:07:01.315-05:00 DEBUG 21128 --- [udipsai-backend] [nio-8080-exec-7] c.u.backend.common.config.LogFilter      : Content-Type=[null]
2025-11-30T20:07:01.317-05:00 DEBUG 21128 --- [udipsai-backend] [nio-8080-exec-6] c.u.backend.common.config.LogFilter      : Method=[GET]
2025-11-30T20:07:01.317-05:00 DEBUG 21128 --- [udipsai-backend] [io-8080-exec-10] c.u.backend.common.config.LogFilter      : Host Header=[localhost:8080]
2025-11-30T20:07:01.317-05:00 DEBUG 21128 --- [udipsai-backend] [nio-8080-exec-7] c.u.backend.common.config.LogFilter      : User-Agent=[Mozilla/5.0 (Windows NT 10.0; Win64; x64) AppleWebKit/537.36 (KHTML, like Gecko) Chrome/142.0.0.0 Safari/537.36]
2025-11-30T20:07:01.317-05:00 DEBUG 21128 --- [udipsai-backend] [nio-8080-exec-6] c.u.backend.common.config.LogFilter      : Host Header=[localhost:8080]
2025-11-30T20:07:01.317-05:00 DEBUG 21128 --- [udipsai-backend] [io-8080-exec-10] c.u.backend.common.config.LogFilter      : Server IP=[0:0:0:0:0:0:0:1]
2025-11-30T20:07:01.317-05:00 DEBUG 21128 --- [udipsai-backend] [nio-8080-exec-6] c.u.backend.common.config.LogFilter      : Server IP=[0:0:0:0:0:0:0:1]
2025-11-30T20:07:01.317-05:00 DEBUG 21128 --- [udipsai-backend] [io-8080-exec-10] c.u.backend.common.config.LogFilter      : Content-Type=[null]
2025-11-30T20:07:01.317-05:00 DEBUG 21128 --- [udipsai-backend] [nio-8080-exec-6] c.u.backend.common.config.LogFilter      : Content-Type=[null]
2025-11-30T20:07:01.317-05:00  INFO 21128 --- [udipsai-backend] [nio-8080-exec-7] c.u.b.a.service.UsuarioSecurityService   : loadUserByUsername()
2025-11-30T20:07:01.317-05:00 DEBUG 21128 --- [udipsai-backend] [io-8080-exec-10] c.u.backend.common.config.LogFilter      : User-Agent=[Mozilla/5.0 (Windows NT 10.0; Win64; x64) AppleWebKit/537.36 (KHTML, like Gecko) Chrome/142.0.0.0 Safari/537.36]
2025-11-30T20:07:01.317-05:00 DEBUG 21128 --- [udipsai-backend] [nio-8080-exec-6] c.u.backend.common.config.LogFilter      : User-Agent=[Mozilla/5.0 (Windows NT 10.0; Win64; x64) AppleWebKit/537.36 (KHTML, like Gecko) Chrome/142.0.0.0 Safari/537.36]
2025-11-30T20:07:01.322-05:00  INFO 21128 --- [udipsai-backend] [nio-8080-exec-7] c.u.b.a.service.UsuarioSecurityService   : Cargando usuario con cédula 1234567890
2025-11-30T20:07:01.322-05:00  INFO 21128 --- [udipsai-backend] [io-8080-exec-10] c.u.b.a.service.UsuarioSecurityService   : loadUserByUsername()
2025-11-30T20:07:01.322-05:00  INFO 21128 --- [udipsai-backend] [nio-8080-exec-6] c.u.b.a.service.UsuarioSecurityService   : loadUserByUsername()
2025-11-30T20:07:01.322-05:00  INFO 21128 --- [udipsai-backend] [io-8080-exec-10] c.u.b.a.service.UsuarioSecurityService   : Cargando usuario con cédula 1234567890
2025-11-30T20:07:01.324-05:00  INFO 21128 --- [udipsai-backend] [nio-8080-exec-6] c.u.b.a.service.UsuarioSecurityService   : Cargando usuario con cédula 1234567890
Hibernate: 
    select
        ue1_0.id_usuario,
        ue1_0.apellidos,
        ue1_0.cedula,
        ue1_0.celular,
        ue1_0.contrasenia,
        ue1_0.email,
        ue1_0.estado,
        ue1_0.fecha_creacion,
        ue1_0.fecha_modificacion,
        ue1_0.nombres 
    from
        usuarios ue1_0 
    where
        ue1_0.cedula=?
Hibernate: 
    select
        ue1_0.id_usuario,
        ue1_0.apellidos,
        ue1_0.cedula,
        ue1_0.celular,
        ue1_0.contrasenia,
        ue1_0.email,
        ue1_0.estado,
        ue1_0.fecha_creacion,
        ue1_0.fecha_modificacion,
        ue1_0.nombres 
    from
        usuarios ue1_0 
    where
        ue1_0.cedula=?
Hibernate: 
    select
        ue1_0.id_usuario,
        ue1_0.apellidos,
        ue1_0.cedula,
        ue1_0.celular,
        ue1_0.contrasenia,
        ue1_0.email,
        ue1_0.estado,
        ue1_0.fecha_creacion,
        ue1_0.fecha_modificacion,
        ue1_0.nombres 
    from
        usuarios ue1_0 
    where
        ue1_0.cedula=?
Hibernate: 
    select
        ur1_0.id_usuario,
        ur1_0.id_rol,
        r1_0.id_rol,
        r1_0.estado,
        r1_0.nombre,
        ur1_0.estado,
        ur1_0.fecha_asignacion 
    from
        usuarios_roles ur1_0 
    join
        roles r1_0 
            on r1_0.id_rol=ur1_0.id_rol 
    where
        ur1_0.id_usuario=?
Hibernate: 
    select
        ur1_0.id_usuario,
        ur1_0.id_rol,
        r1_0.id_rol,
        r1_0.estado,
        r1_0.nombre,
        ur1_0.estado,
        ur1_0.fecha_asignacion 
    from
        usuarios_roles ur1_0 
    join
        roles r1_0 
            on r1_0.id_rol=ur1_0.id_rol 
    where
        ur1_0.id_usuario=?
Hibernate: 
    select
        ur1_0.id_usuario,
        ur1_0.id_rol,
        r1_0.id_rol,
        r1_0.estado,
        r1_0.nombre,
        ur1_0.estado,
        ur1_0.fecha_asignacion 
    from
        usuarios_roles ur1_0 
    join
        roles r1_0 
            on r1_0.id_rol=ur1_0.id_rol 
    where
        ur1_0.id_usuario=?
Hibernate: 
    select
        ua1_0.id_usuario,
        ua1_0.id_area,
        a1_0.id_area,
        a1_0.estado,
        a1_0.nombre,
        ua1_0.estado,
        ua1_0.fecha_asignacion 
    from
        usuarios_areas ua1_0 
    join
        areas a1_0 
            on a1_0.id_area=ua1_0.id_area 
    where
        ua1_0.id_usuario=?
Hibernate: 
    select
        ua1_0.id_usuario,
        ua1_0.id_area,
        a1_0.id_area,
        a1_0.estado,
        a1_0.nombre,
        ua1_0.estado,
        ua1_0.fecha_asignacion 
    from
        usuarios_areas ua1_0 
    join
        areas a1_0 
            on a1_0.id_area=ua1_0.id_area 
    where
        ua1_0.id_usuario=?
Hibernate: 
    select
        ua1_0.id_usuario,
        ua1_0.id_area,
        a1_0.id_area,
        a1_0.estado,
        a1_0.nombre,
        ua1_0.estado,
        ua1_0.fecha_asignacion 
    from
        usuarios_areas ua1_0 
    join
        areas a1_0 
            on a1_0.id_area=ua1_0.id_area 
    where
        ua1_0.id_usuario=?
2025-11-30T20:07:01.337-05:00  INFO 21128 --- [udipsai-backend] [nio-8080-exec-6] c.u.b.a.service.UsuarioSecurityService   : Usuario encontrado
2025-11-30T20:07:01.338-05:00  INFO 21128 --- [udipsai-backend] [io-8080-exec-10] c.u.b.a.service.UsuarioSecurityService   : Usuario encontrado
2025-11-30T20:07:01.339-05:00 DEBUG 21128 --- [udipsai-backend] [nio-8080-exec-6] o.s.security.web.FilterChainProxy        : Secured GET /api/areas
2025-11-30T20:07:01.340-05:00  INFO 21128 --- [udipsai-backend] [nio-8080-exec-7] c.u.b.a.service.UsuarioSecurityService   : Usuario encontrado
2025-11-30T20:07:01.340-05:00 DEBUG 21128 --- [udipsai-backend] [io-8080-exec-10] o.s.security.web.FilterChainProxy        : Secured GET /api/pacientes?page=0&size=10
2025-11-30T20:07:01.341-05:00  INFO 21128 --- [udipsai-backend] [nio-8080-exec-6] c.u.b.usuarios.service.AreaService       : obtenerAreas()
2025-11-30T20:07:01.341-05:00 DEBUG 21128 --- [udipsai-backend] [nio-8080-exec-7] o.s.security.web.FilterChainProxy        : Secured GET /api/pacientes?page=0&size=5
2025-11-30T20:07:01.341-05:00  INFO 21128 --- [udipsai-backend] [nio-8080-exec-6] c.u.b.usuarios.service.AreaService       : Obteniendo todas las areas activas
2025-11-30T20:07:01.341-05:00  INFO 21128 --- [udipsai-backend] [io-8080-exec-10] c.u.b.citas.service.PacienteService      : obtenerPacientes()
2025-11-30T20:07:01.343-05:00  INFO 21128 --- [udipsai-backend] [io-8080-exec-10] c.u.b.citas.service.PacienteService      : Obteniendo todos los pacientes
2025-11-30T20:07:01.343-05:00  INFO 21128 --- [udipsai-backend] [nio-8080-exec-7] c.u.b.citas.service.PacienteService      : obtenerPacientes()
Hibernate: 
    select
        ae1_0.id_area,
        ae1_0.estado,
        ae1_0.nombre 
    from
        areas ae1_0 
    where
        ae1_0.estado=?
2025-11-30T20:07:01.344-05:00  INFO 21128 --- [udipsai-backend] [nio-8080-exec-7] c.u.b.citas.service.PacienteService      : Obteniendo todos los pacientes
2025-11-30T20:07:01.346-05:00  INFO 21128 --- [udipsai-backend] [nio-8080-exec-6] c.u.b.usuarios.service.AreaService       : 200 OK: Areas activas obtenidas correctamente
Hibernate: 
    select
        pe1_0.id,
        pe1_0.anio_educacion,
        pe1_0.anotaciones,
        pe1_0.barrio,
        pe1_0.cedula,
        pe1_0.celular,
        pe1_0.ciudad,
        pe1_0.diagnostico,
        pe1_0.domicilio,
        pe1_0.edad,
        pe1_0.fecha_apertura,
        pe1_0.fecha_nacimiento,
        pe1_0.institucion_educativa,
        pe1_0.jornada,
        pe1_0.motivo_consulta,
        pe1_0.nombre_examinador,
        pe1_0.nombres_apellidos,
        pe1_0.observaciones,
        pe1_0.paralelo,
        pe1_0.pertenece_inclusion,
        pe1_0.portador_carnet,
        pe1_0.sector,
        pe1_0.telefono,
        pe1_0.telefono_institucion,
        pe1_0.tiene_discapacidad,
        pe1_0.tipo_institucion 
    from
        paciente pe1_0 
    order by
        pe1_0.id desc 
    offset
        ? rows 
    fetch
        first ? rows only
Hibernate: 
    select
        pe1_0.id,
        pe1_0.anio_educacion,
        pe1_0.anotaciones,
        pe1_0.barrio,
        pe1_0.cedula,
        pe1_0.celular,
        pe1_0.ciudad,
        pe1_0.diagnostico,
        pe1_0.domicilio,
        pe1_0.edad,
        pe1_0.fecha_apertura,
        pe1_0.fecha_nacimiento,
        pe1_0.institucion_educativa,
        pe1_0.jornada,
        pe1_0.motivo_consulta,
        pe1_0.nombre_examinador,
        pe1_0.nombres_apellidos,
        pe1_0.observaciones,
        pe1_0.paralelo,
        pe1_0.pertenece_inclusion,
        pe1_0.portador_carnet,
        pe1_0.sector,
        pe1_0.telefono,
        pe1_0.telefono_institucion,
        pe1_0.tiene_discapacidad,
        pe1_0.tipo_institucion 
    from
        paciente pe1_0 
    order by
        pe1_0.id desc 
    offset
        ? rows 
    fetch
        first ? rows only
2025-11-30T20:07:01.349-05:00 DEBUG 21128 --- [udipsai-backend] [nio-8080-exec-6] c.u.backend.common.config.LogFilter      : Response Status=[200]
2025-11-30T20:07:01.358-05:00  INFO 21128 --- [udipsai-backend] [io-8080-exec-10] c.u.b.citas.service.PacienteService      : 200 OK: Pacientes obtenidos correctamente
2025-11-30T20:07:01.365-05:00 DEBUG 21128 --- [udipsai-backend] [io-8080-exec-10] c.u.backend.common.config.LogFilter      : Response Status=[200]
Hibernate: 
    select
        count(pe1_0.id) 
    from
        paciente pe1_0
2025-11-30T20:07:01.377-05:00  INFO 21128 --- [udipsai-backend] [nio-8080-exec-7] c.u.b.citas.service.PacienteService      : 200 OK: Pacientes obtenidos correctamente
2025-11-30T20:07:01.381-05:00 DEBUG 21128 --- [udipsai-backend] [nio-8080-exec-7] c.u.backend.common.config.LogFilter      : Response Status=[200]
2025-11-30T20:14:29.841-05:00 DEBUG 21128 --- [udipsai-backend] [nio-8080-exec-3] o.s.security.web.FilterChainProxy        : Securing GET /api/areas
2025-11-30T20:14:29.841-05:00 DEBUG 21128 --- [udipsai-backend] [nio-8080-exec-5] o.s.security.web.FilterChainProxy        : Securing GET /api/pacientes?page=0&size=5
2025-11-30T20:14:29.843-05:00 DEBUG 21128 --- [udipsai-backend] [nio-8080-exec-3] c.u.backend.common.config.LogFilter      : ========== REQUEST DATA ==========
2025-11-30T20:14:29.843-05:00 DEBUG 21128 --- [udipsai-backend] [nio-8080-exec-5] c.u.backend.common.config.LogFilter      : ========== REQUEST DATA ==========
2025-11-30T20:14:29.843-05:00 DEBUG 21128 --- [udipsai-backend] [nio-8080-exec-3] c.u.backend.common.config.LogFilter      : Origin IP=[0:0:0:0:0:0:0:1]
2025-11-30T20:14:29.844-05:00 DEBUG 21128 --- [udipsai-backend] [nio-8080-exec-5] c.u.backend.common.config.LogFilter      : Origin IP=[0:0:0:0:0:0:0:1]
2025-11-30T20:14:29.844-05:00 DEBUG 21128 --- [udipsai-backend] [nio-8080-exec-3] c.u.backend.common.config.LogFilter      : URI=[/api/areas]
2025-11-30T20:14:29.845-05:00 DEBUG 21128 --- [udipsai-backend] [nio-8080-exec-5] c.u.backend.common.config.LogFilter      : URI=[/api/pacientes]
2025-11-30T20:14:29.845-05:00 DEBUG 21128 --- [udipsai-backend] [nio-8080-exec-3] c.u.backend.common.config.LogFilter      : Method=[GET]
2025-11-30T20:14:29.845-05:00 DEBUG 21128 --- [udipsai-backend] [nio-8080-exec-5] c.u.backend.common.config.LogFilter      : Method=[GET]
2025-11-30T20:14:29.845-05:00 DEBUG 21128 --- [udipsai-backend] [nio-8080-exec-3] c.u.backend.common.config.LogFilter      : Host Header=[localhost:8080]
2025-11-30T20:14:29.846-05:00 DEBUG 21128 --- [udipsai-backend] [nio-8080-exec-5] c.u.backend.common.config.LogFilter      : Host Header=[localhost:8080]
2025-11-30T20:14:29.846-05:00 DEBUG 21128 --- [udipsai-backend] [nio-8080-exec-3] c.u.backend.common.config.LogFilter      : Server IP=[0:0:0:0:0:0:0:1]
2025-11-30T20:14:29.846-05:00 DEBUG 21128 --- [udipsai-backend] [nio-8080-exec-5] c.u.backend.common.config.LogFilter      : Server IP=[0:0:0:0:0:0:0:1]
2025-11-30T20:14:29.847-05:00 DEBUG 21128 --- [udipsai-backend] [nio-8080-exec-3] c.u.backend.common.config.LogFilter      : Content-Type=[null]
2025-11-30T20:14:29.847-05:00 DEBUG 21128 --- [udipsai-backend] [nio-8080-exec-5] c.u.backend.common.config.LogFilter      : Content-Type=[null]
2025-11-30T20:14:29.847-05:00 DEBUG 21128 --- [udipsai-backend] [nio-8080-exec-3] c.u.backend.common.config.LogFilter      : User-Agent=[Mozilla/5.0 (Windows NT 10.0; Win64; x64) AppleWebKit/537.36 (KHTML, like Gecko) Chrome/142.0.0.0 Safari/537.36]
2025-11-30T20:14:29.847-05:00 DEBUG 21128 --- [udipsai-backend] [nio-8080-exec-5] c.u.backend.common.config.LogFilter      : User-Agent=[Mozilla/5.0 (Windows NT 10.0; Win64; x64) AppleWebKit/537.36 (KHTML, like Gecko) Chrome/142.0.0.0 Safari/537.36]
2025-11-30T20:14:29.848-05:00  INFO 21128 --- [udipsai-backend] [nio-8080-exec-3] c.u.b.a.service.UsuarioSecurityService   : loadUserByUsername()
2025-11-30T20:14:29.848-05:00  INFO 21128 --- [udipsai-backend] [nio-8080-exec-5] c.u.b.a.service.UsuarioSecurityService   : loadUserByUsername()
2025-11-30T20:14:29.849-05:00  INFO 21128 --- [udipsai-backend] [nio-8080-exec-3] c.u.b.a.service.UsuarioSecurityService   : Cargando usuario con cédula 1234567890
2025-11-30T20:14:29.849-05:00  INFO 21128 --- [udipsai-backend] [nio-8080-exec-5] c.u.b.a.service.UsuarioSecurityService   : Cargando usuario con cédula 1234567890
Hibernate: 
    select
        ue1_0.id_usuario,
        ue1_0.apellidos,
        ue1_0.cedula,
        ue1_0.celular,
        ue1_0.contrasenia,
        ue1_0.email,
        ue1_0.estado,
        ue1_0.fecha_creacion,
        ue1_0.fecha_modificacion,
        ue1_0.nombres 
    from
        usuarios ue1_0 
    where
        ue1_0.cedula=?
Hibernate: 
    select
        ue1_0.id_usuario,
        ue1_0.apellidos,
        ue1_0.cedula,
        ue1_0.celular,
        ue1_0.contrasenia,
        ue1_0.email,
        ue1_0.estado,
        ue1_0.fecha_creacion,
        ue1_0.fecha_modificacion,
        ue1_0.nombres 
    from
        usuarios ue1_0 
    where
        ue1_0.cedula=?
Hibernate: 
    select
        ur1_0.id_usuario,
        ur1_0.id_rol,
        r1_0.id_rol,
        r1_0.estado,
        r1_0.nombre,
        ur1_0.estado,
        ur1_0.fecha_asignacion 
    from
        usuarios_roles ur1_0 
    join
        roles r1_0 
            on r1_0.id_rol=ur1_0.id_rol 
    where
        ur1_0.id_usuario=?
Hibernate: 
    select
        ur1_0.id_usuario,
        ur1_0.id_rol,
        r1_0.id_rol,
        r1_0.estado,
        r1_0.nombre,
        ur1_0.estado,
        ur1_0.fecha_asignacion 
    from
        usuarios_roles ur1_0 
    join
        roles r1_0 
            on r1_0.id_rol=ur1_0.id_rol 
    where
        ur1_0.id_usuario=?
Hibernate: 
    select
        ua1_0.id_usuario,
        ua1_0.id_area,
        a1_0.id_area,
        a1_0.estado,
        a1_0.nombre,
        ua1_0.estado,
        ua1_0.fecha_asignacion 
    from
        usuarios_areas ua1_0 
    join
        areas a1_0 
            on a1_0.id_area=ua1_0.id_area 
    where
        ua1_0.id_usuario=?
Hibernate: 
    select
        ua1_0.id_usuario,
        ua1_0.id_area,
        a1_0.id_area,
        a1_0.estado,
        a1_0.nombre,
        ua1_0.estado,
        ua1_0.fecha_asignacion 
    from
        usuarios_areas ua1_0 
    join
        areas a1_0 
            on a1_0.id_area=ua1_0.id_area 
    where
        ua1_0.id_usuario=?
2025-11-30T20:14:29.860-05:00  INFO 21128 --- [udipsai-backend] [nio-8080-exec-3] c.u.b.a.service.UsuarioSecurityService   : Usuario encontrado
2025-11-30T20:14:29.860-05:00  INFO 21128 --- [udipsai-backend] [nio-8080-exec-5] c.u.b.a.service.UsuarioSecurityService   : Usuario encontrado
2025-11-30T20:14:29.861-05:00 DEBUG 21128 --- [udipsai-backend] [nio-8080-exec-3] o.s.security.web.FilterChainProxy        : Secured GET /api/areas
2025-11-30T20:14:29.861-05:00 DEBUG 21128 --- [udipsai-backend] [nio-8080-exec-5] o.s.security.web.FilterChainProxy        : Secured GET /api/pacientes?page=0&size=5
2025-11-30T20:14:29.863-05:00  INFO 21128 --- [udipsai-backend] [nio-8080-exec-5] c.u.b.citas.service.PacienteService      : obtenerPacientes()
2025-11-30T20:14:29.863-05:00  INFO 21128 --- [udipsai-backend] [nio-8080-exec-3] c.u.b.usuarios.service.AreaService       : obtenerAreas()
2025-11-30T20:14:29.864-05:00  INFO 21128 --- [udipsai-backend] [nio-8080-exec-5] c.u.b.citas.service.PacienteService      : Obteniendo todos los pacientes
2025-11-30T20:14:29.864-05:00  INFO 21128 --- [udipsai-backend] [nio-8080-exec-3] c.u.b.usuarios.service.AreaService       : Obteniendo todas las areas activas
Hibernate: 
    select
        ae1_0.id_area,
        ae1_0.estado,
        ae1_0.nombre 
    from
        areas ae1_0 
    where
        ae1_0.estado=?
Hibernate: 
    select
        pe1_0.id,
        pe1_0.anio_educacion,
        pe1_0.anotaciones,
        pe1_0.barrio,
        pe1_0.cedula,
        pe1_0.celular,
        pe1_0.ciudad,
        pe1_0.diagnostico,
        pe1_0.domicilio,
        pe1_0.edad,
        pe1_0.fecha_apertura,
        pe1_0.fecha_nacimiento,
        pe1_0.institucion_educativa,
        pe1_0.jornada,
        pe1_0.motivo_consulta,
        pe1_0.nombre_examinador,
        pe1_0.nombres_apellidos,
        pe1_0.observaciones,
        pe1_0.paralelo,
        pe1_0.pertenece_inclusion,
        pe1_0.portador_carnet,
        pe1_0.sector,
        pe1_0.telefono,
        pe1_0.telefono_institucion,
        pe1_0.tiene_discapacidad,
        pe1_0.tipo_institucion 
    from
        paciente pe1_0 
    order by
        pe1_0.id desc 
    offset
        ? rows 
    fetch
        first ? rows only
2025-11-30T20:14:29.868-05:00  INFO 21128 --- [udipsai-backend] [nio-8080-exec-3] c.u.b.usuarios.service.AreaService       : 200 OK: Areas activas obtenidas correctamente
2025-11-30T20:14:29.870-05:00 DEBUG 21128 --- [udipsai-backend] [nio-8080-exec-3] c.u.backend.common.config.LogFilter      : Response Status=[200]
2025-11-30T20:14:29.874-05:00 DEBUG 21128 --- [udipsai-backend] [nio-8080-exec-4] o.s.security.web.FilterChainProxy        : Securing GET /api/pacientes?page=0&size=10
Hibernate: 
    select
        count(pe1_0.id) 
    from
        paciente pe1_0
2025-11-30T20:14:29.876-05:00 DEBUG 21128 --- [udipsai-backend] [nio-8080-exec-4] c.u.backend.common.config.LogFilter      : ========== REQUEST DATA ==========
2025-11-30T20:14:29.876-05:00 DEBUG 21128 --- [udipsai-backend] [nio-8080-exec-4] c.u.backend.common.config.LogFilter      : Origin IP=[0:0:0:0:0:0:0:1]
2025-11-30T20:14:29.877-05:00 DEBUG 21128 --- [udipsai-backend] [nio-8080-exec-4] c.u.backend.common.config.LogFilter      : URI=[/api/pacientes]
2025-11-30T20:14:29.878-05:00 DEBUG 21128 --- [udipsai-backend] [nio-8080-exec-4] c.u.backend.common.config.LogFilter      : Method=[GET]
2025-11-30T20:14:29.878-05:00  INFO 21128 --- [udipsai-backend] [nio-8080-exec-5] c.u.b.citas.service.PacienteService      : 200 OK: Pacientes obtenidos correctamente
2025-11-30T20:14:29.878-05:00 DEBUG 21128 --- [udipsai-backend] [nio-8080-exec-4] c.u.backend.common.config.LogFilter      : Host Header=[localhost:8080]
2025-11-30T20:14:29.879-05:00 DEBUG 21128 --- [udipsai-backend] [nio-8080-exec-4] c.u.backend.common.config.LogFilter      : Server IP=[0:0:0:0:0:0:0:1]
2025-11-30T20:14:29.880-05:00 DEBUG 21128 --- [udipsai-backend] [nio-8080-exec-4] c.u.backend.common.config.LogFilter      : Content-Type=[null]
2025-11-30T20:14:29.880-05:00 DEBUG 21128 --- [udipsai-backend] [nio-8080-exec-4] c.u.backend.common.config.LogFilter      : User-Agent=[Mozilla/5.0 (Windows NT 10.0; Win64; x64) AppleWebKit/537.36 (KHTML, like Gecko) Chrome/142.0.0.0 Safari/537.36]
2025-11-30T20:14:29.882-05:00  INFO 21128 --- [udipsai-backend] [nio-8080-exec-4] c.u.b.a.service.UsuarioSecurityService   : loadUserByUsername()
2025-11-30T20:14:29.882-05:00  INFO 21128 --- [udipsai-backend] [nio-8080-exec-4] c.u.b.a.service.UsuarioSecurityService   : Cargando usuario con cédula 1234567890
Hibernate: 
    select
        ue1_0.id_usuario,
        ue1_0.apellidos,
        ue1_0.cedula,
        ue1_0.celular,
        ue1_0.contrasenia,
        ue1_0.email,
        ue1_0.estado,
        ue1_0.fecha_creacion,
        ue1_0.fecha_modificacion,
        ue1_0.nombres 
    from
        usuarios ue1_0 
    where
        ue1_0.cedula=?
Hibernate: 
    select
        ur1_0.id_usuario,
        ur1_0.id_rol,
        r1_0.id_rol,
        r1_0.estado,
        r1_0.nombre,
        ur1_0.estado,
        ur1_0.fecha_asignacion 
    from
        usuarios_roles ur1_0 
    join
        roles r1_0 
            on r1_0.id_rol=ur1_0.id_rol 
    where
        ur1_0.id_usuario=?
Hibernate: 
    select
        ua1_0.id_usuario,
        ua1_0.id_area,
        a1_0.id_area,
        a1_0.estado,
        a1_0.nombre,
        ua1_0.estado,
        ua1_0.fecha_asignacion 
    from
        usuarios_areas ua1_0 
    join
        areas a1_0 
            on a1_0.id_area=ua1_0.id_area 
    where
        ua1_0.id_usuario=?
2025-11-30T20:14:29.894-05:00  INFO 21128 --- [udipsai-backend] [nio-8080-exec-4] c.u.b.a.service.UsuarioSecurityService   : Usuario encontrado
2025-11-30T20:14:29.895-05:00 DEBUG 21128 --- [udipsai-backend] [nio-8080-exec-4] o.s.security.web.FilterChainProxy        : Secured GET /api/pacientes?page=0&size=10
2025-11-30T20:14:29.898-05:00  INFO 21128 --- [udipsai-backend] [nio-8080-exec-4] c.u.b.citas.service.PacienteService      : obtenerPacientes()
2025-11-30T20:14:29.897-05:00 DEBUG 21128 --- [udipsai-backend] [nio-8080-exec-5] c.u.backend.common.config.LogFilter      : Response Status=[200]
2025-11-30T20:14:29.898-05:00  INFO 21128 --- [udipsai-backend] [nio-8080-exec-4] c.u.b.citas.service.PacienteService      : Obteniendo todos los pacientes
Hibernate: 
    select
        pe1_0.id,
        pe1_0.anio_educacion,
        pe1_0.anotaciones,
        pe1_0.barrio,
        pe1_0.cedula,
        pe1_0.celular,
        pe1_0.ciudad,
        pe1_0.diagnostico,
        pe1_0.domicilio,
        pe1_0.edad,
        pe1_0.fecha_apertura,
        pe1_0.fecha_nacimiento,
        pe1_0.institucion_educativa,
        pe1_0.jornada,
        pe1_0.motivo_consulta,
        pe1_0.nombre_examinador,
        pe1_0.nombres_apellidos,
        pe1_0.observaciones,
        pe1_0.paralelo,
        pe1_0.pertenece_inclusion,
        pe1_0.portador_carnet,
        pe1_0.sector,
        pe1_0.telefono,
        pe1_0.telefono_institucion,
        pe1_0.tiene_discapacidad,
        pe1_0.tipo_institucion 
    from
        paciente pe1_0 
    order by
        pe1_0.id desc 
    offset
        ? rows 
    fetch
        first ? rows only
Hibernate: 
    select
        count(pe1_0.id) 
    from
        paciente pe1_0
2025-11-30T20:14:29.915-05:00  INFO 21128 --- [udipsai-backend] [nio-8080-exec-4] c.u.b.citas.service.PacienteService      : 200 OK: Pacientes obtenidos correctamente
2025-11-30T20:14:29.918-05:00 DEBUG 21128 --- [udipsai-backend] [nio-8080-exec-4] c.u.backend.common.config.LogFilter      : Response Status=[200]
2025-11-30T20:16:08.544-05:00 DEBUG 21128 --- [udipsai-backend] [nio-8080-exec-7] o.s.security.web.FilterChainProxy        : Securing GET /api/citas?page=0&size=10
2025-11-30T20:16:08.546-05:00 DEBUG 21128 --- [udipsai-backend] [nio-8080-exec-7] c.u.backend.common.config.LogFilter      : ========== REQUEST DATA ==========
2025-11-30T20:16:08.547-05:00 DEBUG 21128 --- [udipsai-backend] [nio-8080-exec-7] c.u.backend.common.config.LogFilter      : Origin IP=[0:0:0:0:0:0:0:1]
2025-11-30T20:16:08.547-05:00 DEBUG 21128 --- [udipsai-backend] [nio-8080-exec-7] c.u.backend.common.config.LogFilter      : URI=[/api/citas]
2025-11-30T20:16:08.548-05:00 DEBUG 21128 --- [udipsai-backend] [nio-8080-exec-7] c.u.backend.common.config.LogFilter      : Method=[GET]
2025-11-30T20:16:08.549-05:00 DEBUG 21128 --- [udipsai-backend] [nio-8080-exec-7] c.u.backend.common.config.LogFilter      : Host Header=[localhost:8080]
2025-11-30T20:16:08.549-05:00 DEBUG 21128 --- [udipsai-backend] [nio-8080-exec-7] c.u.backend.common.config.LogFilter      : Server IP=[0:0:0:0:0:0:0:1]
2025-11-30T20:16:08.550-05:00 DEBUG 21128 --- [udipsai-backend] [nio-8080-exec-7] c.u.backend.common.config.LogFilter      : Content-Type=[null]
2025-11-30T20:16:08.551-05:00 DEBUG 21128 --- [udipsai-backend] [nio-8080-exec-7] c.u.backend.common.config.LogFilter      : User-Agent=[Mozilla/5.0 (Windows NT 10.0; Win64; x64) AppleWebKit/537.36 (KHTML, like Gecko) Chrome/142.0.0.0 Safari/537.36]
2025-11-30T20:16:08.554-05:00  INFO 21128 --- [udipsai-backend] [nio-8080-exec-7] c.u.b.a.service.UsuarioSecurityService   : loadUserByUsername()
2025-11-30T20:16:08.556-05:00  INFO 21128 --- [udipsai-backend] [nio-8080-exec-7] c.u.b.a.service.UsuarioSecurityService   : Cargando usuario con cédula 1234567890
Hibernate: 
    select
        ue1_0.id_usuario,
        ue1_0.apellidos,
        ue1_0.cedula,
        ue1_0.celular,
        ue1_0.contrasenia,
        ue1_0.email,
        ue1_0.estado,
        ue1_0.fecha_creacion,
        ue1_0.fecha_modificacion,
        ue1_0.nombres 
    from
        usuarios ue1_0 
    where
        ue1_0.cedula=?
Hibernate: 
    select
        ur1_0.id_usuario,
        ur1_0.id_rol,
        r1_0.id_rol,
        r1_0.estado,
        r1_0.nombre,
        ur1_0.estado,
        ur1_0.fecha_asignacion 
    from
        usuarios_roles ur1_0 
    join
        roles r1_0 
            on r1_0.id_rol=ur1_0.id_rol 
    where
        ur1_0.id_usuario=?
Hibernate: 
    select
        ua1_0.id_usuario,
        ua1_0.id_area,
        a1_0.id_area,
        a1_0.estado,
        a1_0.nombre,
        ua1_0.estado,
        ua1_0.fecha_asignacion 
    from
        usuarios_areas ua1_0 
    join
        areas a1_0 
            on a1_0.id_area=ua1_0.id_area 
    where
        ua1_0.id_usuario=?
2025-11-30T20:16:08.568-05:00  INFO 21128 --- [udipsai-backend] [nio-8080-exec-7] c.u.b.a.service.UsuarioSecurityService   : Usuario encontrado
2025-11-30T20:16:08.569-05:00 DEBUG 21128 --- [udipsai-backend] [nio-8080-exec-7] o.s.security.web.FilterChainProxy        : Secured GET /api/citas?page=0&size=10
2025-11-30T20:16:08.572-05:00  INFO 21128 --- [udipsai-backend] [nio-8080-exec-7] c.u.backend.citas.service.CitaService    : obtenerCitas()
2025-11-30T20:16:08.572-05:00  INFO 21128 --- [udipsai-backend] [nio-8080-exec-7] c.u.backend.citas.service.CitaService    : Obteniendo todas las Citas
Hibernate: 
    select
        ce1_0.id_cita,
        ce1_0.id_area,
        ce1_0.estado,
        ce1_0.fecha,
        ce1_0.fecha_creacion,
        ce1_0.fecha_modificacion,
        ce1_0.ficha_paciente,
        ce1_0.hora_fin,
        ce1_0.hora_inicio,
        ce1_0.id_profesional 
    from
        citas ce1_0 
    offset
        ? rows 
    fetch
        first ? rows only
2025-11-30T20:16:08.579-05:00 ERROR 21128 --- [udipsai-backend] [nio-8080-exec-7] c.u.b.c.e.GlobalExceptionHandler         : 404 NOT FOUND: Recurso no encontrado - No existen citas registradas
2025-11-30T20:16:08.581-05:00 DEBUG 21128 --- [udipsai-backend] [nio-8080-exec-7] c.u.backend.common.config.LogFilter      : Response Status=[404]
2025-11-30T20:16:08.583-05:00 DEBUG 21128 --- [udipsai-backend] [nio-8080-exec-2] o.s.security.web.FilterChainProxy        : Securing GET /api/citas?page=0&size=10
2025-11-30T20:16:08.585-05:00 DEBUG 21128 --- [udipsai-backend] [nio-8080-exec-2] c.u.backend.common.config.LogFilter      : ========== REQUEST DATA ==========
2025-11-30T20:16:08.586-05:00 DEBUG 21128 --- [udipsai-backend] [nio-8080-exec-2] c.u.backend.common.config.LogFilter      : Origin IP=[0:0:0:0:0:0:0:1]
2025-11-30T20:16:08.586-05:00 DEBUG 21128 --- [udipsai-backend] [nio-8080-exec-2] c.u.backend.common.config.LogFilter      : URI=[/api/citas]
2025-11-30T20:16:08.587-05:00 DEBUG 21128 --- [udipsai-backend] [nio-8080-exec-2] c.u.backend.common.config.LogFilter      : Method=[GET]
2025-11-30T20:16:08.587-05:00 DEBUG 21128 --- [udipsai-backend] [nio-8080-exec-2] c.u.backend.common.config.LogFilter      : Host Header=[localhost:8080]
2025-11-30T20:16:08.588-05:00 DEBUG 21128 --- [udipsai-backend] [nio-8080-exec-2] c.u.backend.common.config.LogFilter      : Server IP=[0:0:0:0:0:0:0:1]
2025-11-30T20:16:08.588-05:00 DEBUG 21128 --- [udipsai-backend] [nio-8080-exec-2] c.u.backend.common.config.LogFilter      : Content-Type=[null]
2025-11-30T20:16:08.589-05:00 DEBUG 21128 --- [udipsai-backend] [nio-8080-exec-2] c.u.backend.common.config.LogFilter      : User-Agent=[Mozilla/5.0 (Windows NT 10.0; Win64; x64) AppleWebKit/537.36 (KHTML, like Gecko) Chrome/142.0.0.0 Safari/537.36]
2025-11-30T20:16:08.590-05:00  INFO 21128 --- [udipsai-backend] [nio-8080-exec-2] c.u.b.a.service.UsuarioSecurityService   : loadUserByUsername()
2025-11-30T20:16:08.591-05:00  INFO 21128 --- [udipsai-backend] [nio-8080-exec-2] c.u.b.a.service.UsuarioSecurityService   : Cargando usuario con cédula 1234567890
Hibernate: 
    select
        ue1_0.id_usuario,
        ue1_0.apellidos,
        ue1_0.cedula,
        ue1_0.celular,
        ue1_0.contrasenia,
        ue1_0.email,
        ue1_0.estado,
        ue1_0.fecha_creacion,
        ue1_0.fecha_modificacion,
        ue1_0.nombres 
    from
        usuarios ue1_0 
    where
        ue1_0.cedula=?
Hibernate: 
    select
        ur1_0.id_usuario,
        ur1_0.id_rol,
        r1_0.id_rol,
        r1_0.estado,
        r1_0.nombre,
        ur1_0.estado,
        ur1_0.fecha_asignacion 
    from
        usuarios_roles ur1_0 
    join
        roles r1_0 
            on r1_0.id_rol=ur1_0.id_rol 
    where
        ur1_0.id_usuario=?
Hibernate: 
    select
        ua1_0.id_usuario,
        ua1_0.id_area,
        a1_0.id_area,
        a1_0.estado,
        a1_0.nombre,
        ua1_0.estado,
        ua1_0.fecha_asignacion 
    from
        usuarios_areas ua1_0 
    join
        areas a1_0 
            on a1_0.id_area=ua1_0.id_area 
    where
        ua1_0.id_usuario=?
2025-11-30T20:16:08.603-05:00  INFO 21128 --- [udipsai-backend] [nio-8080-exec-2] c.u.b.a.service.UsuarioSecurityService   : Usuario encontrado
2025-11-30T20:16:08.605-05:00 DEBUG 21128 --- [udipsai-backend] [nio-8080-exec-2] o.s.security.web.FilterChainProxy        : Secured GET /api/citas?page=0&size=10
2025-11-30T20:16:08.608-05:00  INFO 21128 --- [udipsai-backend] [nio-8080-exec-2] c.u.backend.citas.service.CitaService    : obtenerCitas()
2025-11-30T20:16:08.608-05:00  INFO 21128 --- [udipsai-backend] [nio-8080-exec-2] c.u.backend.citas.service.CitaService    : Obteniendo todas las Citas
Hibernate: 
    select
        ce1_0.id_cita,
        ce1_0.id_area,
        ce1_0.estado,
        ce1_0.fecha,
        ce1_0.fecha_creacion,
        ce1_0.fecha_modificacion,
        ce1_0.ficha_paciente,
        ce1_0.hora_fin,
        ce1_0.hora_inicio,
        ce1_0.id_profesional 
    from
        citas ce1_0 
    offset
        ? rows 
    fetch
        first ? rows only
2025-11-30T20:16:08.617-05:00 ERROR 21128 --- [udipsai-backend] [nio-8080-exec-2] c.u.b.c.e.GlobalExceptionHandler         : 404 NOT FOUND: Recurso no encontrado - No existen citas registradas
2025-11-30T20:16:08.619-05:00 DEBUG 21128 --- [udipsai-backend] [nio-8080-exec-2] c.u.backend.common.config.LogFilter      : Response Status=[404]
2025-11-30T20:16:10.662-05:00 DEBUG 21128 --- [udipsai-backend] [nio-8080-exec-1] o.s.security.web.FilterChainProxy        : Securing GET /api/profesionales?page=0&size=10
2025-11-30T20:16:10.663-05:00 DEBUG 21128 --- [udipsai-backend] [nio-8080-exec-9] o.s.security.web.FilterChainProxy        : Securing GET /api/areas
2025-11-30T20:16:10.664-05:00 DEBUG 21128 --- [udipsai-backend] [nio-8080-exec-1] c.u.backend.common.config.LogFilter      : ========== REQUEST DATA ==========
2025-11-30T20:16:10.665-05:00 DEBUG 21128 --- [udipsai-backend] [nio-8080-exec-9] c.u.backend.common.config.LogFilter      : ========== REQUEST DATA ==========
2025-11-30T20:16:10.665-05:00 DEBUG 21128 --- [udipsai-backend] [nio-8080-exec-1] c.u.backend.common.config.LogFilter      : Origin IP=[0:0:0:0:0:0:0:1]
2025-11-30T20:16:10.667-05:00 DEBUG 21128 --- [udipsai-backend] [nio-8080-exec-9] c.u.backend.common.config.LogFilter      : Origin IP=[0:0:0:0:0:0:0:1]
2025-11-30T20:16:10.667-05:00 DEBUG 21128 --- [udipsai-backend] [nio-8080-exec-1] c.u.backend.common.config.LogFilter      : URI=[/api/profesionales]
2025-11-30T20:16:10.667-05:00 DEBUG 21128 --- [udipsai-backend] [nio-8080-exec-9] c.u.backend.common.config.LogFilter      : URI=[/api/areas]
2025-11-30T20:16:10.668-05:00 DEBUG 21128 --- [udipsai-backend] [nio-8080-exec-1] c.u.backend.common.config.LogFilter      : Method=[GET]
2025-11-30T20:16:10.669-05:00 DEBUG 21128 --- [udipsai-backend] [nio-8080-exec-9] c.u.backend.common.config.LogFilter      : Method=[GET]
2025-11-30T20:16:10.669-05:00 DEBUG 21128 --- [udipsai-backend] [nio-8080-exec-1] c.u.backend.common.config.LogFilter      : Host Header=[localhost:8080]
2025-11-30T20:16:10.670-05:00 DEBUG 21128 --- [udipsai-backend] [nio-8080-exec-9] c.u.backend.common.config.LogFilter      : Host Header=[localhost:8080]
2025-11-30T20:16:10.670-05:00 DEBUG 21128 --- [udipsai-backend] [nio-8080-exec-1] c.u.backend.common.config.LogFilter      : Server IP=[0:0:0:0:0:0:0:1]
2025-11-30T20:16:10.671-05:00 DEBUG 21128 --- [udipsai-backend] [nio-8080-exec-9] c.u.backend.common.config.LogFilter      : Server IP=[0:0:0:0:0:0:0:1]
2025-11-30T20:16:10.671-05:00 DEBUG 21128 --- [udipsai-backend] [nio-8080-exec-1] c.u.backend.common.config.LogFilter      : Content-Type=[null]
2025-11-30T20:16:10.671-05:00 DEBUG 21128 --- [udipsai-backend] [nio-8080-exec-9] c.u.backend.common.config.LogFilter      : Content-Type=[null]
2025-11-30T20:16:10.672-05:00 DEBUG 21128 --- [udipsai-backend] [nio-8080-exec-1] c.u.backend.common.config.LogFilter      : User-Agent=[Mozilla/5.0 (Windows NT 10.0; Win64; x64) AppleWebKit/537.36 (KHTML, like Gecko) Chrome/142.0.0.0 Safari/537.36]
2025-11-30T20:16:10.673-05:00 DEBUG 21128 --- [udipsai-backend] [nio-8080-exec-9] c.u.backend.common.config.LogFilter      : User-Agent=[Mozilla/5.0 (Windows NT 10.0; Win64; x64) AppleWebKit/537.36 (KHTML, like Gecko) Chrome/142.0.0.0 Safari/537.36]
2025-11-30T20:16:10.674-05:00  INFO 21128 --- [udipsai-backend] [nio-8080-exec-1] c.u.b.a.service.UsuarioSecurityService   : loadUserByUsername()
2025-11-30T20:16:10.675-05:00  INFO 21128 --- [udipsai-backend] [nio-8080-exec-9] c.u.b.a.service.UsuarioSecurityService   : loadUserByUsername()
2025-11-30T20:16:10.675-05:00  INFO 21128 --- [udipsai-backend] [nio-8080-exec-1] c.u.b.a.service.UsuarioSecurityService   : Cargando usuario con cédula 1234567890
2025-11-30T20:16:10.675-05:00  INFO 21128 --- [udipsai-backend] [nio-8080-exec-9] c.u.b.a.service.UsuarioSecurityService   : Cargando usuario con cédula 1234567890
Hibernate: 
    select
        ue1_0.id_usuario,
        ue1_0.apellidos,
        ue1_0.cedula,
        ue1_0.celular,
        ue1_0.contrasenia,
        ue1_0.email,
        ue1_0.estado,
        ue1_0.fecha_creacion,
        ue1_0.fecha_modificacion,
        ue1_0.nombres 
    from
        usuarios ue1_0 
    where
        ue1_0.cedula=?
Hibernate: 
    select
        ue1_0.id_usuario,
        ue1_0.apellidos,
        ue1_0.cedula,
        ue1_0.celular,
        ue1_0.contrasenia,
        ue1_0.email,
        ue1_0.estado,
        ue1_0.fecha_creacion,
        ue1_0.fecha_modificacion,
        ue1_0.nombres 
    from
        usuarios ue1_0 
    where
        ue1_0.cedula=?
Hibernate: 
    select
        ur1_0.id_usuario,
        ur1_0.id_rol,
        r1_0.id_rol,
        r1_0.estado,
        r1_0.nombre,
        ur1_0.estado,
        ur1_0.fecha_asignacion 
    from
        usuarios_roles ur1_0 
    join
        roles r1_0 
            on r1_0.id_rol=ur1_0.id_rol 
    where
        ur1_0.id_usuario=?
Hibernate: 
    select
        ur1_0.id_usuario,
        ur1_0.id_rol,
        r1_0.id_rol,
        r1_0.estado,
        r1_0.nombre,
        ur1_0.estado,
        ur1_0.fecha_asignacion 
    from
        usuarios_roles ur1_0 
    join
        roles r1_0 
            on r1_0.id_rol=ur1_0.id_rol 
    where
        ur1_0.id_usuario=?
Hibernate: 
    select
        ua1_0.id_usuario,
        ua1_0.id_area,
        a1_0.id_area,
        a1_0.estado,
        a1_0.nombre,
        ua1_0.estado,
        ua1_0.fecha_asignacion 
    from
        usuarios_areas ua1_0 
    join
        areas a1_0 
            on a1_0.id_area=ua1_0.id_area 
    where
        ua1_0.id_usuario=?
Hibernate: 
    select
        ua1_0.id_usuario,
        ua1_0.id_area,
        a1_0.id_area,
        a1_0.estado,
        a1_0.nombre,
        ua1_0.estado,
        ua1_0.fecha_asignacion 
    from
        usuarios_areas ua1_0 
    join
        areas a1_0 
            on a1_0.id_area=ua1_0.id_area 
    where
        ua1_0.id_usuario=?
2025-11-30T20:16:10.684-05:00  INFO 21128 --- [udipsai-backend] [nio-8080-exec-1] c.u.b.a.service.UsuarioSecurityService   : Usuario encontrado
2025-11-30T20:16:10.685-05:00  INFO 21128 --- [udipsai-backend] [nio-8080-exec-9] c.u.b.a.service.UsuarioSecurityService   : Usuario encontrado
2025-11-30T20:16:10.686-05:00 DEBUG 21128 --- [udipsai-backend] [nio-8080-exec-1] o.s.security.web.FilterChainProxy        : Secured GET /api/profesionales?page=0&size=10
2025-11-30T20:16:10.686-05:00 DEBUG 21128 --- [udipsai-backend] [nio-8080-exec-9] o.s.security.web.FilterChainProxy        : Secured GET /api/areas
2025-11-30T20:16:10.687-05:00  INFO 21128 --- [udipsai-backend] [nio-8080-exec-1] c.u.b.u.service.ProfesionalService       : obtenerProfesionales()
2025-11-30T20:16:10.688-05:00  INFO 21128 --- [udipsai-backend] [nio-8080-exec-9] c.u.b.usuarios.service.AreaService       : obtenerAreas()
2025-11-30T20:16:10.688-05:00  INFO 21128 --- [udipsai-backend] [nio-8080-exec-1] c.u.b.u.service.ProfesionalService       : Obteniendo profesionales activos
2025-11-30T20:16:10.688-05:00  INFO 21128 --- [udipsai-backend] [nio-8080-exec-9] c.u.b.usuarios.service.AreaService       : Obteniendo todas las areas activas
Hibernate: 
    select
        pe1_0.id_profesional,
        pe1_0.especialidad,
        pe1_0.estado,
        pe1_0.id_usuario 
    from
        profesionales pe1_0 
    where
        pe1_0.estado in ('A', 'B') 
    offset
        ? rows 
    fetch
        first ? rows only
Hibernate: 
    select
        ae1_0.id_area,
        ae1_0.estado,
        ae1_0.nombre 
    from
        areas ae1_0 
    where
        ae1_0.estado=?
2025-11-30T20:16:10.693-05:00  INFO 21128 --- [udipsai-backend] [nio-8080-exec-9] c.u.b.usuarios.service.AreaService       : 200 OK: Areas activas obtenidas correctamente
2025-11-30T20:16:10.695-05:00  INFO 21128 --- [udipsai-backend] [nio-8080-exec-1] c.u.b.u.service.ProfesionalService       : 200 OK: Profesionales activos obtenidos correctamente
2025-11-30T20:16:10.698-05:00 DEBUG 21128 --- [udipsai-backend] [nio-8080-exec-1] c.u.backend.common.config.LogFilter      : Response Status=[200]
2025-11-30T20:16:10.695-05:00 DEBUG 21128 --- [udipsai-backend] [nio-8080-exec-9] c.u.backend.common.config.LogFilter      : Response Status=[200]
2025-11-30T20:17:50.587-05:00 DEBUG 21128 --- [udipsai-backend] [nio-8080-exec-8] o.s.security.web.FilterChainProxy        : Securing GET /api/areas
2025-11-30T20:17:50.587-05:00 DEBUG 21128 --- [udipsai-backend] [nio-8080-exec-4] o.s.security.web.FilterChainProxy        : Securing GET /api/profesionales?page=0&size=10
2025-11-30T20:17:50.589-05:00 DEBUG 21128 --- [udipsai-backend] [nio-8080-exec-8] c.u.backend.common.config.LogFilter      : ========== REQUEST DATA ==========
2025-11-30T20:17:50.589-05:00 DEBUG 21128 --- [udipsai-backend] [nio-8080-exec-4] c.u.backend.common.config.LogFilter      : ========== REQUEST DATA ==========
2025-11-30T20:17:50.590-05:00 DEBUG 21128 --- [udipsai-backend] [nio-8080-exec-8] c.u.backend.common.config.LogFilter      : Origin IP=[0:0:0:0:0:0:0:1]
2025-11-30T20:17:50.590-05:00 DEBUG 21128 --- [udipsai-backend] [nio-8080-exec-4] c.u.backend.common.config.LogFilter      : Origin IP=[0:0:0:0:0:0:0:1]
2025-11-30T20:17:50.591-05:00 DEBUG 21128 --- [udipsai-backend] [nio-8080-exec-8] c.u.backend.common.config.LogFilter      : URI=[/api/areas]
2025-11-30T20:17:50.592-05:00 DEBUG 21128 --- [udipsai-backend] [nio-8080-exec-4] c.u.backend.common.config.LogFilter      : URI=[/api/profesionales]
2025-11-30T20:17:50.592-05:00 DEBUG 21128 --- [udipsai-backend] [nio-8080-exec-8] c.u.backend.common.config.LogFilter      : Method=[GET]
2025-11-30T20:17:50.593-05:00 DEBUG 21128 --- [udipsai-backend] [nio-8080-exec-4] c.u.backend.common.config.LogFilter      : Method=[GET]
2025-11-30T20:17:50.593-05:00 DEBUG 21128 --- [udipsai-backend] [nio-8080-exec-8] c.u.backend.common.config.LogFilter      : Host Header=[localhost:8080]
2025-11-30T20:17:50.593-05:00 DEBUG 21128 --- [udipsai-backend] [nio-8080-exec-4] c.u.backend.common.config.LogFilter      : Host Header=[localhost:8080]
2025-11-30T20:17:50.594-05:00 DEBUG 21128 --- [udipsai-backend] [nio-8080-exec-8] c.u.backend.common.config.LogFilter      : Server IP=[0:0:0:0:0:0:0:1]
2025-11-30T20:17:50.595-05:00 DEBUG 21128 --- [udipsai-backend] [nio-8080-exec-4] c.u.backend.common.config.LogFilter      : Server IP=[0:0:0:0:0:0:0:1]
2025-11-30T20:17:50.595-05:00 DEBUG 21128 --- [udipsai-backend] [nio-8080-exec-8] c.u.backend.common.config.LogFilter      : Content-Type=[null]
2025-11-30T20:17:50.595-05:00 DEBUG 21128 --- [udipsai-backend] [nio-8080-exec-4] c.u.backend.common.config.LogFilter      : Content-Type=[null]
2025-11-30T20:17:50.596-05:00 DEBUG 21128 --- [udipsai-backend] [nio-8080-exec-8] c.u.backend.common.config.LogFilter      : User-Agent=[Mozilla/5.0 (Windows NT 10.0; Win64; x64) AppleWebKit/537.36 (KHTML, like Gecko) Chrome/142.0.0.0 Safari/537.36]
2025-11-30T20:17:50.596-05:00 DEBUG 21128 --- [udipsai-backend] [nio-8080-exec-4] c.u.backend.common.config.LogFilter      : User-Agent=[Mozilla/5.0 (Windows NT 10.0; Win64; x64) AppleWebKit/537.36 (KHTML, like Gecko) Chrome/142.0.0.0 Safari/537.36]
2025-11-30T20:17:50.597-05:00  INFO 21128 --- [udipsai-backend] [nio-8080-exec-4] c.u.b.a.service.UsuarioSecurityService   : loadUserByUsername()
2025-11-30T20:17:50.597-05:00  INFO 21128 --- [udipsai-backend] [nio-8080-exec-8] c.u.b.a.service.UsuarioSecurityService   : loadUserByUsername()
2025-11-30T20:17:50.599-05:00  INFO 21128 --- [udipsai-backend] [nio-8080-exec-4] c.u.b.a.service.UsuarioSecurityService   : Cargando usuario con cédula 1234567890
2025-11-30T20:17:50.599-05:00  INFO 21128 --- [udipsai-backend] [nio-8080-exec-8] c.u.b.a.service.UsuarioSecurityService   : Cargando usuario con cédula 1234567890
Hibernate: 
    select
        ue1_0.id_usuario,
        ue1_0.apellidos,
        ue1_0.cedula,
        ue1_0.celular,
        ue1_0.contrasenia,
        ue1_0.email,
        ue1_0.estado,
        ue1_0.fecha_creacion,
        ue1_0.fecha_modificacion,
        ue1_0.nombres 
    from
        usuarios ue1_0 
    where
        ue1_0.cedula=?
Hibernate: 
    select
        ue1_0.id_usuario,
        ue1_0.apellidos,
        ue1_0.cedula,
        ue1_0.celular,
        ue1_0.contrasenia,
        ue1_0.email,
        ue1_0.estado,
        ue1_0.fecha_creacion,
        ue1_0.fecha_modificacion,
        ue1_0.nombres 
    from
        usuarios ue1_0 
    where
        ue1_0.cedula=?
Hibernate: 
    select
        ur1_0.id_usuario,
        ur1_0.id_rol,
        r1_0.id_rol,
        r1_0.estado,
        r1_0.nombre,
        ur1_0.estado,
        ur1_0.fecha_asignacion 
    from
        usuarios_roles ur1_0 
    join
        roles r1_0 
            on r1_0.id_rol=ur1_0.id_rol 
    where
        ur1_0.id_usuario=?
Hibernate: 
    select
        ur1_0.id_usuario,
        ur1_0.id_rol,
        r1_0.id_rol,
        r1_0.estado,
        r1_0.nombre,
        ur1_0.estado,
        ur1_0.fecha_asignacion 
    from
        usuarios_roles ur1_0 
    join
        roles r1_0 
            on r1_0.id_rol=ur1_0.id_rol 
    where
        ur1_0.id_usuario=?
Hibernate: 
    select
        ua1_0.id_usuario,
        ua1_0.id_area,
        a1_0.id_area,
        a1_0.estado,
        a1_0.nombre,
        ua1_0.estado,
        ua1_0.fecha_asignacion 
    from
        usuarios_areas ua1_0 
    join
        areas a1_0 
            on a1_0.id_area=ua1_0.id_area 
    where
        ua1_0.id_usuario=?
Hibernate: 
    select
        ua1_0.id_usuario,
        ua1_0.id_area,
        a1_0.id_area,
        a1_0.estado,
        a1_0.nombre,
        ua1_0.estado,
        ua1_0.fecha_asignacion 
    from
        usuarios_areas ua1_0 
    join
        areas a1_0 
            on a1_0.id_area=ua1_0.id_area 
    where
        ua1_0.id_usuario=?
2025-11-30T20:17:50.613-05:00  INFO 21128 --- [udipsai-backend] [nio-8080-exec-8] c.u.b.a.service.UsuarioSecurityService   : Usuario encontrado
2025-11-30T20:17:50.613-05:00  INFO 21128 --- [udipsai-backend] [nio-8080-exec-4] c.u.b.a.service.UsuarioSecurityService   : Usuario encontrado
2025-11-30T20:17:50.615-05:00 DEBUG 21128 --- [udipsai-backend] [nio-8080-exec-4] o.s.security.web.FilterChainProxy        : Secured GET /api/profesionales?page=0&size=10
2025-11-30T20:17:50.615-05:00 DEBUG 21128 --- [udipsai-backend] [nio-8080-exec-8] o.s.security.web.FilterChainProxy        : Secured GET /api/areas
2025-11-30T20:17:50.616-05:00  INFO 21128 --- [udipsai-backend] [nio-8080-exec-8] c.u.b.usuarios.service.AreaService       : obtenerAreas()
2025-11-30T20:17:50.617-05:00  INFO 21128 --- [udipsai-backend] [nio-8080-exec-4] c.u.b.u.service.ProfesionalService       : obtenerProfesionales()
2025-11-30T20:17:50.617-05:00  INFO 21128 --- [udipsai-backend] [nio-8080-exec-8] c.u.b.usuarios.service.AreaService       : Obteniendo todas las areas activas
2025-11-30T20:17:50.617-05:00  INFO 21128 --- [udipsai-backend] [nio-8080-exec-4] c.u.b.u.service.ProfesionalService       : Obteniendo profesionales activos
Hibernate: 
    select
        pe1_0.id_profesional,
        pe1_0.especialidad,
        pe1_0.estado,
        pe1_0.id_usuario 
    from
        profesionales pe1_0 
    where
        pe1_0.estado in ('A', 'B') 
    offset
        ? rows 
    fetch
        first ? rows only
Hibernate: 
    select
        ae1_0.id_area,
        ae1_0.estado,
        ae1_0.nombre 
    from
        areas ae1_0 
    where
        ae1_0.estado=?
2025-11-30T20:17:50.623-05:00  INFO 21128 --- [udipsai-backend] [nio-8080-exec-8] c.u.b.usuarios.service.AreaService       : 200 OK: Areas activas obtenidas correctamente
2025-11-30T20:17:50.624-05:00  INFO 21128 --- [udipsai-backend] [nio-8080-exec-4] c.u.b.u.service.ProfesionalService       : 200 OK: Profesionales activos obtenidos correctamente
2025-11-30T20:17:50.627-05:00 DEBUG 21128 --- [udipsai-backend] [nio-8080-exec-4] c.u.backend.common.config.LogFilter      : Response Status=[200]
2025-11-30T20:17:50.628-05:00 DEBUG 21128 --- [udipsai-backend] [nio-8080-exec-8] c.u.backend.common.config.LogFilter      : Response Status=[200]
2025-11-30T20:18:01.737-05:00 DEBUG 21128 --- [udipsai-backend] [nio-8080-exec-6] o.s.security.web.FilterChainProxy        : Securing GET /api/pasantes?page=0&size=5
2025-11-30T20:18:01.739-05:00 DEBUG 21128 --- [udipsai-backend] [io-8080-exec-10] o.s.security.web.FilterChainProxy        : Securing GET /api/areas
2025-11-30T20:18:01.741-05:00 DEBUG 21128 --- [udipsai-backend] [nio-8080-exec-7] o.s.security.web.FilterChainProxy        : Securing GET /api/pasantes?page=0&size=10
2025-11-30T20:18:01.742-05:00 DEBUG 21128 --- [udipsai-backend] [nio-8080-exec-6] c.u.backend.common.config.LogFilter      : ========== REQUEST DATA ==========
2025-11-30T20:18:01.745-05:00 DEBUG 21128 --- [udipsai-backend] [io-8080-exec-10] c.u.backend.common.config.LogFilter      : ========== REQUEST DATA ==========
2025-11-30T20:18:01.746-05:00 DEBUG 21128 --- [udipsai-backend] [nio-8080-exec-6] c.u.backend.common.config.LogFilter      : Origin IP=[0:0:0:0:0:0:0:1]
2025-11-30T20:18:01.747-05:00 DEBUG 21128 --- [udipsai-backend] [io-8080-exec-10] c.u.backend.common.config.LogFilter      : Origin IP=[0:0:0:0:0:0:0:1]
2025-11-30T20:18:01.748-05:00 DEBUG 21128 --- [udipsai-backend] [nio-8080-exec-7] c.u.backend.common.config.LogFilter      : ========== REQUEST DATA ==========
2025-11-30T20:18:01.749-05:00 DEBUG 21128 --- [udipsai-backend] [io-8080-exec-10] c.u.backend.common.config.LogFilter      : URI=[/api/areas]
2025-11-30T20:18:01.748-05:00 DEBUG 21128 --- [udipsai-backend] [nio-8080-exec-6] c.u.backend.common.config.LogFilter      : URI=[/api/pasantes]
2025-11-30T20:18:01.750-05:00 DEBUG 21128 --- [udipsai-backend] [nio-8080-exec-7] c.u.backend.common.config.LogFilter      : Origin IP=[0:0:0:0:0:0:0:1]
2025-11-30T20:18:01.750-05:00 DEBUG 21128 --- [udipsai-backend] [io-8080-exec-10] c.u.backend.common.config.LogFilter      : Method=[GET]
2025-11-30T20:18:01.750-05:00 DEBUG 21128 --- [udipsai-backend] [nio-8080-exec-6] c.u.backend.common.config.LogFilter      : Method=[GET]
2025-11-30T20:18:01.751-05:00 DEBUG 21128 --- [udipsai-backend] [nio-8080-exec-7] c.u.backend.common.config.LogFilter      : URI=[/api/pasantes]
2025-11-30T20:18:01.751-05:00 DEBUG 21128 --- [udipsai-backend] [io-8080-exec-10] c.u.backend.common.config.LogFilter      : Host Header=[localhost:8080]
2025-11-30T20:18:01.752-05:00 DEBUG 21128 --- [udipsai-backend] [nio-8080-exec-6] c.u.backend.common.config.LogFilter      : Host Header=[localhost:8080]
2025-11-30T20:18:01.752-05:00 DEBUG 21128 --- [udipsai-backend] [nio-8080-exec-7] c.u.backend.common.config.LogFilter      : Method=[GET]
2025-11-30T20:18:01.752-05:00 DEBUG 21128 --- [udipsai-backend] [io-8080-exec-10] c.u.backend.common.config.LogFilter      : Server IP=[0:0:0:0:0:0:0:1]
2025-11-30T20:18:01.754-05:00 DEBUG 21128 --- [udipsai-backend] [nio-8080-exec-6] c.u.backend.common.config.LogFilter      : Server IP=[0:0:0:0:0:0:0:1]
2025-11-30T20:18:01.754-05:00 DEBUG 21128 --- [udipsai-backend] [nio-8080-exec-7] c.u.backend.common.config.LogFilter      : Host Header=[localhost:8080]
2025-11-30T20:18:01.755-05:00 DEBUG 21128 --- [udipsai-backend] [io-8080-exec-10] c.u.backend.common.config.LogFilter      : Content-Type=[null]
2025-11-30T20:18:01.755-05:00 DEBUG 21128 --- [udipsai-backend] [nio-8080-exec-6] c.u.backend.common.config.LogFilter      : Content-Type=[null]
2025-11-30T20:18:01.755-05:00 DEBUG 21128 --- [udipsai-backend] [nio-8080-exec-7] c.u.backend.common.config.LogFilter      : Server IP=[0:0:0:0:0:0:0:1]
2025-11-30T20:18:01.756-05:00 DEBUG 21128 --- [udipsai-backend] [io-8080-exec-10] c.u.backend.common.config.LogFilter      : User-Agent=[Mozilla/5.0 (Windows NT 10.0; Win64; x64) AppleWebKit/537.36 (KHTML, like Gecko) Chrome/142.0.0.0 Safari/537.36]
2025-11-30T20:18:01.756-05:00 DEBUG 21128 --- [udipsai-backend] [nio-8080-exec-6] c.u.backend.common.config.LogFilter      : User-Agent=[Mozilla/5.0 (Windows NT 10.0; Win64; x64) AppleWebKit/537.36 (KHTML, like Gecko) Chrome/142.0.0.0 Safari/537.36]
2025-11-30T20:18:01.756-05:00 DEBUG 21128 --- [udipsai-backend] [nio-8080-exec-7] c.u.backend.common.config.LogFilter      : Content-Type=[null]
2025-11-30T20:18:01.757-05:00 DEBUG 21128 --- [udipsai-backend] [nio-8080-exec-7] c.u.backend.common.config.LogFilter      : User-Agent=[Mozilla/5.0 (Windows NT 10.0; Win64; x64) AppleWebKit/537.36 (KHTML, like Gecko) Chrome/142.0.0.0 Safari/537.36]
2025-11-30T20:18:01.758-05:00  INFO 21128 --- [udipsai-backend] [io-8080-exec-10] c.u.b.a.service.UsuarioSecurityService   : loadUserByUsername()
2025-11-30T20:18:01.759-05:00  INFO 21128 --- [udipsai-backend] [io-8080-exec-10] c.u.b.a.service.UsuarioSecurityService   : Cargando usuario con cédula 1234567890
2025-11-30T20:18:01.758-05:00  INFO 21128 --- [udipsai-backend] [nio-8080-exec-6] c.u.b.a.service.UsuarioSecurityService   : loadUserByUsername()
2025-11-30T20:18:01.760-05:00  INFO 21128 --- [udipsai-backend] [nio-8080-exec-7] c.u.b.a.service.UsuarioSecurityService   : loadUserByUsername()
2025-11-30T20:18:01.761-05:00  INFO 21128 --- [udipsai-backend] [nio-8080-exec-7] c.u.b.a.service.UsuarioSecurityService   : Cargando usuario con cédula 1234567890
Hibernate: 
    select
        ue1_0.id_usuario,
        ue1_0.apellidos,
        ue1_0.cedula,
        ue1_0.celular,
        ue1_0.contrasenia,
        ue1_0.email,
        ue1_0.estado,
        ue1_0.fecha_creacion,
        ue1_0.fecha_modificacion,
        ue1_0.nombres 
    from
        usuarios ue1_0 
    where
        ue1_0.cedula=?
2025-11-30T20:18:01.761-05:00  INFO 21128 --- [udipsai-backend] [nio-8080-exec-6] c.u.b.a.service.UsuarioSecurityService   : Cargando usuario con cédula 1234567890
Hibernate: 
    select
        ue1_0.id_usuario,
        ue1_0.apellidos,
        ue1_0.cedula,
        ue1_0.celular,
        ue1_0.contrasenia,
        ue1_0.email,
        ue1_0.estado,
        ue1_0.fecha_creacion,
        ue1_0.fecha_modificacion,
        ue1_0.nombres 
    from
        usuarios ue1_0 
    where
        ue1_0.cedula=?
Hibernate: 
    select
        ur1_0.id_usuario,
        ur1_0.id_rol,
        r1_0.id_rol,
        r1_0.estado,
        r1_0.nombre,
        ur1_0.estado,
        ur1_0.fecha_asignacion 
    from
        usuarios_roles ur1_0 
    join
        roles r1_0 
            on r1_0.id_rol=ur1_0.id_rol 
    where
        ur1_0.id_usuario=?
Hibernate: 
    select
        ue1_0.id_usuario,
        ue1_0.apellidos,
        ue1_0.cedula,
        ue1_0.celular,
        ue1_0.contrasenia,
        ue1_0.email,
        ue1_0.estado,
        ue1_0.fecha_creacion,
        ue1_0.fecha_modificacion,
        ue1_0.nombres 
    from
        usuarios ue1_0 
    where
        ue1_0.cedula=?
Hibernate: 
    select
        ur1_0.id_usuario,
        ur1_0.id_rol,
        r1_0.id_rol,
        r1_0.estado,
        r1_0.nombre,
        ur1_0.estado,
        ur1_0.fecha_asignacion 
    from
        usuarios_roles ur1_0 
    join
        roles r1_0 
            on r1_0.id_rol=ur1_0.id_rol 
    where
        ur1_0.id_usuario=?
Hibernate: 
    select
        ua1_0.id_usuario,
        ua1_0.id_area,
        a1_0.id_area,
        a1_0.estado,
        a1_0.nombre,
        ua1_0.estado,
        ua1_0.fecha_asignacion 
    from
        usuarios_areas ua1_0 
    join
        areas a1_0 
            on a1_0.id_area=ua1_0.id_area 
    where
        ua1_0.id_usuario=?
Hibernate: 
    select
        ur1_0.id_usuario,
        ur1_0.id_rol,
        r1_0.id_rol,
        r1_0.estado,
        r1_0.nombre,
        ur1_0.estado,
        ur1_0.fecha_asignacion 
    from
        usuarios_roles ur1_0 
    join
        roles r1_0 
            on r1_0.id_rol=ur1_0.id_rol 
    where
        ur1_0.id_usuario=?
Hibernate: 
    select
        ua1_0.id_usuario,
        ua1_0.id_area,
        a1_0.id_area,
        a1_0.estado,
        a1_0.nombre,
        ua1_0.estado,
        ua1_0.fecha_asignacion 
    from
        usuarios_areas ua1_0 
    join
        areas a1_0 
            on a1_0.id_area=ua1_0.id_area 
    where
        ua1_0.id_usuario=?
2025-11-30T20:18:01.770-05:00  INFO 21128 --- [udipsai-backend] [io-8080-exec-10] c.u.b.a.service.UsuarioSecurityService   : Usuario encontrado
2025-11-30T20:18:01.772-05:00 DEBUG 21128 --- [udipsai-backend] [io-8080-exec-10] o.s.security.web.FilterChainProxy        : Secured GET /api/areas
Hibernate: 
    select
        ua1_0.id_usuario,
        ua1_0.id_area,
        a1_0.id_area,
        a1_0.estado,
        a1_0.nombre,
        ua1_0.estado,
        ua1_0.fecha_asignacion 
    from
        usuarios_areas ua1_0 
    join
        areas a1_0 
            on a1_0.id_area=ua1_0.id_area 
    where
        ua1_0.id_usuario=?
2025-11-30T20:18:01.772-05:00  INFO 21128 --- [udipsai-backend] [nio-8080-exec-7] c.u.b.a.service.UsuarioSecurityService   : Usuario encontrado
2025-11-30T20:18:01.773-05:00  INFO 21128 --- [udipsai-backend] [io-8080-exec-10] c.u.b.usuarios.service.AreaService       : obtenerAreas()
2025-11-30T20:18:01.774-05:00 DEBUG 21128 --- [udipsai-backend] [nio-8080-exec-7] o.s.security.web.FilterChainProxy        : Secured GET /api/pasantes?page=0&size=10
2025-11-30T20:18:01.774-05:00  INFO 21128 --- [udipsai-backend] [io-8080-exec-10] c.u.b.usuarios.service.AreaService       : Obteniendo todas las areas activas
2025-11-30T20:18:01.774-05:00  INFO 21128 --- [udipsai-backend] [nio-8080-exec-6] c.u.b.a.service.UsuarioSecurityService   : Usuario encontrado
2025-11-30T20:18:01.776-05:00  INFO 21128 --- [udipsai-backend] [nio-8080-exec-7] c.u.b.usuarios.service.PasanteService    : obtenerPasantes()
2025-11-30T20:18:01.777-05:00  INFO 21128 --- [udipsai-backend] [nio-8080-exec-7] c.u.b.usuarios.service.PasanteService    : Obteniendo pasantes activos
2025-11-30T20:18:01.777-05:00 DEBUG 21128 --- [udipsai-backend] [nio-8080-exec-6] o.s.security.web.FilterChainProxy        : Secured GET /api/pasantes?page=0&size=5
Hibernate: 
    select
        ae1_0.id_area,
        ae1_0.estado,
        ae1_0.nombre 
    from
        areas ae1_0 
    where
        ae1_0.estado=?
Hibernate: 
    select
        pe1_0.id_pasante,
        pe1_0.carrera,
        pe1_0.estado,
        pe1_0.id_usuario 
    from
        pasantes pe1_0 
    where
        pe1_0.estado in ('A', 'B') 
    offset
        ? rows 
    fetch
        first ? rows only
2025-11-30T20:18:01.780-05:00  INFO 21128 --- [udipsai-backend] [nio-8080-exec-6] c.u.b.usuarios.service.PasanteService    : obtenerPasantes()
2025-11-30T20:18:01.780-05:00  INFO 21128 --- [udipsai-backend] [nio-8080-exec-6] c.u.b.usuarios.service.PasanteService    : Obteniendo pasantes activos
2025-11-30T20:18:01.781-05:00  INFO 21128 --- [udipsai-backend] [nio-8080-exec-7] c.u.b.usuarios.service.PasanteService    : 200 OK: Pasantes activos obtenidos correctamente
2025-11-30T20:18:01.781-05:00  INFO 21128 --- [udipsai-backend] [io-8080-exec-10] c.u.b.usuarios.service.AreaService       : 200 OK: Areas activas obtenidas correctamente
Hibernate: 
    select
        pe1_0.id_pasante,
        pe1_0.carrera,
        pe1_0.estado,
        pe1_0.id_usuario 
    from
        pasantes pe1_0 
    where
        pe1_0.estado in ('A', 'B') 
    offset
        ? rows 
    fetch
        first ? rows only
2025-11-30T20:18:01.785-05:00 DEBUG 21128 --- [udipsai-backend] [io-8080-exec-10] c.u.backend.common.config.LogFilter      : Response Status=[200]
2025-11-30T20:18:01.785-05:00 DEBUG 21128 --- [udipsai-backend] [nio-8080-exec-7] c.u.backend.common.config.LogFilter      : Response Status=[200]
2025-11-30T20:18:01.787-05:00  INFO 21128 --- [udipsai-backend] [nio-8080-exec-6] c.u.b.usuarios.service.PasanteService    : 200 OK: Pasantes activos obtenidos correctamente
2025-11-30T20:18:01.789-05:00 DEBUG 21128 --- [udipsai-backend] [nio-8080-exec-6] c.u.backend.common.config.LogFilter      : Response Status=[200]
2025-11-30T20:18:08.921-05:00 DEBUG 21128 --- [udipsai-backend] [nio-8080-exec-1] o.s.security.web.FilterChainProxy        : Securing GET /api/areas
2025-11-30T20:18:08.921-05:00 DEBUG 21128 --- [udipsai-backend] [nio-8080-exec-2] o.s.security.web.FilterChainProxy        : Securing GET /api/coordinadores?page=0&size=10
2025-11-30T20:18:08.929-05:00 DEBUG 21128 --- [udipsai-backend] [nio-8080-exec-1] c.u.backend.common.config.LogFilter      : ========== REQUEST DATA ==========
2025-11-30T20:18:08.930-05:00 DEBUG 21128 --- [udipsai-backend] [nio-8080-exec-2] c.u.backend.common.config.LogFilter      : ========== REQUEST DATA ==========
2025-11-30T20:18:08.931-05:00 DEBUG 21128 --- [udipsai-backend] [nio-8080-exec-2] c.u.backend.common.config.LogFilter      : Origin IP=[0:0:0:0:0:0:0:1]
2025-11-30T20:18:08.931-05:00 DEBUG 21128 --- [udipsai-backend] [nio-8080-exec-1] c.u.backend.common.config.LogFilter      : Origin IP=[0:0:0:0:0:0:0:1]
2025-11-30T20:18:08.932-05:00 DEBUG 21128 --- [udipsai-backend] [nio-8080-exec-2] c.u.backend.common.config.LogFilter      : URI=[/api/coordinadores]
2025-11-30T20:18:08.932-05:00 DEBUG 21128 --- [udipsai-backend] [nio-8080-exec-1] c.u.backend.common.config.LogFilter      : URI=[/api/areas]
2025-11-30T20:18:08.933-05:00 DEBUG 21128 --- [udipsai-backend] [nio-8080-exec-2] c.u.backend.common.config.LogFilter      : Method=[GET]
2025-11-30T20:18:08.933-05:00 DEBUG 21128 --- [udipsai-backend] [nio-8080-exec-1] c.u.backend.common.config.LogFilter      : Method=[GET]
2025-11-30T20:18:08.934-05:00 DEBUG 21128 --- [udipsai-backend] [nio-8080-exec-2] c.u.backend.common.config.LogFilter      : Host Header=[localhost:8080]
2025-11-30T20:18:08.934-05:00 DEBUG 21128 --- [udipsai-backend] [nio-8080-exec-1] c.u.backend.common.config.LogFilter      : Host Header=[localhost:8080]
2025-11-30T20:18:08.934-05:00 DEBUG 21128 --- [udipsai-backend] [nio-8080-exec-2] c.u.backend.common.config.LogFilter      : Server IP=[0:0:0:0:0:0:0:1]
2025-11-30T20:18:08.935-05:00 DEBUG 21128 --- [udipsai-backend] [nio-8080-exec-1] c.u.backend.common.config.LogFilter      : Server IP=[0:0:0:0:0:0:0:1]
2025-11-30T20:18:08.935-05:00 DEBUG 21128 --- [udipsai-backend] [nio-8080-exec-2] c.u.backend.common.config.LogFilter      : Content-Type=[null]
2025-11-30T20:18:08.935-05:00 DEBUG 21128 --- [udipsai-backend] [nio-8080-exec-1] c.u.backend.common.config.LogFilter      : Content-Type=[null]
2025-11-30T20:18:08.936-05:00 DEBUG 21128 --- [udipsai-backend] [nio-8080-exec-2] c.u.backend.common.config.LogFilter      : User-Agent=[Mozilla/5.0 (Windows NT 10.0; Win64; x64) AppleWebKit/537.36 (KHTML, like Gecko) Chrome/142.0.0.0 Safari/537.36]
2025-11-30T20:18:08.936-05:00 DEBUG 21128 --- [udipsai-backend] [nio-8080-exec-1] c.u.backend.common.config.LogFilter      : User-Agent=[Mozilla/5.0 (Windows NT 10.0; Win64; x64) AppleWebKit/537.36 (KHTML, like Gecko) Chrome/142.0.0.0 Safari/537.36]
2025-11-30T20:18:08.938-05:00  INFO 21128 --- [udipsai-backend] [nio-8080-exec-1] c.u.b.a.service.UsuarioSecurityService   : loadUserByUsername()
2025-11-30T20:18:08.938-05:00  INFO 21128 --- [udipsai-backend] [nio-8080-exec-2] c.u.b.a.service.UsuarioSecurityService   : loadUserByUsername()
2025-11-30T20:18:08.938-05:00  INFO 21128 --- [udipsai-backend] [nio-8080-exec-1] c.u.b.a.service.UsuarioSecurityService   : Cargando usuario con cédula 1234567890
2025-11-30T20:18:08.938-05:00  INFO 21128 --- [udipsai-backend] [nio-8080-exec-2] c.u.b.a.service.UsuarioSecurityService   : Cargando usuario con cédula 1234567890
Hibernate: 
    select
        ue1_0.id_usuario,
        ue1_0.apellidos,
        ue1_0.cedula,
        ue1_0.celular,
        ue1_0.contrasenia,
        ue1_0.email,
        ue1_0.estado,
        ue1_0.fecha_creacion,
        ue1_0.fecha_modificacion,
        ue1_0.nombres 
    from
        usuarios ue1_0 
    where
        ue1_0.cedula=?
Hibernate: 
    select
        ue1_0.id_usuario,
        ue1_0.apellidos,
        ue1_0.cedula,
        ue1_0.celular,
        ue1_0.contrasenia,
        ue1_0.email,
        ue1_0.estado,
        ue1_0.fecha_creacion,
        ue1_0.fecha_modificacion,
        ue1_0.nombres 
    from
        usuarios ue1_0 
    where
        ue1_0.cedula=?
Hibernate: 
    select
        ur1_0.id_usuario,
        ur1_0.id_rol,
        r1_0.id_rol,
        r1_0.estado,
        r1_0.nombre,
        ur1_0.estado,
        ur1_0.fecha_asignacion 
    from
        usuarios_roles ur1_0 
    join
        roles r1_0 
            on r1_0.id_rol=ur1_0.id_rol 
    where
        ur1_0.id_usuario=?
Hibernate: 
    select
        ur1_0.id_usuario,
        ur1_0.id_rol,
        r1_0.id_rol,
        r1_0.estado,
        r1_0.nombre,
        ur1_0.estado,
        ur1_0.fecha_asignacion 
    from
        usuarios_roles ur1_0 
    join
        roles r1_0 
            on r1_0.id_rol=ur1_0.id_rol 
    where
        ur1_0.id_usuario=?
Hibernate: 
    select
        ua1_0.id_usuario,
        ua1_0.id_area,
        a1_0.id_area,
        a1_0.estado,
        a1_0.nombre,
        ua1_0.estado,
        ua1_0.fecha_asignacion 
    from
        usuarios_areas ua1_0 
    join
        areas a1_0 
            on a1_0.id_area=ua1_0.id_area 
    where
        ua1_0.id_usuario=?
Hibernate: 
    select
        ua1_0.id_usuario,
        ua1_0.id_area,
        a1_0.id_area,
        a1_0.estado,
        a1_0.nombre,
        ua1_0.estado,
        ua1_0.fecha_asignacion 
    from
        usuarios_areas ua1_0 
    join
        areas a1_0 
            on a1_0.id_area=ua1_0.id_area 
    where
        ua1_0.id_usuario=?
2025-11-30T20:18:08.949-05:00  INFO 21128 --- [udipsai-backend] [nio-8080-exec-2] c.u.b.a.service.UsuarioSecurityService   : Usuario encontrado
2025-11-30T20:18:08.949-05:00  INFO 21128 --- [udipsai-backend] [nio-8080-exec-1] c.u.b.a.service.UsuarioSecurityService   : Usuario encontrado
2025-11-30T20:18:08.950-05:00 DEBUG 21128 --- [udipsai-backend] [nio-8080-exec-2] o.s.security.web.FilterChainProxy        : Secured GET /api/coordinadores?page=0&size=10
2025-11-30T20:18:08.950-05:00 DEBUG 21128 --- [udipsai-backend] [nio-8080-exec-1] o.s.security.web.FilterChainProxy        : Secured GET /api/areas
2025-11-30T20:18:08.951-05:00  INFO 21128 --- [udipsai-backend] [nio-8080-exec-1] c.u.b.usuarios.service.AreaService       : obtenerAreas()
2025-11-30T20:18:08.951-05:00  INFO 21128 --- [udipsai-backend] [nio-8080-exec-2] c.u.b.u.service.CoordinadorService       : obtenerCoordinadores()
2025-11-30T20:18:08.952-05:00  INFO 21128 --- [udipsai-backend] [nio-8080-exec-1] c.u.b.usuarios.service.AreaService       : Obteniendo todas las areas activas
2025-11-30T20:18:08.953-05:00  INFO 21128 --- [udipsai-backend] [nio-8080-exec-2] c.u.b.u.service.CoordinadorService       : Obteniendo coordinadores activos
Hibernate: 
    select
        ce1_0.id_coordinador,
        ce1_0.estado,
        ce1_0.id_usuario 
    from
        coordinadores ce1_0 
    where
        ce1_0.estado in ('A', 'B') 
    offset
        ? rows 
    fetch
        first ? rows only
Hibernate: 
    select
        ae1_0.id_area,
        ae1_0.estado,
        ae1_0.nombre 
    from
        areas ae1_0 
    where
        ae1_0.estado=?
2025-11-30T20:18:08.963-05:00  INFO 21128 --- [udipsai-backend] [nio-8080-exec-1] c.u.b.usuarios.service.AreaService       : 200 OK: Areas activas obtenidas correctamente
2025-11-30T20:18:08.963-05:00  INFO 21128 --- [udipsai-backend] [nio-8080-exec-2] c.u.b.u.service.CoordinadorService       : 200 OK: Coordinadores activos obtenidos correctamente
2025-11-30T20:18:08.968-05:00 DEBUG 21128 --- [udipsai-backend] [nio-8080-exec-2] c.u.backend.common.config.LogFilter      : Response Status=[200]
2025-11-30T20:18:08.970-05:00 DEBUG 21128 --- [udipsai-backend] [nio-8080-exec-1] c.u.backend.common.config.LogFilter      : Response Status=[200]
2025-11-30T20:18:08.970-05:00 DEBUG 21128 --- [udipsai-backend] [nio-8080-exec-9] o.s.security.web.FilterChainProxy        : Securing GET /api/coordinadores?page=0&size=10
2025-11-30T20:18:08.972-05:00 DEBUG 21128 --- [udipsai-backend] [nio-8080-exec-9] c.u.backend.common.config.LogFilter      : ========== REQUEST DATA ==========
2025-11-30T20:18:08.972-05:00 DEBUG 21128 --- [udipsai-backend] [nio-8080-exec-9] c.u.backend.common.config.LogFilter      : Origin IP=[0:0:0:0:0:0:0:1]
2025-11-30T20:18:08.972-05:00 DEBUG 21128 --- [udipsai-backend] [nio-8080-exec-9] c.u.backend.common.config.LogFilter      : URI=[/api/coordinadores]
2025-11-30T20:18:08.972-05:00 DEBUG 21128 --- [udipsai-backend] [nio-8080-exec-9] c.u.backend.common.config.LogFilter      : Method=[GET]
2025-11-30T20:18:08.975-05:00 DEBUG 21128 --- [udipsai-backend] [nio-8080-exec-9] c.u.backend.common.config.LogFilter      : Host Header=[localhost:8080]
2025-11-30T20:18:08.977-05:00 DEBUG 21128 --- [udipsai-backend] [nio-8080-exec-9] c.u.backend.common.config.LogFilter      : Server IP=[0:0:0:0:0:0:0:1]
2025-11-30T20:18:08.978-05:00 DEBUG 21128 --- [udipsai-backend] [nio-8080-exec-9] c.u.backend.common.config.LogFilter      : Content-Type=[null]
2025-11-30T20:18:08.978-05:00 DEBUG 21128 --- [udipsai-backend] [nio-8080-exec-9] c.u.backend.common.config.LogFilter      : User-Agent=[Mozilla/5.0 (Windows NT 10.0; Win64; x64) AppleWebKit/537.36 (KHTML, like Gecko) Chrome/142.0.0.0 Safari/537.36]
2025-11-30T20:18:08.980-05:00  INFO 21128 --- [udipsai-backend] [nio-8080-exec-9] c.u.b.a.service.UsuarioSecurityService   : loadUserByUsername()
2025-11-30T20:18:08.980-05:00  INFO 21128 --- [udipsai-backend] [nio-8080-exec-9] c.u.b.a.service.UsuarioSecurityService   : Cargando usuario con cédula 1234567890
Hibernate: 
    select
        ue1_0.id_usuario,
        ue1_0.apellidos,
        ue1_0.cedula,
        ue1_0.celular,
        ue1_0.contrasenia,
        ue1_0.email,
        ue1_0.estado,
        ue1_0.fecha_creacion,
        ue1_0.fecha_modificacion,
        ue1_0.nombres 
    from
        usuarios ue1_0 
    where
        ue1_0.cedula=?
Hibernate: 
    select
        ur1_0.id_usuario,
        ur1_0.id_rol,
        r1_0.id_rol,
        r1_0.estado,
        r1_0.nombre,
        ur1_0.estado,
        ur1_0.fecha_asignacion 
    from
        usuarios_roles ur1_0 
    join
        roles r1_0 
            on r1_0.id_rol=ur1_0.id_rol 
    where
        ur1_0.id_usuario=?
Hibernate: 
    select
        ua1_0.id_usuario,
        ua1_0.id_area,
        a1_0.id_area,
        a1_0.estado,
        a1_0.nombre,
        ua1_0.estado,
        ua1_0.fecha_asignacion 
    from
        usuarios_areas ua1_0 
    join
        areas a1_0 
            on a1_0.id_area=ua1_0.id_area 
    where
        ua1_0.id_usuario=?
2025-11-30T20:18:08.995-05:00  INFO 21128 --- [udipsai-backend] [nio-8080-exec-9] c.u.b.a.service.UsuarioSecurityService   : Usuario encontrado
2025-11-30T20:18:08.997-05:00 DEBUG 21128 --- [udipsai-backend] [nio-8080-exec-9] o.s.security.web.FilterChainProxy        : Secured GET /api/coordinadores?page=0&size=10
2025-11-30T20:18:08.997-05:00  INFO 21128 --- [udipsai-backend] [nio-8080-exec-9] c.u.b.u.service.CoordinadorService       : obtenerCoordinadores()
2025-11-30T20:18:08.997-05:00  INFO 21128 --- [udipsai-backend] [nio-8080-exec-9] c.u.b.u.service.CoordinadorService       : Obteniendo coordinadores activos
Hibernate: 
    select
        ce1_0.id_coordinador,
        ce1_0.estado,
        ce1_0.id_usuario 
    from
        coordinadores ce1_0 
    where
        ce1_0.estado in ('A', 'B') 
    offset
        ? rows 
    fetch
        first ? rows only
2025-11-30T20:18:09.003-05:00  INFO 21128 --- [udipsai-backend] [nio-8080-exec-9] c.u.b.u.service.CoordinadorService       : 200 OK: Coordinadores activos obtenidos correctamente
2025-11-30T20:18:09.006-05:00 DEBUG 21128 --- [udipsai-backend] [nio-8080-exec-9] c.u.backend.common.config.LogFilter      : Response Status=[200]
2025-11-30T20:18:16.798-05:00 DEBUG 21128 --- [udipsai-backend] [nio-8080-exec-3] o.s.security.web.FilterChainProxy        : Securing GET /api/secretarias?page=0&size=5
2025-11-30T20:18:16.800-05:00 DEBUG 21128 --- [udipsai-backend] [nio-8080-exec-5] o.s.security.web.FilterChainProxy        : Securing GET /api/areas
2025-11-30T20:18:16.813-05:00 DEBUG 21128 --- [udipsai-backend] [nio-8080-exec-3] c.u.backend.common.config.LogFilter      : ========== REQUEST DATA ==========
2025-11-30T20:18:16.813-05:00 DEBUG 21128 --- [udipsai-backend] [nio-8080-exec-5] c.u.backend.common.config.LogFilter      : ========== REQUEST DATA ==========
2025-11-30T20:18:16.814-05:00 DEBUG 21128 --- [udipsai-backend] [nio-8080-exec-3] c.u.backend.common.config.LogFilter      : Origin IP=[0:0:0:0:0:0:0:1]
2025-11-30T20:18:16.814-05:00 DEBUG 21128 --- [udipsai-backend] [nio-8080-exec-5] c.u.backend.common.config.LogFilter      : Origin IP=[0:0:0:0:0:0:0:1]
2025-11-30T20:18:16.815-05:00 DEBUG 21128 --- [udipsai-backend] [nio-8080-exec-3] c.u.backend.common.config.LogFilter      : URI=[/api/secretarias]
2025-11-30T20:18:16.815-05:00 DEBUG 21128 --- [udipsai-backend] [nio-8080-exec-5] c.u.backend.common.config.LogFilter      : URI=[/api/areas]
2025-11-30T20:18:16.815-05:00 DEBUG 21128 --- [udipsai-backend] [nio-8080-exec-3] c.u.backend.common.config.LogFilter      : Method=[GET]
2025-11-30T20:18:16.816-05:00 DEBUG 21128 --- [udipsai-backend] [nio-8080-exec-5] c.u.backend.common.config.LogFilter      : Method=[GET]
2025-11-30T20:18:16.816-05:00 DEBUG 21128 --- [udipsai-backend] [nio-8080-exec-3] c.u.backend.common.config.LogFilter      : Host Header=[localhost:8080]
2025-11-30T20:18:16.817-05:00 DEBUG 21128 --- [udipsai-backend] [nio-8080-exec-5] c.u.backend.common.config.LogFilter      : Host Header=[localhost:8080]
2025-11-30T20:18:16.818-05:00 DEBUG 21128 --- [udipsai-backend] [nio-8080-exec-3] c.u.backend.common.config.LogFilter      : Server IP=[0:0:0:0:0:0:0:1]
2025-11-30T20:18:16.818-05:00 DEBUG 21128 --- [udipsai-backend] [nio-8080-exec-5] c.u.backend.common.config.LogFilter      : Server IP=[0:0:0:0:0:0:0:1]
2025-11-30T20:18:16.819-05:00 DEBUG 21128 --- [udipsai-backend] [nio-8080-exec-3] c.u.backend.common.config.LogFilter      : Content-Type=[null]
2025-11-30T20:18:16.819-05:00 DEBUG 21128 --- [udipsai-backend] [nio-8080-exec-5] c.u.backend.common.config.LogFilter      : Content-Type=[null]
2025-11-30T20:18:16.819-05:00 DEBUG 21128 --- [udipsai-backend] [nio-8080-exec-3] c.u.backend.common.config.LogFilter      : User-Agent=[Mozilla/5.0 (Windows NT 10.0; Win64; x64) AppleWebKit/537.36 (KHTML, like Gecko) Chrome/142.0.0.0 Safari/537.36]
2025-11-30T20:18:16.820-05:00 DEBUG 21128 --- [udipsai-backend] [nio-8080-exec-5] c.u.backend.common.config.LogFilter      : User-Agent=[Mozilla/5.0 (Windows NT 10.0; Win64; x64) AppleWebKit/537.36 (KHTML, like Gecko) Chrome/142.0.0.0 Safari/537.36]
2025-11-30T20:18:16.820-05:00  INFO 21128 --- [udipsai-backend] [nio-8080-exec-3] c.u.b.a.service.UsuarioSecurityService   : loadUserByUsername()
2025-11-30T20:18:16.820-05:00  INFO 21128 --- [udipsai-backend] [nio-8080-exec-5] c.u.b.a.service.UsuarioSecurityService   : loadUserByUsername()
2025-11-30T20:18:16.820-05:00  INFO 21128 --- [udipsai-backend] [nio-8080-exec-3] c.u.b.a.service.UsuarioSecurityService   : Cargando usuario con cédula 1234567890
2025-11-30T20:18:16.820-05:00  INFO 21128 --- [udipsai-backend] [nio-8080-exec-5] c.u.b.a.service.UsuarioSecurityService   : Cargando usuario con cédula 1234567890
Hibernate: 
    select
        ue1_0.id_usuario,
        ue1_0.apellidos,
        ue1_0.cedula,
        ue1_0.celular,
        ue1_0.contrasenia,
        ue1_0.email,
        ue1_0.estado,
        ue1_0.fecha_creacion,
        ue1_0.fecha_modificacion,
        ue1_0.nombres 
    from
        usuarios ue1_0 
    where
        ue1_0.cedula=?
Hibernate: 
    select
        ue1_0.id_usuario,
        ue1_0.apellidos,
        ue1_0.cedula,
        ue1_0.celular,
        ue1_0.contrasenia,
        ue1_0.email,
        ue1_0.estado,
        ue1_0.fecha_creacion,
        ue1_0.fecha_modificacion,
        ue1_0.nombres 
    from
        usuarios ue1_0 
    where
        ue1_0.cedula=?
Hibernate: 
    select
        ur1_0.id_usuario,
        ur1_0.id_rol,
        r1_0.id_rol,
        r1_0.estado,
        r1_0.nombre,
        ur1_0.estado,
        ur1_0.fecha_asignacion 
    from
        usuarios_roles ur1_0 
    join
        roles r1_0 
            on r1_0.id_rol=ur1_0.id_rol 
    where
        ur1_0.id_usuario=?
Hibernate: 
    select
        ur1_0.id_usuario,
        ur1_0.id_rol,
        r1_0.id_rol,
        r1_0.estado,
        r1_0.nombre,
        ur1_0.estado,
        ur1_0.fecha_asignacion 
    from
        usuarios_roles ur1_0 
    join
        roles r1_0 
            on r1_0.id_rol=ur1_0.id_rol 
    where
        ur1_0.id_usuario=?
Hibernate: 
    select
        ua1_0.id_usuario,
        ua1_0.id_area,
        a1_0.id_area,
        a1_0.estado,
        a1_0.nombre,
        ua1_0.estado,
        ua1_0.fecha_asignacion 
    from
        usuarios_areas ua1_0 
    join
        areas a1_0 
            on a1_0.id_area=ua1_0.id_area 
    where
        ua1_0.id_usuario=?
Hibernate: 
    select
        ua1_0.id_usuario,
        ua1_0.id_area,
        a1_0.id_area,
        a1_0.estado,
        a1_0.nombre,
        ua1_0.estado,
        ua1_0.fecha_asignacion 
    from
        usuarios_areas ua1_0 
    join
        areas a1_0 
            on a1_0.id_area=ua1_0.id_area 
    where
        ua1_0.id_usuario=?
2025-11-30T20:18:16.835-05:00  INFO 21128 --- [udipsai-backend] [nio-8080-exec-5] c.u.b.a.service.UsuarioSecurityService   : Usuario encontrado
2025-11-30T20:18:16.835-05:00  INFO 21128 --- [udipsai-backend] [nio-8080-exec-3] c.u.b.a.service.UsuarioSecurityService   : Usuario encontrado
2025-11-30T20:18:16.837-05:00 DEBUG 21128 --- [udipsai-backend] [nio-8080-exec-3] o.s.security.web.FilterChainProxy        : Secured GET /api/secretarias?page=0&size=5
2025-11-30T20:18:16.837-05:00 DEBUG 21128 --- [udipsai-backend] [nio-8080-exec-5] o.s.security.web.FilterChainProxy        : Secured GET /api/areas
2025-11-30T20:18:16.838-05:00  INFO 21128 --- [udipsai-backend] [nio-8080-exec-5] c.u.b.usuarios.service.AreaService       : obtenerAreas()
2025-11-30T20:18:16.838-05:00  INFO 21128 --- [udipsai-backend] [nio-8080-exec-3] c.u.b.u.service.SecretariaService        : obtenerSecretarias()
2025-11-30T20:18:16.838-05:00  INFO 21128 --- [udipsai-backend] [nio-8080-exec-5] c.u.b.usuarios.service.AreaService       : Obteniendo todas las areas activas
2025-11-30T20:18:16.839-05:00  INFO 21128 --- [udipsai-backend] [nio-8080-exec-3] c.u.b.u.service.SecretariaService        : Obteniendo secretarias activas
Hibernate: 
    select
        se1_0.id_secretaria,
        se1_0.estado,
        se1_0.id_usuario 
    from
        secretarias se1_0 
    where
        se1_0.estado in ('A', 'B') 
    offset
        ? rows 
    fetch
        first ? rows only
Hibernate: 
    select
        ae1_0.id_area,
        ae1_0.estado,
        ae1_0.nombre 
    from
        areas ae1_0 
    where
        ae1_0.estado=?
2025-11-30T20:18:16.844-05:00  INFO 21128 --- [udipsai-backend] [nio-8080-exec-5] c.u.b.usuarios.service.AreaService       : 200 OK: Areas activas obtenidas correctamente
2025-11-30T20:18:16.847-05:00  INFO 21128 --- [udipsai-backend] [nio-8080-exec-3] c.u.b.u.service.SecretariaService        : 200 OK: Secretarias activas obtenidas correctamente
2025-11-30T20:18:16.847-05:00 DEBUG 21128 --- [udipsai-backend] [nio-8080-exec-5] c.u.backend.common.config.LogFilter      : Response Status=[200]
2025-11-30T20:18:16.849-05:00 DEBUG 21128 --- [udipsai-backend] [nio-8080-exec-3] c.u.backend.common.config.LogFilter      : Response Status=[200]
2025-11-30T20:18:24.911-05:00 DEBUG 21128 --- [udipsai-backend] [nio-8080-exec-4] o.s.security.web.FilterChainProxy        : Securing GET /api/citas?page=0&size=10
2025-11-30T20:18:24.926-05:00 DEBUG 21128 --- [udipsai-backend] [nio-8080-exec-4] c.u.backend.common.config.LogFilter      : ========== REQUEST DATA ==========
2025-11-30T20:18:24.927-05:00 DEBUG 21128 --- [udipsai-backend] [nio-8080-exec-4] c.u.backend.common.config.LogFilter      : Origin IP=[0:0:0:0:0:0:0:1]
2025-11-30T20:18:24.927-05:00 DEBUG 21128 --- [udipsai-backend] [nio-8080-exec-4] c.u.backend.common.config.LogFilter      : URI=[/api/citas]
2025-11-30T20:18:24.928-05:00 DEBUG 21128 --- [udipsai-backend] [nio-8080-exec-4] c.u.backend.common.config.LogFilter      : Method=[GET]
2025-11-30T20:18:24.928-05:00 DEBUG 21128 --- [udipsai-backend] [nio-8080-exec-4] c.u.backend.common.config.LogFilter      : Host Header=[localhost:8080]
2025-11-30T20:18:24.928-05:00 DEBUG 21128 --- [udipsai-backend] [nio-8080-exec-4] c.u.backend.common.config.LogFilter      : Server IP=[0:0:0:0:0:0:0:1]
2025-11-30T20:18:24.928-05:00 DEBUG 21128 --- [udipsai-backend] [nio-8080-exec-4] c.u.backend.common.config.LogFilter      : Content-Type=[null]
2025-11-30T20:18:24.929-05:00 DEBUG 21128 --- [udipsai-backend] [nio-8080-exec-4] c.u.backend.common.config.LogFilter      : User-Agent=[Mozilla/5.0 (Windows NT 10.0; Win64; x64) AppleWebKit/537.36 (KHTML, like Gecko) Chrome/142.0.0.0 Safari/537.36]
2025-11-30T20:18:24.930-05:00  INFO 21128 --- [udipsai-backend] [nio-8080-exec-4] c.u.b.a.service.UsuarioSecurityService   : loadUserByUsername()
2025-11-30T20:18:24.931-05:00  INFO 21128 --- [udipsai-backend] [nio-8080-exec-4] c.u.b.a.service.UsuarioSecurityService   : Cargando usuario con cédula 1234567890
Hibernate: 
    select
        ue1_0.id_usuario,
        ue1_0.apellidos,
        ue1_0.cedula,
        ue1_0.celular,
        ue1_0.contrasenia,
        ue1_0.email,
        ue1_0.estado,
        ue1_0.fecha_creacion,
        ue1_0.fecha_modificacion,
        ue1_0.nombres 
    from
        usuarios ue1_0 
    where
        ue1_0.cedula=?
Hibernate: 
    select
        ur1_0.id_usuario,
        ur1_0.id_rol,
        r1_0.id_rol,
        r1_0.estado,
        r1_0.nombre,
        ur1_0.estado,
        ur1_0.fecha_asignacion 
    from
        usuarios_roles ur1_0 
    join
        roles r1_0 
            on r1_0.id_rol=ur1_0.id_rol 
    where
        ur1_0.id_usuario=?
Hibernate: 
    select
        ua1_0.id_usuario,
        ua1_0.id_area,
        a1_0.id_area,
        a1_0.estado,
        a1_0.nombre,
        ua1_0.estado,
        ua1_0.fecha_asignacion 
    from
        usuarios_areas ua1_0 
    join
        areas a1_0 
            on a1_0.id_area=ua1_0.id_area 
    where
        ua1_0.id_usuario=?
2025-11-30T20:18:24.935-05:00  INFO 21128 --- [udipsai-backend] [nio-8080-exec-4] c.u.b.a.service.UsuarioSecurityService   : Usuario encontrado
2025-11-30T20:18:24.935-05:00 DEBUG 21128 --- [udipsai-backend] [nio-8080-exec-4] o.s.security.web.FilterChainProxy        : Secured GET /api/citas?page=0&size=10
2025-11-30T20:18:24.944-05:00  INFO 21128 --- [udipsai-backend] [nio-8080-exec-4] c.u.backend.citas.service.CitaService    : obtenerCitas()
2025-11-30T20:18:24.945-05:00  INFO 21128 --- [udipsai-backend] [nio-8080-exec-4] c.u.backend.citas.service.CitaService    : Obteniendo todas las Citas
Hibernate: 
    select
        ce1_0.id_cita,
        ce1_0.id_area,
        ce1_0.estado,
        ce1_0.fecha,
        ce1_0.fecha_creacion,
        ce1_0.fecha_modificacion,
        ce1_0.ficha_paciente,
        ce1_0.hora_fin,
        ce1_0.hora_inicio,
        ce1_0.id_profesional 
    from
        citas ce1_0 
    offset
        ? rows 
    fetch
        first ? rows only
2025-11-30T20:18:24.945-05:00 ERROR 21128 --- [udipsai-backend] [nio-8080-exec-4] c.u.b.c.e.GlobalExceptionHandler         : 404 NOT FOUND: Recurso no encontrado - No existen citas registradas
2025-11-30T20:18:24.945-05:00 DEBUG 21128 --- [udipsai-backend] [nio-8080-exec-4] c.u.backend.common.config.LogFilter      : Response Status=[404]
2025-11-30T20:18:24.945-05:00 DEBUG 21128 --- [udipsai-backend] [nio-8080-exec-8] o.s.security.web.FilterChainProxy        : Securing GET /api/citas?page=0&size=10
2025-11-30T20:18:24.945-05:00 DEBUG 21128 --- [udipsai-backend] [nio-8080-exec-8] c.u.backend.common.config.LogFilter      : ========== REQUEST DATA ==========
2025-11-30T20:18:24.945-05:00 DEBUG 21128 --- [udipsai-backend] [nio-8080-exec-8] c.u.backend.common.config.LogFilter      : Origin IP=[0:0:0:0:0:0:0:1]
2025-11-30T20:18:24.959-05:00 DEBUG 21128 --- [udipsai-backend] [nio-8080-exec-8] c.u.backend.common.config.LogFilter      : URI=[/api/citas]
2025-11-30T20:18:24.960-05:00 DEBUG 21128 --- [udipsai-backend] [nio-8080-exec-8] c.u.backend.common.config.LogFilter      : Method=[GET]
2025-11-30T20:18:24.961-05:00 DEBUG 21128 --- [udipsai-backend] [nio-8080-exec-8] c.u.backend.common.config.LogFilter      : Host Header=[localhost:8080]
2025-11-30T20:18:24.961-05:00 DEBUG 21128 --- [udipsai-backend] [nio-8080-exec-8] c.u.backend.common.config.LogFilter      : Server IP=[0:0:0:0:0:0:0:1]
2025-11-30T20:18:24.962-05:00 DEBUG 21128 --- [udipsai-backend] [nio-8080-exec-8] c.u.backend.common.config.LogFilter      : Content-Type=[null]
2025-11-30T20:18:24.962-05:00 DEBUG 21128 --- [udipsai-backend] [nio-8080-exec-8] c.u.backend.common.config.LogFilter      : User-Agent=[Mozilla/5.0 (Windows NT 10.0; Win64; x64) AppleWebKit/537.36 (KHTML, like Gecko) Chrome/142.0.0.0 Safari/537.36]
2025-11-30T20:18:24.962-05:00  INFO 21128 --- [udipsai-backend] [nio-8080-exec-8] c.u.b.a.service.UsuarioSecurityService   : loadUserByUsername()
2025-11-30T20:18:24.962-05:00  INFO 21128 --- [udipsai-backend] [nio-8080-exec-8] c.u.b.a.service.UsuarioSecurityService   : Cargando usuario con cédula 1234567890
Hibernate: 
    select
        ue1_0.id_usuario,
        ue1_0.apellidos,
        ue1_0.cedula,
        ue1_0.celular,
        ue1_0.contrasenia,
        ue1_0.email,
        ue1_0.estado,
        ue1_0.fecha_creacion,
        ue1_0.fecha_modificacion,
        ue1_0.nombres 
    from
        usuarios ue1_0 
    where
        ue1_0.cedula=?
Hibernate: 
    select
        ur1_0.id_usuario,
        ur1_0.id_rol,
        r1_0.id_rol,
        r1_0.estado,
        r1_0.nombre,
        ur1_0.estado,
        ur1_0.fecha_asignacion 
    from
        usuarios_roles ur1_0 
    join
        roles r1_0 
            on r1_0.id_rol=ur1_0.id_rol 
    where
        ur1_0.id_usuario=?
Hibernate: 
    select
        ua1_0.id_usuario,
        ua1_0.id_area,
        a1_0.id_area,
        a1_0.estado,
        a1_0.nombre,
        ua1_0.estado,
        ua1_0.fecha_asignacion 
    from
        usuarios_areas ua1_0 
    join
        areas a1_0 
            on a1_0.id_area=ua1_0.id_area 
    where
        ua1_0.id_usuario=?
2025-11-30T20:18:24.969-05:00  INFO 21128 --- [udipsai-backend] [nio-8080-exec-8] c.u.b.a.service.UsuarioSecurityService   : Usuario encontrado
2025-11-30T20:18:24.969-05:00 DEBUG 21128 --- [udipsai-backend] [nio-8080-exec-8] o.s.security.web.FilterChainProxy        : Secured GET /api/citas?page=0&size=10
2025-11-30T20:18:24.969-05:00  INFO 21128 --- [udipsai-backend] [nio-8080-exec-8] c.u.backend.citas.service.CitaService    : obtenerCitas()
2025-11-30T20:18:24.969-05:00  INFO 21128 --- [udipsai-backend] [nio-8080-exec-8] c.u.backend.citas.service.CitaService    : Obteniendo todas las Citas
Hibernate: 
    select
        ce1_0.id_cita,
        ce1_0.id_area,
        ce1_0.estado,
        ce1_0.fecha,
        ce1_0.fecha_creacion,
        ce1_0.fecha_modificacion,
        ce1_0.ficha_paciente,
        ce1_0.hora_fin,
        ce1_0.hora_inicio,
        ce1_0.id_profesional 
    from
        citas ce1_0 
    offset
        ? rows 
    fetch
        first ? rows only
2025-11-30T20:18:24.979-05:00 ERROR 21128 --- [udipsai-backend] [nio-8080-exec-8] c.u.b.c.e.GlobalExceptionHandler         : 404 NOT FOUND: Recurso no encontrado - No existen citas registradas
2025-11-30T20:18:24.982-05:00 DEBUG 21128 --- [udipsai-backend] [nio-8080-exec-8] c.u.backend.common.config.LogFilter      : Response Status=[404]
2025-11-30T20:18:26.598-05:00 DEBUG 21128 --- [udipsai-backend] [nio-8080-exec-7] o.s.security.web.FilterChainProxy        : Securing GET /api/pacientes?page=0&size=5
2025-11-30T20:18:26.601-05:00 DEBUG 21128 --- [udipsai-backend] [io-8080-exec-10] o.s.security.web.FilterChainProxy        : Securing GET /api/areas
2025-11-30T20:18:26.608-05:00 DEBUG 21128 --- [udipsai-backend] [nio-8080-exec-6] o.s.security.web.FilterChainProxy        : Securing GET /api/pacientes?page=0&size=10
2025-11-30T20:18:26.606-05:00 DEBUG 21128 --- [udipsai-backend] [nio-8080-exec-7] c.u.backend.common.config.LogFilter      : ========== REQUEST DATA ==========
2025-11-30T20:18:26.617-05:00 DEBUG 21128 --- [udipsai-backend] [nio-8080-exec-7] c.u.backend.common.config.LogFilter      : Origin IP=[0:0:0:0:0:0:0:1]
2025-11-30T20:18:26.610-05:00 DEBUG 21128 --- [udipsai-backend] [io-8080-exec-10] c.u.backend.common.config.LogFilter      : ========== REQUEST DATA ==========
2025-11-30T20:18:26.619-05:00 DEBUG 21128 --- [udipsai-backend] [io-8080-exec-10] c.u.backend.common.config.LogFilter      : Origin IP=[0:0:0:0:0:0:0:1]
2025-11-30T20:18:26.619-05:00 DEBUG 21128 --- [udipsai-backend] [nio-8080-exec-6] c.u.backend.common.config.LogFilter      : ========== REQUEST DATA ==========
2025-11-30T20:18:26.619-05:00 DEBUG 21128 --- [udipsai-backend] [nio-8080-exec-7] c.u.backend.common.config.LogFilter      : URI=[/api/pacientes]
2025-11-30T20:18:26.623-05:00 DEBUG 21128 --- [udipsai-backend] [io-8080-exec-10] c.u.backend.common.config.LogFilter      : URI=[/api/areas]
2025-11-30T20:18:26.623-05:00 DEBUG 21128 --- [udipsai-backend] [nio-8080-exec-6] c.u.backend.common.config.LogFilter      : Origin IP=[0:0:0:0:0:0:0:1]
2025-11-30T20:18:26.623-05:00 DEBUG 21128 --- [udipsai-backend] [nio-8080-exec-7] c.u.backend.common.config.LogFilter      : Method=[GET]
2025-11-30T20:18:26.626-05:00 DEBUG 21128 --- [udipsai-backend] [nio-8080-exec-7] c.u.backend.common.config.LogFilter      : Host Header=[localhost:8080]
2025-11-30T20:18:26.626-05:00 DEBUG 21128 --- [udipsai-backend] [nio-8080-exec-6] c.u.backend.common.config.LogFilter      : URI=[/api/pacientes]
2025-11-30T20:18:26.623-05:00 DEBUG 21128 --- [udipsai-backend] [io-8080-exec-10] c.u.backend.common.config.LogFilter      : Method=[GET]
2025-11-30T20:18:26.626-05:00 DEBUG 21128 --- [udipsai-backend] [nio-8080-exec-7] c.u.backend.common.config.LogFilter      : Server IP=[0:0:0:0:0:0:0:1]
2025-11-30T20:18:26.627-05:00 DEBUG 21128 --- [udipsai-backend] [nio-8080-exec-6] c.u.backend.common.config.LogFilter      : Method=[GET]
2025-11-30T20:18:26.627-05:00 DEBUG 21128 --- [udipsai-backend] [io-8080-exec-10] c.u.backend.common.config.LogFilter      : Host Header=[localhost:8080]
2025-11-30T20:18:26.629-05:00 DEBUG 21128 --- [udipsai-backend] [nio-8080-exec-7] c.u.backend.common.config.LogFilter      : Content-Type=[null]
2025-11-30T20:18:26.629-05:00 DEBUG 21128 --- [udipsai-backend] [nio-8080-exec-6] c.u.backend.common.config.LogFilter      : Host Header=[localhost:8080]
2025-11-30T20:18:26.629-05:00 DEBUG 21128 --- [udipsai-backend] [io-8080-exec-10] c.u.backend.common.config.LogFilter      : Server IP=[0:0:0:0:0:0:0:1]
2025-11-30T20:18:26.629-05:00 DEBUG 21128 --- [udipsai-backend] [nio-8080-exec-7] c.u.backend.common.config.LogFilter      : User-Agent=[Mozilla/5.0 (Windows NT 10.0; Win64; x64) AppleWebKit/537.36 (KHTML, like Gecko) Chrome/142.0.0.0 Safari/537.36]
2025-11-30T20:18:26.629-05:00 DEBUG 21128 --- [udipsai-backend] [nio-8080-exec-6] c.u.backend.common.config.LogFilter      : Server IP=[0:0:0:0:0:0:0:1]
2025-11-30T20:18:26.629-05:00 DEBUG 21128 --- [udipsai-backend] [io-8080-exec-10] c.u.backend.common.config.LogFilter      : Content-Type=[null]
2025-11-30T20:18:26.629-05:00 DEBUG 21128 --- [udipsai-backend] [nio-8080-exec-6] c.u.backend.common.config.LogFilter      : Content-Type=[null]
2025-11-30T20:18:26.629-05:00 DEBUG 21128 --- [udipsai-backend] [io-8080-exec-10] c.u.backend.common.config.LogFilter      : User-Agent=[Mozilla/5.0 (Windows NT 10.0; Win64; x64) AppleWebKit/537.36 (KHTML, like Gecko) Chrome/142.0.0.0 Safari/537.36]
2025-11-30T20:18:26.629-05:00 DEBUG 21128 --- [udipsai-backend] [nio-8080-exec-6] c.u.backend.common.config.LogFilter      : User-Agent=[Mozilla/5.0 (Windows NT 10.0; Win64; x64) AppleWebKit/537.36 (KHTML, like Gecko) Chrome/142.0.0.0 Safari/537.36]
2025-11-30T20:18:26.629-05:00  INFO 21128 --- [udipsai-backend] [nio-8080-exec-7] c.u.b.a.service.UsuarioSecurityService   : loadUserByUsername()
2025-11-30T20:18:26.629-05:00  INFO 21128 --- [udipsai-backend] [io-8080-exec-10] c.u.b.a.service.UsuarioSecurityService   : loadUserByUsername()
2025-11-30T20:18:26.629-05:00  INFO 21128 --- [udipsai-backend] [nio-8080-exec-6] c.u.b.a.service.UsuarioSecurityService   : loadUserByUsername()
2025-11-30T20:18:26.629-05:00  INFO 21128 --- [udipsai-backend] [nio-8080-exec-7] c.u.b.a.service.UsuarioSecurityService   : Cargando usuario con cédula 1234567890
2025-11-30T20:18:26.629-05:00  INFO 21128 --- [udipsai-backend] [io-8080-exec-10] c.u.b.a.service.UsuarioSecurityService   : Cargando usuario con cédula 1234567890
2025-11-30T20:18:26.629-05:00  INFO 21128 --- [udipsai-backend] [nio-8080-exec-6] c.u.b.a.service.UsuarioSecurityService   : Cargando usuario con cédula 1234567890
Hibernate: 
    select
        ue1_0.id_usuario,
        ue1_0.apellidos,
        ue1_0.cedula,
        ue1_0.celular,
        ue1_0.contrasenia,
        ue1_0.email,
        ue1_0.estado,
        ue1_0.fecha_creacion,
        ue1_0.fecha_modificacion,
        ue1_0.nombres 
    from
        usuarios ue1_0 
    where
        ue1_0.cedula=?
Hibernate: 
    select
        ue1_0.id_usuario,
        ue1_0.apellidos,
        ue1_0.cedula,
        ue1_0.celular,
        ue1_0.contrasenia,
        ue1_0.email,
        ue1_0.estado,
        ue1_0.fecha_creacion,
        ue1_0.fecha_modificacion,
        ue1_0.nombres 
    from
        usuarios ue1_0 
    where
        ue1_0.cedula=?
Hibernate: 
    select
        ue1_0.id_usuario,
        ue1_0.apellidos,
        ue1_0.cedula,
        ue1_0.celular,
        ue1_0.contrasenia,
        ue1_0.email,
        ue1_0.estado,
        ue1_0.fecha_creacion,
        ue1_0.fecha_modificacion,
        ue1_0.nombres 
    from
        usuarios ue1_0 
    where
        ue1_0.cedula=?
Hibernate: 
    select
        ur1_0.id_usuario,
        ur1_0.id_rol,
        r1_0.id_rol,
        r1_0.estado,
        r1_0.nombre,
        ur1_0.estado,
        ur1_0.fecha_asignacion 
    from
        usuarios_roles ur1_0 
    join
        roles r1_0 
            on r1_0.id_rol=ur1_0.id_rol 
    where
        ur1_0.id_usuario=?
Hibernate: 
    select
        ur1_0.id_usuario,
        ur1_0.id_rol,
        r1_0.id_rol,
        r1_0.estado,
        r1_0.nombre,
        ur1_0.estado,
        ur1_0.fecha_asignacion 
    from
        usuarios_roles ur1_0 
    join
        roles r1_0 
            on r1_0.id_rol=ur1_0.id_rol 
    where
        ur1_0.id_usuario=?
Hibernate: 
    select
        ur1_0.id_usuario,
        ur1_0.id_rol,
        r1_0.id_rol,
        r1_0.estado,
        r1_0.nombre,
        ur1_0.estado,
        ur1_0.fecha_asignacion 
    from
        usuarios_roles ur1_0 
    join
        roles r1_0 
            on r1_0.id_rol=ur1_0.id_rol 
    where
        ur1_0.id_usuario=?
Hibernate: 
    select
        ua1_0.id_usuario,
        ua1_0.id_area,
        a1_0.id_area,
        a1_0.estado,
        a1_0.nombre,
        ua1_0.estado,
        ua1_0.fecha_asignacion 
    from
        usuarios_areas ua1_0 
    join
        areas a1_0 
            on a1_0.id_area=ua1_0.id_area 
    where
        ua1_0.id_usuario=?
Hibernate: 
    select
        ua1_0.id_usuario,
        ua1_0.id_area,
        a1_0.id_area,
        a1_0.estado,
        a1_0.nombre,
        ua1_0.estado,
        ua1_0.fecha_asignacion 
    from
        usuarios_areas ua1_0 
    join
        areas a1_0 
            on a1_0.id_area=ua1_0.id_area 
    where
        ua1_0.id_usuario=?
Hibernate: 
    select
        ua1_0.id_usuario,
        ua1_0.id_area,
        a1_0.id_area,
        a1_0.estado,
        a1_0.nombre,
        ua1_0.estado,
        ua1_0.fecha_asignacion 
    from
        usuarios_areas ua1_0 
    join
        areas a1_0 
            on a1_0.id_area=ua1_0.id_area 
    where
        ua1_0.id_usuario=?
2025-11-30T20:18:26.629-05:00  INFO 21128 --- [udipsai-backend] [nio-8080-exec-7] c.u.b.a.service.UsuarioSecurityService   : Usuario encontrado
2025-11-30T20:18:26.629-05:00  INFO 21128 --- [udipsai-backend] [io-8080-exec-10] c.u.b.a.service.UsuarioSecurityService   : Usuario encontrado
2025-11-30T20:18:26.642-05:00  INFO 21128 --- [udipsai-backend] [nio-8080-exec-6] c.u.b.a.service.UsuarioSecurityService   : Usuario encontrado
2025-11-30T20:18:26.643-05:00 DEBUG 21128 --- [udipsai-backend] [nio-8080-exec-7] o.s.security.web.FilterChainProxy        : Secured GET /api/pacientes?page=0&size=5
2025-11-30T20:18:26.643-05:00 DEBUG 21128 --- [udipsai-backend] [io-8080-exec-10] o.s.security.web.FilterChainProxy        : Secured GET /api/areas
2025-11-30T20:18:26.644-05:00 DEBUG 21128 --- [udipsai-backend] [nio-8080-exec-6] o.s.security.web.FilterChainProxy        : Secured GET /api/pacientes?page=0&size=10
2025-11-30T20:18:26.645-05:00  INFO 21128 --- [udipsai-backend] [io-8080-exec-10] c.u.b.usuarios.service.AreaService       : obtenerAreas()
2025-11-30T20:18:26.645-05:00  INFO 21128 --- [udipsai-backend] [nio-8080-exec-7] c.u.b.citas.service.PacienteService      : obtenerPacientes()
2025-11-30T20:18:26.645-05:00  INFO 21128 --- [udipsai-backend] [io-8080-exec-10] c.u.b.usuarios.service.AreaService       : Obteniendo todas las areas activas
2025-11-30T20:18:26.646-05:00  INFO 21128 --- [udipsai-backend] [nio-8080-exec-7] c.u.b.citas.service.PacienteService      : Obteniendo todos los pacientes
2025-11-30T20:18:26.646-05:00  INFO 21128 --- [udipsai-backend] [nio-8080-exec-6] c.u.b.citas.service.PacienteService      : obtenerPacientes()
2025-11-30T20:18:26.647-05:00  INFO 21128 --- [udipsai-backend] [nio-8080-exec-6] c.u.b.citas.service.PacienteService      : Obteniendo todos los pacientes
Hibernate: 
    select
        ae1_0.id_area,
        ae1_0.estado,
        ae1_0.nombre 
    from
        areas ae1_0 
    where
        ae1_0.estado=?
Hibernate: 
    select
        pe1_0.id,
        pe1_0.anio_educacion,
        pe1_0.anotaciones,
        pe1_0.barrio,
        pe1_0.cedula,
        pe1_0.celular,
        pe1_0.ciudad,
        pe1_0.diagnostico,
        pe1_0.domicilio,
        pe1_0.edad,
        pe1_0.fecha_apertura,
        pe1_0.fecha_nacimiento,
        pe1_0.institucion_educativa,
        pe1_0.jornada,
        pe1_0.motivo_consulta,
        pe1_0.nombre_examinador,
        pe1_0.nombres_apellidos,
        pe1_0.observaciones,
        pe1_0.paralelo,
        pe1_0.pertenece_inclusion,
        pe1_0.portador_carnet,
        pe1_0.sector,
        pe1_0.telefono,
        pe1_0.telefono_institucion,
        pe1_0.tiene_discapacidad,
        pe1_0.tipo_institucion 
    from
        paciente pe1_0 
    order by
        pe1_0.id desc 
    offset
        ? rows 
    fetch
        first ? rows only
Hibernate: 
    select
        pe1_0.id,
        pe1_0.anio_educacion,
        pe1_0.anotaciones,
        pe1_0.barrio,
        pe1_0.cedula,
        pe1_0.celular,
        pe1_0.ciudad,
        pe1_0.diagnostico,
        pe1_0.domicilio,
        pe1_0.edad,
        pe1_0.fecha_apertura,
        pe1_0.fecha_nacimiento,
        pe1_0.institucion_educativa,
        pe1_0.jornada,
        pe1_0.motivo_consulta,
        pe1_0.nombre_examinador,
        pe1_0.nombres_apellidos,
        pe1_0.observaciones,
        pe1_0.paralelo,
        pe1_0.pertenece_inclusion,
        pe1_0.portador_carnet,
        pe1_0.sector,
        pe1_0.telefono,
        pe1_0.telefono_institucion,
        pe1_0.tiene_discapacidad,
        pe1_0.tipo_institucion 
    from
        paciente pe1_0 
    order by
        pe1_0.id desc 
    offset
        ? rows 
    fetch
        first ? rows only
2025-11-30T20:18:26.650-05:00  INFO 21128 --- [udipsai-backend] [io-8080-exec-10] c.u.b.usuarios.service.AreaService       : 200 OK: Areas activas obtenidas correctamente
2025-11-30T20:18:26.652-05:00 DEBUG 21128 --- [udipsai-backend] [io-8080-exec-10] c.u.backend.common.config.LogFilter      : Response Status=[200]
Hibernate: 
    select
        count(pe1_0.id) 
    from
        paciente pe1_0
2025-11-30T20:18:26.656-05:00  INFO 21128 --- [udipsai-backend] [nio-8080-exec-7] c.u.b.citas.service.PacienteService      : 200 OK: Pacientes obtenidos correctamente
Hibernate: 
    select
        count(pe1_0.id) 
    from
        paciente pe1_0
2025-11-30T20:18:26.667-05:00  INFO 21128 --- [udipsai-backend] [nio-8080-exec-6] c.u.b.citas.service.PacienteService      : 200 OK: Pacientes obtenidos correctamente
2025-11-30T20:18:26.669-05:00 DEBUG 21128 --- [udipsai-backend] [nio-8080-exec-7] c.u.backend.common.config.LogFilter      : Response Status=[200]
2025-11-30T20:18:26.670-05:00 DEBUG 21128 --- [udipsai-backend] [nio-8080-exec-6] c.u.backend.common.config.LogFilter      : Response Status=[200]
2025-11-30T20:18:48.699-05:00 DEBUG 21128 --- [udipsai-backend] [nio-8080-exec-5] o.s.security.web.FilterChainProxy        : Securing GET /api/pacientes?page=0&size=5
2025-11-30T20:18:48.703-05:00 DEBUG 21128 --- [udipsai-backend] [nio-8080-exec-3] o.s.security.web.FilterChainProxy        : Securing GET /api/areas
2025-11-30T20:18:48.703-05:00 DEBUG 21128 --- [udipsai-backend] [nio-8080-exec-5] c.u.backend.common.config.LogFilter      : ========== REQUEST DATA ==========
2025-11-30T20:18:48.703-05:00 DEBUG 21128 --- [udipsai-backend] [nio-8080-exec-4] o.s.security.web.FilterChainProxy        : Securing GET /api/pacientes?page=0&size=10
2025-11-30T20:18:48.706-05:00 DEBUG 21128 --- [udipsai-backend] [nio-8080-exec-5] c.u.backend.common.config.LogFilter      : Origin IP=[0:0:0:0:0:0:0:1]
2025-11-30T20:18:48.707-05:00 DEBUG 21128 --- [udipsai-backend] [nio-8080-exec-5] c.u.backend.common.config.LogFilter      : URI=[/api/pacientes]
2025-11-30T20:18:48.709-05:00 DEBUG 21128 --- [udipsai-backend] [nio-8080-exec-5] c.u.backend.common.config.LogFilter      : Method=[GET]
2025-11-30T20:18:48.707-05:00 DEBUG 21128 --- [udipsai-backend] [nio-8080-exec-3] c.u.backend.common.config.LogFilter      : ========== REQUEST DATA ==========
2025-11-30T20:18:48.708-05:00 DEBUG 21128 --- [udipsai-backend] [nio-8080-exec-4] c.u.backend.common.config.LogFilter      : ========== REQUEST DATA ==========
2025-11-30T20:18:48.711-05:00 DEBUG 21128 --- [udipsai-backend] [nio-8080-exec-3] c.u.backend.common.config.LogFilter      : Origin IP=[0:0:0:0:0:0:0:1]
2025-11-30T20:18:48.710-05:00 DEBUG 21128 --- [udipsai-backend] [nio-8080-exec-5] c.u.backend.common.config.LogFilter      : Host Header=[localhost:8080]
2025-11-30T20:18:48.712-05:00 DEBUG 21128 --- [udipsai-backend] [nio-8080-exec-3] c.u.backend.common.config.LogFilter      : URI=[/api/areas]
2025-11-30T20:18:48.711-05:00 DEBUG 21128 --- [udipsai-backend] [nio-8080-exec-4] c.u.backend.common.config.LogFilter      : Origin IP=[0:0:0:0:0:0:0:1]
2025-11-30T20:18:48.713-05:00 DEBUG 21128 --- [udipsai-backend] [nio-8080-exec-5] c.u.backend.common.config.LogFilter      : Server IP=[0:0:0:0:0:0:0:1]
2025-11-30T20:18:48.713-05:00 DEBUG 21128 --- [udipsai-backend] [nio-8080-exec-3] c.u.backend.common.config.LogFilter      : Method=[GET]
2025-11-30T20:18:48.714-05:00 DEBUG 21128 --- [udipsai-backend] [nio-8080-exec-4] c.u.backend.common.config.LogFilter      : URI=[/api/pacientes]
2025-11-30T20:18:48.714-05:00 DEBUG 21128 --- [udipsai-backend] [nio-8080-exec-5] c.u.backend.common.config.LogFilter      : Content-Type=[null]
2025-11-30T20:18:48.715-05:00 DEBUG 21128 --- [udipsai-backend] [nio-8080-exec-3] c.u.backend.common.config.LogFilter      : Host Header=[localhost:8080]
2025-11-30T20:18:48.715-05:00 DEBUG 21128 --- [udipsai-backend] [nio-8080-exec-4] c.u.backend.common.config.LogFilter      : Method=[GET]
2025-11-30T20:18:48.716-05:00 DEBUG 21128 --- [udipsai-backend] [nio-8080-exec-5] c.u.backend.common.config.LogFilter      : User-Agent=[Mozilla/5.0 (Windows NT 10.0; Win64; x64) AppleWebKit/537.36 (KHTML, like Gecko) Chrome/142.0.0.0 Safari/537.36]
2025-11-30T20:18:48.716-05:00 DEBUG 21128 --- [udipsai-backend] [nio-8080-exec-3] c.u.backend.common.config.LogFilter      : Server IP=[0:0:0:0:0:0:0:1]
2025-11-30T20:18:48.717-05:00 DEBUG 21128 --- [udipsai-backend] [nio-8080-exec-4] c.u.backend.common.config.LogFilter      : Host Header=[localhost:8080]
2025-11-30T20:18:48.718-05:00 DEBUG 21128 --- [udipsai-backend] [nio-8080-exec-3] c.u.backend.common.config.LogFilter      : Content-Type=[null]
2025-11-30T20:18:48.718-05:00  INFO 21128 --- [udipsai-backend] [nio-8080-exec-5] c.u.b.a.service.UsuarioSecurityService   : loadUserByUsername()
2025-11-30T20:18:48.718-05:00 DEBUG 21128 --- [udipsai-backend] [nio-8080-exec-4] c.u.backend.common.config.LogFilter      : Server IP=[0:0:0:0:0:0:0:1]
2025-11-30T20:18:48.718-05:00 DEBUG 21128 --- [udipsai-backend] [nio-8080-exec-3] c.u.backend.common.config.LogFilter      : User-Agent=[Mozilla/5.0 (Windows NT 10.0; Win64; x64) AppleWebKit/537.36 (KHTML, like Gecko) Chrome/142.0.0.0 Safari/537.36]
2025-11-30T20:18:48.719-05:00  INFO 21128 --- [udipsai-backend] [nio-8080-exec-5] c.u.b.a.service.UsuarioSecurityService   : Cargando usuario con cédula 1234567890
2025-11-30T20:18:48.719-05:00 DEBUG 21128 --- [udipsai-backend] [nio-8080-exec-4] c.u.backend.common.config.LogFilter      : Content-Type=[null]
2025-11-30T20:18:48.720-05:00  INFO 21128 --- [udipsai-backend] [nio-8080-exec-3] c.u.b.a.service.UsuarioSecurityService   : loadUserByUsername()
2025-11-30T20:18:48.721-05:00 DEBUG 21128 --- [udipsai-backend] [nio-8080-exec-4] c.u.backend.common.config.LogFilter      : User-Agent=[Mozilla/5.0 (Windows NT 10.0; Win64; x64) AppleWebKit/537.36 (KHTML, like Gecko) Chrome/142.0.0.0 Safari/537.36]
2025-11-30T20:18:48.721-05:00  INFO 21128 --- [udipsai-backend] [nio-8080-exec-3] c.u.b.a.service.UsuarioSecurityService   : Cargando usuario con cédula 1234567890
2025-11-30T20:18:48.722-05:00  INFO 21128 --- [udipsai-backend] [nio-8080-exec-4] c.u.b.a.service.UsuarioSecurityService   : loadUserByUsername()
Hibernate: 
    select
        ue1_0.id_usuario,
        ue1_0.apellidos,
        ue1_0.cedula,
        ue1_0.celular,
        ue1_0.contrasenia,
        ue1_0.email,
        ue1_0.estado,
        ue1_0.fecha_creacion,
        ue1_0.fecha_modificacion,
        ue1_0.nombres 
    from
        usuarios ue1_0 
    where
        ue1_0.cedula=?
2025-11-30T20:18:48.723-05:00  INFO 21128 --- [udipsai-backend] [nio-8080-exec-4] c.u.b.a.service.UsuarioSecurityService   : Cargando usuario con cédula 1234567890
Hibernate: 
    select
        ue1_0.id_usuario,
        ue1_0.apellidos,
        ue1_0.cedula,
        ue1_0.celular,
        ue1_0.contrasenia,
        ue1_0.email,
        ue1_0.estado,
        ue1_0.fecha_creacion,
        ue1_0.fecha_modificacion,
        ue1_0.nombres 
    from
        usuarios ue1_0 
    where
        ue1_0.cedula=?
Hibernate: 
    select
        ur1_0.id_usuario,
        ur1_0.id_rol,
        r1_0.id_rol,
        r1_0.estado,
        r1_0.nombre,
        ur1_0.estado,
        ur1_0.fecha_asignacion 
    from
        usuarios_roles ur1_0 
    join
        roles r1_0 
            on r1_0.id_rol=ur1_0.id_rol 
    where
        ur1_0.id_usuario=?
Hibernate: 
    select
        ur1_0.id_usuario,
        ur1_0.id_rol,
        r1_0.id_rol,
        r1_0.estado,
        r1_0.nombre,
        ur1_0.estado,
        ur1_0.fecha_asignacion 
    from
        usuarios_roles ur1_0 
    join
        roles r1_0 
            on r1_0.id_rol=ur1_0.id_rol 
    where
        ur1_0.id_usuario=?
Hibernate: 
    select
        ue1_0.id_usuario,
        ue1_0.apellidos,
        ue1_0.cedula,
        ue1_0.celular,
        ue1_0.contrasenia,
        ue1_0.email,
        ue1_0.estado,
        ue1_0.fecha_creacion,
        ue1_0.fecha_modificacion,
        ue1_0.nombres 
    from
        usuarios ue1_0 
    where
        ue1_0.cedula=?
Hibernate: 
    select
        ua1_0.id_usuario,
        ua1_0.id_area,
        a1_0.id_area,
        a1_0.estado,
        a1_0.nombre,
        ua1_0.estado,
        ua1_0.fecha_asignacion 
    from
        usuarios_areas ua1_0 
    join
        areas a1_0 
            on a1_0.id_area=ua1_0.id_area 
    where
        ua1_0.id_usuario=?
Hibernate: 
    select
        ua1_0.id_usuario,
        ua1_0.id_area,
        a1_0.id_area,
        a1_0.estado,
        a1_0.nombre,
        ua1_0.estado,
        ua1_0.fecha_asignacion 
    from
        usuarios_areas ua1_0 
    join
        areas a1_0 
            on a1_0.id_area=ua1_0.id_area 
    where
        ua1_0.id_usuario=?
Hibernate: 
    select
        ur1_0.id_usuario,
        ur1_0.id_rol,
        r1_0.id_rol,
        r1_0.estado,
        r1_0.nombre,
        ur1_0.estado,
        ur1_0.fecha_asignacion 
    from
        usuarios_roles ur1_0 
    join
        roles r1_0 
            on r1_0.id_rol=ur1_0.id_rol 
    where
        ur1_0.id_usuario=?
2025-11-30T20:18:48.731-05:00  INFO 21128 --- [udipsai-backend] [nio-8080-exec-3] c.u.b.a.service.UsuarioSecurityService   : Usuario encontrado
2025-11-30T20:18:48.731-05:00  INFO 21128 --- [udipsai-backend] [nio-8080-exec-5] c.u.b.a.service.UsuarioSecurityService   : Usuario encontrado
2025-11-30T20:18:48.732-05:00 DEBUG 21128 --- [udipsai-backend] [nio-8080-exec-3] o.s.security.web.FilterChainProxy        : Secured GET /api/areas
2025-11-30T20:18:48.732-05:00 DEBUG 21128 --- [udipsai-backend] [nio-8080-exec-5] o.s.security.web.FilterChainProxy        : Secured GET /api/pacientes?page=0&size=5
Hibernate: 
    select
        ua1_0.id_usuario,
        ua1_0.id_area,
        a1_0.id_area,
        a1_0.estado,
        a1_0.nombre,
        ua1_0.estado,
        ua1_0.fecha_asignacion 
    from
        usuarios_areas ua1_0 
    join
        areas a1_0 
            on a1_0.id_area=ua1_0.id_area 
    where
        ua1_0.id_usuario=?
2025-11-30T20:18:48.734-05:00  INFO 21128 --- [udipsai-backend] [nio-8080-exec-3] c.u.b.usuarios.service.AreaService       : obtenerAreas()
2025-11-30T20:18:48.734-05:00  INFO 21128 --- [udipsai-backend] [nio-8080-exec-3] c.u.b.usuarios.service.AreaService       : Obteniendo todas las areas activas
2025-11-30T20:18:48.735-05:00  INFO 21128 --- [udipsai-backend] [nio-8080-exec-5] c.u.b.citas.service.PacienteService      : obtenerPacientes()
2025-11-30T20:18:48.735-05:00  INFO 21128 --- [udipsai-backend] [nio-8080-exec-4] c.u.b.a.service.UsuarioSecurityService   : Usuario encontrado
2025-11-30T20:18:48.735-05:00  INFO 21128 --- [udipsai-backend] [nio-8080-exec-5] c.u.b.citas.service.PacienteService      : Obteniendo todos los pacientes
2025-11-30T20:18:48.737-05:00 DEBUG 21128 --- [udipsai-backend] [nio-8080-exec-4] o.s.security.web.FilterChainProxy        : Secured GET /api/pacientes?page=0&size=10
Hibernate: 
    select
        ae1_0.id_area,
        ae1_0.estado,
        ae1_0.nombre 
    from
        areas ae1_0 
    where
        ae1_0.estado=?
2025-11-30T20:18:48.739-05:00  INFO 21128 --- [udipsai-backend] [nio-8080-exec-4] c.u.b.citas.service.PacienteService      : obtenerPacientes()
Hibernate: 
    select
        pe1_0.id,
        pe1_0.anio_educacion,
        pe1_0.anotaciones,
        pe1_0.barrio,
        pe1_0.cedula,
        pe1_0.celular,
        pe1_0.ciudad,
        pe1_0.diagnostico,
        pe1_0.domicilio,
        pe1_0.edad,
        pe1_0.fecha_apertura,
        pe1_0.fecha_nacimiento,
        pe1_0.institucion_educativa,
        pe1_0.jornada,
        pe1_0.motivo_consulta,
        pe1_0.nombre_examinador,
        pe1_0.nombres_apellidos,
        pe1_0.observaciones,
        pe1_0.paralelo,
        pe1_0.pertenece_inclusion,
        pe1_0.portador_carnet,
        pe1_0.sector,
        pe1_0.telefono,
        pe1_0.telefono_institucion,
        pe1_0.tiene_discapacidad,
        pe1_0.tipo_institucion 
    from
        paciente pe1_0 
    order by
        pe1_0.id desc 
    offset
        ? rows 
    fetch
        first ? rows only
2025-11-30T20:18:48.739-05:00  INFO 21128 --- [udipsai-backend] [nio-8080-exec-4] c.u.b.citas.service.PacienteService      : Obteniendo todos los pacientes
2025-11-30T20:18:48.741-05:00  INFO 21128 --- [udipsai-backend] [nio-8080-exec-3] c.u.b.usuarios.service.AreaService       : 200 OK: Areas activas obtenidas correctamente
2025-11-30T20:18:48.748-05:00 DEBUG 21128 --- [udipsai-backend] [nio-8080-exec-3] c.u.backend.common.config.LogFilter      : Response Status=[200]
Hibernate: 
    select
        pe1_0.id,
        pe1_0.anio_educacion,
        pe1_0.anotaciones,
        pe1_0.barrio,
        pe1_0.cedula,
        pe1_0.celular,
        pe1_0.ciudad,
        pe1_0.diagnostico,
        pe1_0.domicilio,
        pe1_0.edad,
        pe1_0.fecha_apertura,
        pe1_0.fecha_nacimiento,
        pe1_0.institucion_educativa,
        pe1_0.jornada,
        pe1_0.motivo_consulta,
        pe1_0.nombre_examinador,
        pe1_0.nombres_apellidos,
        pe1_0.observaciones,
        pe1_0.paralelo,
        pe1_0.pertenece_inclusion,
        pe1_0.portador_carnet,
        pe1_0.sector,
        pe1_0.telefono,
        pe1_0.telefono_institucion,
        pe1_0.tiene_discapacidad,
        pe1_0.tipo_institucion 
    from
        paciente pe1_0 
    order by
        pe1_0.id desc 
    offset
        ? rows 
    fetch
        first ? rows only
Hibernate: 
    select
        count(pe1_0.id) 
    from
        paciente pe1_0
2025-11-30T20:18:48.755-05:00  INFO 21128 --- [udipsai-backend] [nio-8080-exec-5] c.u.b.citas.service.PacienteService      : 200 OK: Pacientes obtenidos correctamente
Hibernate: 
    select
        count(pe1_0.id) 
    from
        paciente pe1_0
2025-11-30T20:18:48.758-05:00 DEBUG 21128 --- [udipsai-backend] [nio-8080-exec-5] c.u.backend.common.config.LogFilter      : Response Status=[200]
2025-11-30T20:18:48.762-05:00  INFO 21128 --- [udipsai-backend] [nio-8080-exec-4] c.u.b.citas.service.PacienteService      : 200 OK: Pacientes obtenidos correctamente
2025-11-30T20:18:48.764-05:00 DEBUG 21128 --- [udipsai-backend] [nio-8080-exec-4] c.u.backend.common.config.LogFilter      : Response Status=[200]
2025-11-30T21:41:50.252-05:00  WARN 21128 --- [udipsai-backend] [l-1 housekeeper] com.zaxxer.hikari.pool.HikariPool        : HikariPool-1 - Thread starvation or clock leap detected (housekeeper delta=1h7m48s481ms981�s100ns).
2025-11-30T23:40:25.181-05:00  WARN 21128 --- [udipsai-backend] [l-1 housekeeper] com.zaxxer.hikari.pool.HikariPool        : HikariPool-1 - Thread starvation or clock leap detected (housekeeper delta=42m3s608ms458�s).
2025-12-01T03:10:28.553-05:00  WARN 21128 --- [udipsai-backend] [l-1 housekeeper] com.zaxxer.hikari.pool.HikariPool        : HikariPool-1 - Thread starvation or clock leap detected (housekeeper delta=3h22s850ms776�s300ns).
